[0.176s] DEBUG:colcon:Command line arguments: ['/usr/bin/colcon', 'build']
[0.176s] DEBUG:colcon:Parsed command line arguments: Namespace(log_base=None, log_level=None, verb_name='build', build_base='build', install_base='install', merge_install=False, symlink_install=False, test_result_base=None, continue_on_error=False, executor='parallel', parallel_workers=28, event_handlers=None, ignore_user_meta=False, metas=['./colcon.meta'], base_paths=['.'], packages_ignore=None, packages_ignore_regex=None, paths=None, packages_up_to=None, packages_up_to_regex=None, packages_above=None, packages_above_and_dependencies=None, packages_above_depth=None, packages_select_by_dep=None, packages_skip_by_dep=None, packages_skip_up_to=None, packages_select_build_failed=False, packages_skip_build_finished=False, packages_select_test_failures=False, packages_skip_test_passed=False, packages_select=None, packages_skip=None, packages_select_regex=None, packages_skip_regex=None, packages_start=None, packages_end=None, cmake_args=None, cmake_target=None, cmake_target_skip_unavailable=False, cmake_clean_cache=False, cmake_clean_first=False, cmake_force_configure=False, ament_cmake_args=None, catkin_cmake_args=None, catkin_skip_building_tests=False, mixin_files=None, mixin=None, verb_parser=<colcon_mixin.mixin.mixin_argument.MixinArgumentDecorator object at 0x72cc77b8d840>, verb_extension=<colcon_core.verb.build.BuildVerb object at 0x72cc77b8d2d0>, main=<bound method BuildVerb.main of <colcon_core.verb.build.BuildVerb object at 0x72cc77b8d2d0>>, mixin_verb=('build',))
[0.389s] Level 1:colcon.colcon_core.package_discovery:discover_packages(colcon_meta) check parameters
[0.390s] INFO:colcon.colcon_metadata.package_discovery.colcon_meta:Using configuration from '/root/.colcon/metadata/default/Gazebo.meta'
[0.391s] INFO:colcon.colcon_metadata.package_discovery.colcon_meta:Using configuration from '/root/.colcon/metadata/default/fastdds.meta'
[0.391s] INFO:colcon.colcon_metadata.package_discovery.colcon_meta:Using configuration from '/root/.colcon/metadata/default/fastrtps.meta'
[0.391s] Level 1:colcon.colcon_core.package_discovery:discover_packages(recursive) check parameters
[0.391s] Level 1:colcon.colcon_core.package_discovery:discover_packages(ignore) check parameters
[0.391s] Level 1:colcon.colcon_core.package_discovery:discover_packages(path) check parameters
[0.391s] Level 1:colcon.colcon_core.package_discovery:discover_packages(colcon_meta) discover
[0.391s] Level 1:colcon.colcon_core.package_discovery:discover_packages(recursive) discover
[0.391s] INFO:colcon.colcon_core.package_discovery:Crawling recursively for packages in '/root/ros2_ws'
[0.391s] Level 1:colcon.colcon_core.package_identification:_identify(.) by extensions ['ignore', 'ignore_ament_install']
[0.391s] Level 1:colcon.colcon_core.package_identification:_identify(.) by extension 'ignore'
[0.392s] Level 1:colcon.colcon_core.package_identification:_identify(.) by extension 'ignore_ament_install'
[0.392s] Level 1:colcon.colcon_core.package_identification:_identify(.) by extensions ['colcon_pkg']
[0.392s] Level 1:colcon.colcon_core.package_identification:_identify(.) by extension 'colcon_pkg'
[0.392s] Level 1:colcon.colcon_core.package_identification:_identify(.) by extensions ['colcon_meta']
[0.392s] Level 1:colcon.colcon_core.package_identification:_identify(.) by extension 'colcon_meta'
[0.392s] Level 1:colcon.colcon_core.package_identification:_identify(.) by extensions ['ros']
[0.392s] Level 1:colcon.colcon_core.package_identification:_identify(.) by extension 'ros'
[0.408s] Level 1:colcon.colcon_core.package_identification:_identify(.) by extensions ['cmake', 'python']
[0.408s] Level 1:colcon.colcon_core.package_identification:_identify(.) by extension 'cmake'
[0.408s] Level 1:colcon.colcon_core.package_identification:_identify(.) by extension 'python'
[0.408s] Level 1:colcon.colcon_core.package_identification:_identify(.) by extensions ['python_setup_py']
[0.408s] Level 1:colcon.colcon_core.package_identification:_identify(.) by extension 'python_setup_py'
[0.408s] Level 1:colcon.colcon_core.package_identification:_identify(build) by extensions ['ignore', 'ignore_ament_install']
[0.408s] Level 1:colcon.colcon_core.package_identification:_identify(build) by extension 'ignore'
[0.408s] Level 1:colcon.colcon_core.package_identification:_identify(build) ignored
[0.409s] Level 1:colcon.colcon_core.package_identification:_identify(install) by extensions ['ignore', 'ignore_ament_install']
[0.409s] Level 1:colcon.colcon_core.package_identification:_identify(install) by extension 'ignore'
[0.409s] Level 1:colcon.colcon_core.package_identification:_identify(install) ignored
[0.409s] Level 1:colcon.colcon_core.package_identification:_identify(launch) by extensions ['ignore', 'ignore_ament_install']
[0.409s] Level 1:colcon.colcon_core.package_identification:_identify(launch) by extension 'ignore'
[0.409s] Level 1:colcon.colcon_core.package_identification:_identify(launch) by extension 'ignore_ament_install'
[0.409s] Level 1:colcon.colcon_core.package_identification:_identify(launch) by extensions ['colcon_pkg']
[0.409s] Level 1:colcon.colcon_core.package_identification:_identify(launch) by extension 'colcon_pkg'
[0.409s] Level 1:colcon.colcon_core.package_identification:_identify(launch) by extensions ['colcon_meta']
[0.409s] Level 1:colcon.colcon_core.package_identification:_identify(launch) by extension 'colcon_meta'
[0.409s] Level 1:colcon.colcon_core.package_identification:_identify(launch) by extensions ['ros']
[0.409s] Level 1:colcon.colcon_core.package_identification:_identify(launch) by extension 'ros'
[0.409s] Level 1:colcon.colcon_core.package_identification:_identify(launch) by extensions ['cmake', 'python']
[0.409s] Level 1:colcon.colcon_core.package_identification:_identify(launch) by extension 'cmake'
[0.409s] Level 1:colcon.colcon_core.package_identification:_identify(launch) by extension 'python'
[0.409s] Level 1:colcon.colcon_core.package_identification:_identify(launch) by extensions ['python_setup_py']
[0.409s] Level 1:colcon.colcon_core.package_identification:_identify(launch) by extension 'python_setup_py'
[0.409s] Level 1:colcon.colcon_core.package_identification:_identify(launch/__pycache__) by extensions ['ignore', 'ignore_ament_install']
[0.409s] Level 1:colcon.colcon_core.package_identification:_identify(launch/__pycache__) by extension 'ignore'
[0.410s] Level 1:colcon.colcon_core.package_identification:_identify(launch/__pycache__) by extension 'ignore_ament_install'
[0.410s] Level 1:colcon.colcon_core.package_identification:_identify(launch/__pycache__) by extensions ['colcon_pkg']
[0.410s] Level 1:colcon.colcon_core.package_identification:_identify(launch/__pycache__) by extension 'colcon_pkg'
[0.410s] Level 1:colcon.colcon_core.package_identification:_identify(launch/__pycache__) by extensions ['colcon_meta']
[0.410s] Level 1:colcon.colcon_core.package_identification:_identify(launch/__pycache__) by extension 'colcon_meta'
[0.410s] Level 1:colcon.colcon_core.package_identification:_identify(launch/__pycache__) by extensions ['ros']
[0.410s] Level 1:colcon.colcon_core.package_identification:_identify(launch/__pycache__) by extension 'ros'
[0.410s] Level 1:colcon.colcon_core.package_identification:_identify(launch/__pycache__) by extensions ['cmake', 'python']
[0.410s] Level 1:colcon.colcon_core.package_identification:_identify(launch/__pycache__) by extension 'cmake'
[0.410s] Level 1:colcon.colcon_core.package_identification:_identify(launch/__pycache__) by extension 'python'
[0.410s] Level 1:colcon.colcon_core.package_identification:_identify(launch/__pycache__) by extensions ['python_setup_py']
[0.410s] Level 1:colcon.colcon_core.package_identification:_identify(launch/__pycache__) by extension 'python_setup_py'
[0.410s] Level 1:colcon.colcon_core.package_identification:_identify(log) by extensions ['ignore', 'ignore_ament_install']
[0.410s] Level 1:colcon.colcon_core.package_identification:_identify(log) by extension 'ignore'
[0.410s] Level 1:colcon.colcon_core.package_identification:_identify(log) ignored
[0.410s] Level 1:colcon.colcon_core.package_identification:_identify(src) by extensions ['ignore', 'ignore_ament_install']
[0.410s] Level 1:colcon.colcon_core.package_identification:_identify(src) by extension 'ignore'
[0.410s] Level 1:colcon.colcon_core.package_identification:_identify(src) by extension 'ignore_ament_install'
[0.410s] Level 1:colcon.colcon_core.package_identification:_identify(src) by extensions ['colcon_pkg']
[0.410s] Level 1:colcon.colcon_core.package_identification:_identify(src) by extension 'colcon_pkg'
[0.411s] Level 1:colcon.colcon_core.package_identification:_identify(src) by extensions ['colcon_meta']
[0.411s] Level 1:colcon.colcon_core.package_identification:_identify(src) by extension 'colcon_meta'
[0.411s] Level 1:colcon.colcon_core.package_identification:_identify(src) by extensions ['ros']
[0.411s] Level 1:colcon.colcon_core.package_identification:_identify(src) by extension 'ros'
[0.411s] Level 1:colcon.colcon_core.package_identification:_identify(src) by extensions ['cmake', 'python']
[0.411s] Level 1:colcon.colcon_core.package_identification:_identify(src) by extension 'cmake'
[0.411s] Level 1:colcon.colcon_core.package_identification:_identify(src) by extension 'python'
[0.411s] Level 1:colcon.colcon_core.package_identification:_identify(src) by extensions ['python_setup_py']
[0.411s] Level 1:colcon.colcon_core.package_identification:_identify(src) by extension 'python_setup_py'
[0.411s] Level 1:colcon.colcon_core.package_identification:_identify(src/action_tutorials_interfaces) by extensions ['ignore', 'ignore_ament_install']
[0.411s] Level 1:colcon.colcon_core.package_identification:_identify(src/action_tutorials_interfaces) by extension 'ignore'
[0.411s] Level 1:colcon.colcon_core.package_identification:_identify(src/action_tutorials_interfaces) by extension 'ignore_ament_install'
[0.411s] Level 1:colcon.colcon_core.package_identification:_identify(src/action_tutorials_interfaces) by extensions ['colcon_pkg']
[0.411s] Level 1:colcon.colcon_core.package_identification:_identify(src/action_tutorials_interfaces) by extension 'colcon_pkg'
[0.411s] Level 1:colcon.colcon_core.package_identification:_identify(src/action_tutorials_interfaces) by extensions ['colcon_meta']
[0.411s] Level 1:colcon.colcon_core.package_identification:_identify(src/action_tutorials_interfaces) by extension 'colcon_meta'
[0.411s] Level 1:colcon.colcon_core.package_identification:_identify(src/action_tutorials_interfaces) by extensions ['ros']
[0.411s] Level 1:colcon.colcon_core.package_identification:_identify(src/action_tutorials_interfaces) by extension 'ros'
[0.415s] DEBUG:colcon.colcon_core.package_identification:Package 'src/action_tutorials_interfaces' with type 'ros.ament_cmake' and name 'action_tutorials_interfaces'
[0.415s] Level 1:colcon.colcon_core.package_identification:_identify(src/task1) by extensions ['ignore', 'ignore_ament_install']
[0.415s] Level 1:colcon.colcon_core.package_identification:_identify(src/task1) by extension 'ignore'
[0.415s] Level 1:colcon.colcon_core.package_identification:_identify(src/task1) by extension 'ignore_ament_install'
[0.415s] Level 1:colcon.colcon_core.package_identification:_identify(src/task1) by extensions ['colcon_pkg']
[0.415s] Level 1:colcon.colcon_core.package_identification:_identify(src/task1) by extension 'colcon_pkg'
[0.415s] Level 1:colcon.colcon_core.package_identification:_identify(src/task1) by extensions ['colcon_meta']
[0.415s] Level 1:colcon.colcon_core.package_identification:_identify(src/task1) by extension 'colcon_meta'
[0.415s] Level 1:colcon.colcon_core.package_identification:_identify(src/task1) by extensions ['ros']
[0.415s] Level 1:colcon.colcon_core.package_identification:_identify(src/task1) by extension 'ros'
[0.416s] DEBUG:colcon.colcon_core.package_identification:Package 'src/task1' with type 'ros.ament_python' and name 'task1'
[0.416s] Level 1:colcon.colcon_core.package_identification:_identify(src/task2) by extensions ['ignore', 'ignore_ament_install']
[0.416s] Level 1:colcon.colcon_core.package_identification:_identify(src/task2) by extension 'ignore'
[0.416s] Level 1:colcon.colcon_core.package_identification:_identify(src/task2) by extension 'ignore_ament_install'
[0.417s] Level 1:colcon.colcon_core.package_identification:_identify(src/task2) by extensions ['colcon_pkg']
[0.417s] Level 1:colcon.colcon_core.package_identification:_identify(src/task2) by extension 'colcon_pkg'
[0.417s] Level 1:colcon.colcon_core.package_identification:_identify(src/task2) by extensions ['colcon_meta']
[0.417s] Level 1:colcon.colcon_core.package_identification:_identify(src/task2) by extension 'colcon_meta'
[0.417s] Level 1:colcon.colcon_core.package_identification:_identify(src/task2) by extensions ['ros']
[0.417s] Level 1:colcon.colcon_core.package_identification:_identify(src/task2) by extension 'ros'
[0.417s] DEBUG:colcon.colcon_core.package_identification:Package 'src/task2' with type 'ros.ament_cmake' and name 'task2'
[0.418s] Level 1:colcon.colcon_core.package_identification:_identify(src/task2_tester) by extensions ['ignore', 'ignore_ament_install']
[0.418s] Level 1:colcon.colcon_core.package_identification:_identify(src/task2_tester) by extension 'ignore'
[0.418s] Level 1:colcon.colcon_core.package_identification:_identify(src/task2_tester) by extension 'ignore_ament_install'
[0.418s] Level 1:colcon.colcon_core.package_identification:_identify(src/task2_tester) by extensions ['colcon_pkg']
[0.418s] Level 1:colcon.colcon_core.package_identification:_identify(src/task2_tester) by extension 'colcon_pkg'
[0.418s] Level 1:colcon.colcon_core.package_identification:_identify(src/task2_tester) by extensions ['colcon_meta']
[0.418s] Level 1:colcon.colcon_core.package_identification:_identify(src/task2_tester) by extension 'colcon_meta'
[0.418s] Level 1:colcon.colcon_core.package_identification:_identify(src/task2_tester) by extensions ['ros']
[0.418s] Level 1:colcon.colcon_core.package_identification:_identify(src/task2_tester) by extension 'ros'
[0.419s] DEBUG:colcon.colcon_core.package_identification:Package 'src/task2_tester' with type 'ros.ament_python' and name 'task2_tester'
[0.419s] Level 1:colcon.colcon_core.package_identification:_identify(src/task3) by extensions ['ignore', 'ignore_ament_install']
[0.419s] Level 1:colcon.colcon_core.package_identification:_identify(src/task3) by extension 'ignore'
[0.419s] Level 1:colcon.colcon_core.package_identification:_identify(src/task3) by extension 'ignore_ament_install'
[0.419s] Level 1:colcon.colcon_core.package_identification:_identify(src/task3) by extensions ['colcon_pkg']
[0.419s] Level 1:colcon.colcon_core.package_identification:_identify(src/task3) by extension 'colcon_pkg'
[0.419s] Level 1:colcon.colcon_core.package_identification:_identify(src/task3) by extensions ['colcon_meta']
[0.419s] Level 1:colcon.colcon_core.package_identification:_identify(src/task3) by extension 'colcon_meta'
[0.419s] Level 1:colcon.colcon_core.package_identification:_identify(src/task3) by extensions ['ros']
[0.419s] Level 1:colcon.colcon_core.package_identification:_identify(src/task3) by extension 'ros'
[0.420s] DEBUG:colcon.colcon_core.package_identification:Package 'src/task3' with type 'ros.ament_cmake' and name 'task3'
[0.420s] Level 1:colcon.colcon_core.package_identification:_identify(src/task3_tester) by extensions ['ignore', 'ignore_ament_install']
[0.420s] Level 1:colcon.colcon_core.package_identification:_identify(src/task3_tester) by extension 'ignore'
[0.420s] Level 1:colcon.colcon_core.package_identification:_identify(src/task3_tester) by extension 'ignore_ament_install'
[0.421s] Level 1:colcon.colcon_core.package_identification:_identify(src/task3_tester) by extensions ['colcon_pkg']
[0.421s] Level 1:colcon.colcon_core.package_identification:_identify(src/task3_tester) by extension 'colcon_pkg'
[0.421s] Level 1:colcon.colcon_core.package_identification:_identify(src/task3_tester) by extensions ['colcon_meta']
[0.421s] Level 1:colcon.colcon_core.package_identification:_identify(src/task3_tester) by extension 'colcon_meta'
[0.421s] Level 1:colcon.colcon_core.package_identification:_identify(src/task3_tester) by extensions ['ros']
[0.421s] Level 1:colcon.colcon_core.package_identification:_identify(src/task3_tester) by extension 'ros'
[0.421s] DEBUG:colcon.colcon_core.package_identification:Package 'src/task3_tester' with type 'ros.ament_python' and name 'task3_tester'
[0.422s] Level 1:colcon.colcon_core.package_identification:_identify(src/task4) by extensions ['ignore', 'ignore_ament_install']
[0.422s] Level 1:colcon.colcon_core.package_identification:_identify(src/task4) by extension 'ignore'
[0.422s] Level 1:colcon.colcon_core.package_identification:_identify(src/task4) by extension 'ignore_ament_install'
[0.422s] Level 1:colcon.colcon_core.package_identification:_identify(src/task4) by extensions ['colcon_pkg']
[0.422s] Level 1:colcon.colcon_core.package_identification:_identify(src/task4) by extension 'colcon_pkg'
[0.422s] Level 1:colcon.colcon_core.package_identification:_identify(src/task4) by extensions ['colcon_meta']
[0.422s] Level 1:colcon.colcon_core.package_identification:_identify(src/task4) by extension 'colcon_meta'
[0.422s] Level 1:colcon.colcon_core.package_identification:_identify(src/task4) by extensions ['ros']
[0.422s] Level 1:colcon.colcon_core.package_identification:_identify(src/task4) by extension 'ros'
[0.423s] DEBUG:colcon.colcon_core.package_identification:Package 'src/task4' with type 'ros.ament_cmake' and name 'task4'
[0.423s] Level 1:colcon.colcon_core.package_identification:_identify(src/task4_tester) by extensions ['ignore', 'ignore_ament_install']
[0.423s] Level 1:colcon.colcon_core.package_identification:_identify(src/task4_tester) by extension 'ignore'
[0.423s] Level 1:colcon.colcon_core.package_identification:_identify(src/task4_tester) by extension 'ignore_ament_install'
[0.423s] Level 1:colcon.colcon_core.package_identification:_identify(src/task4_tester) by extensions ['colcon_pkg']
[0.423s] Level 1:colcon.colcon_core.package_identification:_identify(src/task4_tester) by extension 'colcon_pkg'
[0.423s] Level 1:colcon.colcon_core.package_identification:_identify(src/task4_tester) by extensions ['colcon_meta']
[0.423s] Level 1:colcon.colcon_core.package_identification:_identify(src/task4_tester) by extension 'colcon_meta'
[0.423s] Level 1:colcon.colcon_core.package_identification:_identify(src/task4_tester) by extensions ['ros']
[0.423s] Level 1:colcon.colcon_core.package_identification:_identify(src/task4_tester) by extension 'ros'
[0.424s] DEBUG:colcon.colcon_core.package_identification:Package 'src/task4_tester' with type 'ros.ament_python' and name 'task4_tester'
[0.424s] Level 1:colcon.colcon_core.package_identification:_identify(src/task5) by extensions ['ignore', 'ignore_ament_install']
[0.424s] Level 1:colcon.colcon_core.package_identification:_identify(src/task5) by extension 'ignore'
[0.424s] Level 1:colcon.colcon_core.package_identification:_identify(src/task5) by extension 'ignore_ament_install'
[0.424s] Level 1:colcon.colcon_core.package_identification:_identify(src/task5) by extensions ['colcon_pkg']
[0.424s] Level 1:colcon.colcon_core.package_identification:_identify(src/task5) by extension 'colcon_pkg'
[0.424s] Level 1:colcon.colcon_core.package_identification:_identify(src/task5) by extensions ['colcon_meta']
[0.424s] Level 1:colcon.colcon_core.package_identification:_identify(src/task5) by extension 'colcon_meta'
[0.424s] Level 1:colcon.colcon_core.package_identification:_identify(src/task5) by extensions ['ros']
[0.424s] Level 1:colcon.colcon_core.package_identification:_identify(src/task5) by extension 'ros'
[0.425s] DEBUG:colcon.colcon_core.package_identification:Package 'src/task5' with type 'ros.ament_cmake' and name 'task5'
[0.425s] Level 1:colcon.colcon_core.package_identification:_identify(src/task5_tester) by extensions ['ignore', 'ignore_ament_install']
[0.425s] Level 1:colcon.colcon_core.package_identification:_identify(src/task5_tester) by extension 'ignore'
[0.425s] Level 1:colcon.colcon_core.package_identification:_identify(src/task5_tester) by extension 'ignore_ament_install'
[0.425s] Level 1:colcon.colcon_core.package_identification:_identify(src/task5_tester) by extensions ['colcon_pkg']
[0.425s] Level 1:colcon.colcon_core.package_identification:_identify(src/task5_tester) by extension 'colcon_pkg'
[0.425s] Level 1:colcon.colcon_core.package_identification:_identify(src/task5_tester) by extensions ['colcon_meta']
[0.425s] Level 1:colcon.colcon_core.package_identification:_identify(src/task5_tester) by extension 'colcon_meta'
[0.425s] Level 1:colcon.colcon_core.package_identification:_identify(src/task5_tester) by extensions ['ros']
[0.426s] Level 1:colcon.colcon_core.package_identification:_identify(src/task5_tester) by extension 'ros'
[0.426s] DEBUG:colcon.colcon_core.package_identification:Package 'src/task5_tester' with type 'ros.ament_python' and name 'task5_tester'
[0.426s] Level 1:colcon.colcon_core.package_discovery:discover_packages(recursive) using defaults
[0.426s] Level 1:colcon.colcon_core.package_discovery:discover_packages(ignore) discover
[0.426s] Level 1:colcon.colcon_core.package_discovery:discover_packages(ignore) using defaults
[0.426s] Level 1:colcon.colcon_core.package_discovery:discover_packages(path) discover
[0.426s] Level 1:colcon.colcon_core.package_discovery:discover_packages(path) using defaults
[0.469s] Level 5:colcon.colcon_core.verb:set package 'action_tutorials_interfaces' build argument 'cmake_args' from command line to 'None'
[0.470s] Level 5:colcon.colcon_core.verb:set package 'action_tutorials_interfaces' build argument 'cmake_target' from command line to 'None'
[0.470s] Level 5:colcon.colcon_core.verb:set package 'action_tutorials_interfaces' build argument 'cmake_target_skip_unavailable' from command line to 'False'
[0.470s] Level 5:colcon.colcon_core.verb:set package 'action_tutorials_interfaces' build argument 'cmake_clean_cache' from command line to 'False'
[0.470s] Level 5:colcon.colcon_core.verb:set package 'action_tutorials_interfaces' build argument 'cmake_clean_first' from command line to 'False'
[0.470s] Level 5:colcon.colcon_core.verb:set package 'action_tutorials_interfaces' build argument 'cmake_force_configure' from command line to 'False'
[0.470s] Level 5:colcon.colcon_core.verb:set package 'action_tutorials_interfaces' build argument 'ament_cmake_args' from command line to 'None'
[0.470s] Level 5:colcon.colcon_core.verb:set package 'action_tutorials_interfaces' build argument 'catkin_cmake_args' from command line to 'None'
[0.470s] Level 5:colcon.colcon_core.verb:set package 'action_tutorials_interfaces' build argument 'catkin_skip_building_tests' from command line to 'False'
[0.470s] DEBUG:colcon.colcon_core.verb:Building package 'action_tutorials_interfaces' with the following arguments: {'ament_cmake_args': None, 'build_base': '/root/ros2_ws/build/action_tutorials_interfaces', 'catkin_cmake_args': None, 'catkin_skip_building_tests': False, 'cmake_args': None, 'cmake_clean_cache': False, 'cmake_clean_first': False, 'cmake_force_configure': False, 'cmake_target': None, 'cmake_target_skip_unavailable': False, 'install_base': '/root/ros2_ws/install/action_tutorials_interfaces', 'merge_install': False, 'path': '/root/ros2_ws/src/action_tutorials_interfaces', 'symlink_install': False, 'test_result_base': None}
[0.470s] Level 5:colcon.colcon_core.verb:set package 'task1' build argument 'cmake_args' from command line to 'None'
[0.470s] Level 5:colcon.colcon_core.verb:set package 'task1' build argument 'cmake_target' from command line to 'None'
[0.470s] Level 5:colcon.colcon_core.verb:set package 'task1' build argument 'cmake_target_skip_unavailable' from command line to 'False'
[0.470s] Level 5:colcon.colcon_core.verb:set package 'task1' build argument 'cmake_clean_cache' from command line to 'False'
[0.470s] Level 5:colcon.colcon_core.verb:set package 'task1' build argument 'cmake_clean_first' from command line to 'False'
[0.470s] Level 5:colcon.colcon_core.verb:set package 'task1' build argument 'cmake_force_configure' from command line to 'False'
[0.470s] Level 5:colcon.colcon_core.verb:set package 'task1' build argument 'ament_cmake_args' from command line to 'None'
[0.470s] Level 5:colcon.colcon_core.verb:set package 'task1' build argument 'catkin_cmake_args' from command line to 'None'
[0.470s] Level 5:colcon.colcon_core.verb:set package 'task1' build argument 'catkin_skip_building_tests' from command line to 'False'
[0.470s] DEBUG:colcon.colcon_core.verb:Building package 'task1' with the following arguments: {'ament_cmake_args': None, 'build_base': '/root/ros2_ws/build/task1', 'catkin_cmake_args': None, 'catkin_skip_building_tests': False, 'cmake_args': None, 'cmake_clean_cache': False, 'cmake_clean_first': False, 'cmake_force_configure': False, 'cmake_target': None, 'cmake_target_skip_unavailable': False, 'install_base': '/root/ros2_ws/install/task1', 'merge_install': False, 'path': '/root/ros2_ws/src/task1', 'symlink_install': False, 'test_result_base': None}
[0.471s] Level 5:colcon.colcon_core.verb:set package 'task2' build argument 'cmake_args' from command line to 'None'
[0.471s] Level 5:colcon.colcon_core.verb:set package 'task2' build argument 'cmake_target' from command line to 'None'
[0.471s] Level 5:colcon.colcon_core.verb:set package 'task2' build argument 'cmake_target_skip_unavailable' from command line to 'False'
[0.471s] Level 5:colcon.colcon_core.verb:set package 'task2' build argument 'cmake_clean_cache' from command line to 'False'
[0.471s] Level 5:colcon.colcon_core.verb:set package 'task2' build argument 'cmake_clean_first' from command line to 'False'
[0.471s] Level 5:colcon.colcon_core.verb:set package 'task2' build argument 'cmake_force_configure' from command line to 'False'
[0.471s] Level 5:colcon.colcon_core.verb:set package 'task2' build argument 'ament_cmake_args' from command line to 'None'
[0.471s] Level 5:colcon.colcon_core.verb:set package 'task2' build argument 'catkin_cmake_args' from command line to 'None'
[0.471s] Level 5:colcon.colcon_core.verb:set package 'task2' build argument 'catkin_skip_building_tests' from command line to 'False'
[0.471s] DEBUG:colcon.colcon_core.verb:Building package 'task2' with the following arguments: {'ament_cmake_args': None, 'build_base': '/root/ros2_ws/build/task2', 'catkin_cmake_args': None, 'catkin_skip_building_tests': False, 'cmake_args': None, 'cmake_clean_cache': False, 'cmake_clean_first': False, 'cmake_force_configure': False, 'cmake_target': None, 'cmake_target_skip_unavailable': False, 'install_base': '/root/ros2_ws/install/task2', 'merge_install': False, 'path': '/root/ros2_ws/src/task2', 'symlink_install': False, 'test_result_base': None}
[0.471s] Level 5:colcon.colcon_core.verb:set package 'task2_tester' build argument 'cmake_args' from command line to 'None'
[0.471s] Level 5:colcon.colcon_core.verb:set package 'task2_tester' build argument 'cmake_target' from command line to 'None'
[0.471s] Level 5:colcon.colcon_core.verb:set package 'task2_tester' build argument 'cmake_target_skip_unavailable' from command line to 'False'
[0.471s] Level 5:colcon.colcon_core.verb:set package 'task2_tester' build argument 'cmake_clean_cache' from command line to 'False'
[0.471s] Level 5:colcon.colcon_core.verb:set package 'task2_tester' build argument 'cmake_clean_first' from command line to 'False'
[0.471s] Level 5:colcon.colcon_core.verb:set package 'task2_tester' build argument 'cmake_force_configure' from command line to 'False'
[0.471s] Level 5:colcon.colcon_core.verb:set package 'task2_tester' build argument 'ament_cmake_args' from command line to 'None'
[0.471s] Level 5:colcon.colcon_core.verb:set package 'task2_tester' build argument 'catkin_cmake_args' from command line to 'None'
[0.471s] Level 5:colcon.colcon_core.verb:set package 'task2_tester' build argument 'catkin_skip_building_tests' from command line to 'False'
[0.471s] DEBUG:colcon.colcon_core.verb:Building package 'task2_tester' with the following arguments: {'ament_cmake_args': None, 'build_base': '/root/ros2_ws/build/task2_tester', 'catkin_cmake_args': None, 'catkin_skip_building_tests': False, 'cmake_args': None, 'cmake_clean_cache': False, 'cmake_clean_first': False, 'cmake_force_configure': False, 'cmake_target': None, 'cmake_target_skip_unavailable': False, 'install_base': '/root/ros2_ws/install/task2_tester', 'merge_install': False, 'path': '/root/ros2_ws/src/task2_tester', 'symlink_install': False, 'test_result_base': None}
[0.472s] Level 5:colcon.colcon_core.verb:set package 'task3' build argument 'cmake_args' from command line to 'None'
[0.472s] Level 5:colcon.colcon_core.verb:set package 'task3' build argument 'cmake_target' from command line to 'None'
[0.472s] Level 5:colcon.colcon_core.verb:set package 'task3' build argument 'cmake_target_skip_unavailable' from command line to 'False'
[0.472s] Level 5:colcon.colcon_core.verb:set package 'task3' build argument 'cmake_clean_cache' from command line to 'False'
[0.472s] Level 5:colcon.colcon_core.verb:set package 'task3' build argument 'cmake_clean_first' from command line to 'False'
[0.472s] Level 5:colcon.colcon_core.verb:set package 'task3' build argument 'cmake_force_configure' from command line to 'False'
[0.472s] Level 5:colcon.colcon_core.verb:set package 'task3' build argument 'ament_cmake_args' from command line to 'None'
[0.472s] Level 5:colcon.colcon_core.verb:set package 'task3' build argument 'catkin_cmake_args' from command line to 'None'
[0.472s] Level 5:colcon.colcon_core.verb:set package 'task3' build argument 'catkin_skip_building_tests' from command line to 'False'
[0.472s] DEBUG:colcon.colcon_core.verb:Building package 'task3' with the following arguments: {'ament_cmake_args': None, 'build_base': '/root/ros2_ws/build/task3', 'catkin_cmake_args': None, 'catkin_skip_building_tests': False, 'cmake_args': None, 'cmake_clean_cache': False, 'cmake_clean_first': False, 'cmake_force_configure': False, 'cmake_target': None, 'cmake_target_skip_unavailable': False, 'install_base': '/root/ros2_ws/install/task3', 'merge_install': False, 'path': '/root/ros2_ws/src/task3', 'symlink_install': False, 'test_result_base': None}
[0.472s] Level 5:colcon.colcon_core.verb:set package 'task4' build argument 'cmake_args' from command line to 'None'
[0.472s] Level 5:colcon.colcon_core.verb:set package 'task4' build argument 'cmake_target' from command line to 'None'
[0.472s] Level 5:colcon.colcon_core.verb:set package 'task4' build argument 'cmake_target_skip_unavailable' from command line to 'False'
[0.472s] Level 5:colcon.colcon_core.verb:set package 'task4' build argument 'cmake_clean_cache' from command line to 'False'
[0.472s] Level 5:colcon.colcon_core.verb:set package 'task4' build argument 'cmake_clean_first' from command line to 'False'
[0.472s] Level 5:colcon.colcon_core.verb:set package 'task4' build argument 'cmake_force_configure' from command line to 'False'
[0.472s] Level 5:colcon.colcon_core.verb:set package 'task4' build argument 'ament_cmake_args' from command line to 'None'
[0.472s] Level 5:colcon.colcon_core.verb:set package 'task4' build argument 'catkin_cmake_args' from command line to 'None'
[0.472s] Level 5:colcon.colcon_core.verb:set package 'task4' build argument 'catkin_skip_building_tests' from command line to 'False'
[0.472s] DEBUG:colcon.colcon_core.verb:Building package 'task4' with the following arguments: {'ament_cmake_args': None, 'build_base': '/root/ros2_ws/build/task4', 'catkin_cmake_args': None, 'catkin_skip_building_tests': False, 'cmake_args': None, 'cmake_clean_cache': False, 'cmake_clean_first': False, 'cmake_force_configure': False, 'cmake_target': None, 'cmake_target_skip_unavailable': False, 'install_base': '/root/ros2_ws/install/task4', 'merge_install': False, 'path': '/root/ros2_ws/src/task4', 'symlink_install': False, 'test_result_base': None}
[0.473s] Level 5:colcon.colcon_core.verb:set package 'task4_tester' build argument 'cmake_args' from command line to 'None'
[0.473s] Level 5:colcon.colcon_core.verb:set package 'task4_tester' build argument 'cmake_target' from command line to 'None'
[0.473s] Level 5:colcon.colcon_core.verb:set package 'task4_tester' build argument 'cmake_target_skip_unavailable' from command line to 'False'
[0.473s] Level 5:colcon.colcon_core.verb:set package 'task4_tester' build argument 'cmake_clean_cache' from command line to 'False'
[0.473s] Level 5:colcon.colcon_core.verb:set package 'task4_tester' build argument 'cmake_clean_first' from command line to 'False'
[0.473s] Level 5:colcon.colcon_core.verb:set package 'task4_tester' build argument 'cmake_force_configure' from command line to 'False'
[0.473s] Level 5:colcon.colcon_core.verb:set package 'task4_tester' build argument 'ament_cmake_args' from command line to 'None'
[0.473s] Level 5:colcon.colcon_core.verb:set package 'task4_tester' build argument 'catkin_cmake_args' from command line to 'None'
[0.473s] Level 5:colcon.colcon_core.verb:set package 'task4_tester' build argument 'catkin_skip_building_tests' from command line to 'False'
[0.473s] DEBUG:colcon.colcon_core.verb:Building package 'task4_tester' with the following arguments: {'ament_cmake_args': None, 'build_base': '/root/ros2_ws/build/task4_tester', 'catkin_cmake_args': None, 'catkin_skip_building_tests': False, 'cmake_args': None, 'cmake_clean_cache': False, 'cmake_clean_first': False, 'cmake_force_configure': False, 'cmake_target': None, 'cmake_target_skip_unavailable': False, 'install_base': '/root/ros2_ws/install/task4_tester', 'merge_install': False, 'path': '/root/ros2_ws/src/task4_tester', 'symlink_install': False, 'test_result_base': None}
[0.473s] Level 5:colcon.colcon_core.verb:set package 'task5' build argument 'cmake_args' from command line to 'None'
[0.473s] Level 5:colcon.colcon_core.verb:set package 'task5' build argument 'cmake_target' from command line to 'None'
[0.473s] Level 5:colcon.colcon_core.verb:set package 'task5' build argument 'cmake_target_skip_unavailable' from command line to 'False'
[0.473s] Level 5:colcon.colcon_core.verb:set package 'task5' build argument 'cmake_clean_cache' from command line to 'False'
[0.473s] Level 5:colcon.colcon_core.verb:set package 'task5' build argument 'cmake_clean_first' from command line to 'False'
[0.473s] Level 5:colcon.colcon_core.verb:set package 'task5' build argument 'cmake_force_configure' from command line to 'False'
[0.473s] Level 5:colcon.colcon_core.verb:set package 'task5' build argument 'ament_cmake_args' from command line to 'None'
[0.473s] Level 5:colcon.colcon_core.verb:set package 'task5' build argument 'catkin_cmake_args' from command line to 'None'
[0.473s] Level 5:colcon.colcon_core.verb:set package 'task5' build argument 'catkin_skip_building_tests' from command line to 'False'
[0.473s] DEBUG:colcon.colcon_core.verb:Building package 'task5' with the following arguments: {'ament_cmake_args': None, 'build_base': '/root/ros2_ws/build/task5', 'catkin_cmake_args': None, 'catkin_skip_building_tests': False, 'cmake_args': None, 'cmake_clean_cache': False, 'cmake_clean_first': False, 'cmake_force_configure': False, 'cmake_target': None, 'cmake_target_skip_unavailable': False, 'install_base': '/root/ros2_ws/install/task5', 'merge_install': False, 'path': '/root/ros2_ws/src/task5', 'symlink_install': False, 'test_result_base': None}
[0.474s] Level 5:colcon.colcon_core.verb:set package 'task3_tester' build argument 'cmake_args' from command line to 'None'
[0.474s] Level 5:colcon.colcon_core.verb:set package 'task3_tester' build argument 'cmake_target' from command line to 'None'
[0.474s] Level 5:colcon.colcon_core.verb:set package 'task3_tester' build argument 'cmake_target_skip_unavailable' from command line to 'False'
[0.474s] Level 5:colcon.colcon_core.verb:set package 'task3_tester' build argument 'cmake_clean_cache' from command line to 'False'
[0.474s] Level 5:colcon.colcon_core.verb:set package 'task3_tester' build argument 'cmake_clean_first' from command line to 'False'
[0.474s] Level 5:colcon.colcon_core.verb:set package 'task3_tester' build argument 'cmake_force_configure' from command line to 'False'
[0.474s] Level 5:colcon.colcon_core.verb:set package 'task3_tester' build argument 'ament_cmake_args' from command line to 'None'
[0.474s] Level 5:colcon.colcon_core.verb:set package 'task3_tester' build argument 'catkin_cmake_args' from command line to 'None'
[0.474s] Level 5:colcon.colcon_core.verb:set package 'task3_tester' build argument 'catkin_skip_building_tests' from command line to 'False'
[0.474s] DEBUG:colcon.colcon_core.verb:Building package 'task3_tester' with the following arguments: {'ament_cmake_args': None, 'build_base': '/root/ros2_ws/build/task3_tester', 'catkin_cmake_args': None, 'catkin_skip_building_tests': False, 'cmake_args': None, 'cmake_clean_cache': False, 'cmake_clean_first': False, 'cmake_force_configure': False, 'cmake_target': None, 'cmake_target_skip_unavailable': False, 'install_base': '/root/ros2_ws/install/task3_tester', 'merge_install': False, 'path': '/root/ros2_ws/src/task3_tester', 'symlink_install': False, 'test_result_base': None}
[0.474s] Level 5:colcon.colcon_core.verb:set package 'task5_tester' build argument 'cmake_args' from command line to 'None'
[0.474s] Level 5:colcon.colcon_core.verb:set package 'task5_tester' build argument 'cmake_target' from command line to 'None'
[0.474s] Level 5:colcon.colcon_core.verb:set package 'task5_tester' build argument 'cmake_target_skip_unavailable' from command line to 'False'
[0.474s] Level 5:colcon.colcon_core.verb:set package 'task5_tester' build argument 'cmake_clean_cache' from command line to 'False'
[0.474s] Level 5:colcon.colcon_core.verb:set package 'task5_tester' build argument 'cmake_clean_first' from command line to 'False'
[0.474s] Level 5:colcon.colcon_core.verb:set package 'task5_tester' build argument 'cmake_force_configure' from command line to 'False'
[0.474s] Level 5:colcon.colcon_core.verb:set package 'task5_tester' build argument 'ament_cmake_args' from command line to 'None'
[0.474s] Level 5:colcon.colcon_core.verb:set package 'task5_tester' build argument 'catkin_cmake_args' from command line to 'None'
[0.474s] Level 5:colcon.colcon_core.verb:set package 'task5_tester' build argument 'catkin_skip_building_tests' from command line to 'False'
[0.474s] DEBUG:colcon.colcon_core.verb:Building package 'task5_tester' with the following arguments: {'ament_cmake_args': None, 'build_base': '/root/ros2_ws/build/task5_tester', 'catkin_cmake_args': None, 'catkin_skip_building_tests': False, 'cmake_args': None, 'cmake_clean_cache': False, 'cmake_clean_first': False, 'cmake_force_configure': False, 'cmake_target': None, 'cmake_target_skip_unavailable': False, 'install_base': '/root/ros2_ws/install/task5_tester', 'merge_install': False, 'path': '/root/ros2_ws/src/task5_tester', 'symlink_install': False, 'test_result_base': None}
[0.475s] INFO:colcon.colcon_core.executor:Executing jobs using 'parallel' executor
[0.476s] DEBUG:colcon.colcon_parallel_executor.executor.parallel:run_until_complete
[0.476s] INFO:colcon.colcon_ros.task.ament_cmake.build:Building ROS package in '/root/ros2_ws/src/task3' with build type 'ament_cmake'
[0.476s] INFO:colcon.colcon_cmake.task.cmake.build:Building CMake package in '/root/ros2_ws/src/task3'
[0.480s] INFO:colcon.colcon_core.plugin_system:Skipping extension 'colcon_core.shell.bat': Not used on non-Windows systems
[0.480s] INFO:colcon.colcon_core.shell:Skip shell extension 'powershell' for command environment: Not usable outside of PowerShell
[0.480s] DEBUG:colcon.colcon_core.shell:Skip shell extension 'dsv' for command environment
[0.489s] INFO:colcon.colcon_ros.task.ament_cmake.build:Building ROS package in '/root/ros2_ws/src/task5' with build type 'ament_cmake'
[0.489s] INFO:colcon.colcon_cmake.task.cmake.build:Building CMake package in '/root/ros2_ws/src/task5'
[0.490s] INFO:colcon.colcon_core.shell:Skip shell extension 'powershell' for command environment: Not usable outside of PowerShell
[0.490s] DEBUG:colcon.colcon_core.shell:Skip shell extension 'dsv' for command environment
[0.495s] INFO:colcon.colcon_ros.task.ament_cmake.build:Building ROS package in '/root/ros2_ws/src/action_tutorials_interfaces' with build type 'ament_cmake'
[0.496s] INFO:colcon.colcon_cmake.task.cmake.build:Building CMake package in '/root/ros2_ws/src/action_tutorials_interfaces'
[0.496s] INFO:colcon.colcon_core.shell:Skip shell extension 'powershell' for command environment: Not usable outside of PowerShell
[0.496s] DEBUG:colcon.colcon_core.shell:Skip shell extension 'dsv' for command environment
[0.501s] INFO:colcon.colcon_ros.task.ament_python.build:Building ROS package in '/root/ros2_ws/src/task1' with build type 'ament_python'
[0.502s] Level 1:colcon.colcon_core.shell:create_environment_hook('task1', 'ament_prefix_path')
[0.502s] INFO:colcon.colcon_core.shell:Creating environment hook '/root/ros2_ws/install/task1/share/task1/hook/ament_prefix_path.ps1'
[0.503s] INFO:colcon.colcon_core.shell:Creating environment descriptor '/root/ros2_ws/install/task1/share/task1/hook/ament_prefix_path.dsv'
[0.503s] INFO:colcon.colcon_core.shell:Creating environment hook '/root/ros2_ws/install/task1/share/task1/hook/ament_prefix_path.sh'
[0.504s] INFO:colcon.colcon_core.shell:Skip shell extension 'powershell' for command environment: Not usable outside of PowerShell
[0.504s] DEBUG:colcon.colcon_core.shell:Skip shell extension 'dsv' for command environment
[0.510s] INFO:colcon.colcon_ros.task.ament_cmake.build:Building ROS package in '/root/ros2_ws/src/task2' with build type 'ament_cmake'
[0.510s] INFO:colcon.colcon_cmake.task.cmake.build:Building CMake package in '/root/ros2_ws/src/task2'
[0.511s] INFO:colcon.colcon_core.shell:Skip shell extension 'powershell' for command environment: Not usable outside of PowerShell
[0.511s] DEBUG:colcon.colcon_core.shell:Skip shell extension 'dsv' for command environment
[0.517s] INFO:colcon.colcon_ros.task.ament_python.build:Building ROS package in '/root/ros2_ws/src/task2_tester' with build type 'ament_python'
[0.517s] Level 1:colcon.colcon_core.shell:create_environment_hook('task2_tester', 'ament_prefix_path')
[0.517s] INFO:colcon.colcon_core.shell:Creating environment hook '/root/ros2_ws/install/task2_tester/share/task2_tester/hook/ament_prefix_path.ps1'
[0.518s] INFO:colcon.colcon_core.shell:Creating environment descriptor '/root/ros2_ws/install/task2_tester/share/task2_tester/hook/ament_prefix_path.dsv'
[0.518s] INFO:colcon.colcon_core.shell:Creating environment hook '/root/ros2_ws/install/task2_tester/share/task2_tester/hook/ament_prefix_path.sh'
[0.519s] INFO:colcon.colcon_core.shell:Skip shell extension 'powershell' for command environment: Not usable outside of PowerShell
[0.519s] DEBUG:colcon.colcon_core.shell:Skip shell extension 'dsv' for command environment
[0.525s] INFO:colcon.colcon_ros.task.ament_cmake.build:Building ROS package in '/root/ros2_ws/src/task4' with build type 'ament_cmake'
[0.525s] INFO:colcon.colcon_cmake.task.cmake.build:Building CMake package in '/root/ros2_ws/src/task4'
[0.526s] INFO:colcon.colcon_core.shell:Skip shell extension 'powershell' for command environment: Not usable outside of PowerShell
[0.526s] DEBUG:colcon.colcon_core.shell:Skip shell extension 'dsv' for command environment
[0.532s] INFO:colcon.colcon_ros.task.ament_python.build:Building ROS package in '/root/ros2_ws/src/task4_tester' with build type 'ament_python'
[0.532s] Level 1:colcon.colcon_core.shell:create_environment_hook('task4_tester', 'ament_prefix_path')
[0.533s] INFO:colcon.colcon_core.shell:Creating environment hook '/root/ros2_ws/install/task4_tester/share/task4_tester/hook/ament_prefix_path.ps1'
[0.533s] INFO:colcon.colcon_core.shell:Creating environment descriptor '/root/ros2_ws/install/task4_tester/share/task4_tester/hook/ament_prefix_path.dsv'
[0.534s] INFO:colcon.colcon_core.shell:Creating environment hook '/root/ros2_ws/install/task4_tester/share/task4_tester/hook/ament_prefix_path.sh'
[0.534s] INFO:colcon.colcon_core.shell:Skip shell extension 'powershell' for command environment: Not usable outside of PowerShell
[0.534s] DEBUG:colcon.colcon_core.shell:Skip shell extension 'dsv' for command environment
[0.545s] DEBUG:colcon.colcon_core.event_handler.log_command:Invoking command in '/root/ros2_ws/build/task3': CMAKE_PREFIX_PATH=${CMAKE_PREFIX_PATH}:/root/ros2_ws/install/task5_tester:/root/ros2_ws/install/task4_tester:/root/ros2_ws/install/task3_tester:/root/ros2_ws/install/task2_tester:/root/ros2_ws/install/task1:/root/ros2_ws/install/py_srvcli:/root/ros2_ws/install/py_pubsub:/root/ros2_ws/install/my_action_pkg:/root/ros2_ws/install/launch_testing_examples:/root/ros2_ws/install/examples_rclpy_pointcloud_publisher:/root/ros2_ws/install/examples_rclpy_minimal_subscriber:/root/ros2_ws/install/examples_rclpy_minimal_service:/root/ros2_ws/install/examples_rclpy_minimal_publisher:/root/ros2_ws/install/examples_rclpy_minimal_client:/root/ros2_ws/install/examples_rclpy_minimal_action_server:/root/ros2_ws/install/examples_rclpy_minimal_action_client:/root/ros2_ws/install/examples_rclpy_guard_conditions:/root/ros2_ws/install/examples_rclpy_executors:/root/ros2_ws/src/task1/install/task1:/opt/ros/humble /usr/bin/cmake --build /root/ros2_ws/build/task3 -- -j28 -l28
[0.551s] DEBUG:colcon.colcon_core.event_handler.log_command:Invoking command in '/root/ros2_ws/build/task5': CMAKE_PREFIX_PATH=${CMAKE_PREFIX_PATH}:/root/ros2_ws/install/task5_tester:/root/ros2_ws/install/task4_tester:/root/ros2_ws/install/task3_tester:/root/ros2_ws/install/task2_tester:/root/ros2_ws/install/task1:/root/ros2_ws/install/py_srvcli:/root/ros2_ws/install/py_pubsub:/root/ros2_ws/install/my_action_pkg:/root/ros2_ws/install/launch_testing_examples:/root/ros2_ws/install/examples_rclpy_pointcloud_publisher:/root/ros2_ws/install/examples_rclpy_minimal_subscriber:/root/ros2_ws/install/examples_rclpy_minimal_service:/root/ros2_ws/install/examples_rclpy_minimal_publisher:/root/ros2_ws/install/examples_rclpy_minimal_client:/root/ros2_ws/install/examples_rclpy_minimal_action_server:/root/ros2_ws/install/examples_rclpy_minimal_action_client:/root/ros2_ws/install/examples_rclpy_guard_conditions:/root/ros2_ws/install/examples_rclpy_executors:/root/ros2_ws/src/task1/install/task1:/opt/ros/humble /usr/bin/cmake --build /root/ros2_ws/build/task5 -- -j28 -l28
[0.555s] DEBUG:colcon.colcon_core.event_handler.log_command:Invoking command in '/root/ros2_ws/build/action_tutorials_interfaces': CMAKE_PREFIX_PATH=${CMAKE_PREFIX_PATH}:/root/ros2_ws/install/task5_tester:/root/ros2_ws/install/task4_tester:/root/ros2_ws/install/task3_tester:/root/ros2_ws/install/task2_tester:/root/ros2_ws/install/task1:/root/ros2_ws/install/py_srvcli:/root/ros2_ws/install/py_pubsub:/root/ros2_ws/install/my_action_pkg:/root/ros2_ws/install/launch_testing_examples:/root/ros2_ws/install/examples_rclpy_pointcloud_publisher:/root/ros2_ws/install/examples_rclpy_minimal_subscriber:/root/ros2_ws/install/examples_rclpy_minimal_service:/root/ros2_ws/install/examples_rclpy_minimal_publisher:/root/ros2_ws/install/examples_rclpy_minimal_client:/root/ros2_ws/install/examples_rclpy_minimal_action_server:/root/ros2_ws/install/examples_rclpy_minimal_action_client:/root/ros2_ws/install/examples_rclpy_guard_conditions:/root/ros2_ws/install/examples_rclpy_executors:/root/ros2_ws/src/task1/install/task1:/opt/ros/humble /usr/bin/cmake --build /root/ros2_ws/build/action_tutorials_interfaces -- -j28 -l28
[0.910s] INFO:colcon.colcon_core.task.python.build:Building Python package in '/root/ros2_ws/src/task1'
[0.911s] INFO:colcon.colcon_core.shell:Skip shell extension 'powershell' for command environment: Not usable outside of PowerShell
[0.911s] DEBUG:colcon.colcon_core.shell:Skip shell extension 'dsv' for command environment
[0.920s] DEBUG:colcon.colcon_core.event_handler.log_command:Invoking command in '/root/ros2_ws/build/task2': CMAKE_PREFIX_PATH=${CMAKE_PREFIX_PATH}:/root/ros2_ws/install/task5_tester:/root/ros2_ws/install/task4_tester:/root/ros2_ws/install/task3_tester:/root/ros2_ws/install/task2_tester:/root/ros2_ws/install/task1:/root/ros2_ws/install/py_srvcli:/root/ros2_ws/install/py_pubsub:/root/ros2_ws/install/my_action_pkg:/root/ros2_ws/install/launch_testing_examples:/root/ros2_ws/install/examples_rclpy_pointcloud_publisher:/root/ros2_ws/install/examples_rclpy_minimal_subscriber:/root/ros2_ws/install/examples_rclpy_minimal_service:/root/ros2_ws/install/examples_rclpy_minimal_publisher:/root/ros2_ws/install/examples_rclpy_minimal_client:/root/ros2_ws/install/examples_rclpy_minimal_action_server:/root/ros2_ws/install/examples_rclpy_minimal_action_client:/root/ros2_ws/install/examples_rclpy_guard_conditions:/root/ros2_ws/install/examples_rclpy_executors:/root/ros2_ws/src/task1/install/task1:/opt/ros/humble /usr/bin/cmake --build /root/ros2_ws/build/task2 -- -j28 -l28
[1.219s] INFO:colcon.colcon_core.task.python.build:Building Python package in '/root/ros2_ws/src/task2_tester'
[1.219s] INFO:colcon.colcon_core.shell:Skip shell extension 'powershell' for command environment: Not usable outside of PowerShell
[1.219s] DEBUG:colcon.colcon_core.shell:Skip shell extension 'dsv' for command environment
[1.231s] DEBUG:colcon.colcon_core.event_handler.log_command:Invoking command in '/root/ros2_ws/build/task4': CMAKE_PREFIX_PATH=${CMAKE_PREFIX_PATH}:/root/ros2_ws/install/task5_tester:/root/ros2_ws/install/task4_tester:/root/ros2_ws/install/task3_tester:/root/ros2_ws/install/task2_tester:/root/ros2_ws/install/task1:/root/ros2_ws/install/py_srvcli:/root/ros2_ws/install/py_pubsub:/root/ros2_ws/install/my_action_pkg:/root/ros2_ws/install/launch_testing_examples:/root/ros2_ws/install/examples_rclpy_pointcloud_publisher:/root/ros2_ws/install/examples_rclpy_minimal_subscriber:/root/ros2_ws/install/examples_rclpy_minimal_service:/root/ros2_ws/install/examples_rclpy_minimal_publisher:/root/ros2_ws/install/examples_rclpy_minimal_client:/root/ros2_ws/install/examples_rclpy_minimal_action_server:/root/ros2_ws/install/examples_rclpy_minimal_action_client:/root/ros2_ws/install/examples_rclpy_guard_conditions:/root/ros2_ws/install/examples_rclpy_executors:/root/ros2_ws/src/task1/install/task1:/opt/ros/humble /usr/bin/cmake --build /root/ros2_ws/build/task4 -- -j28 -l28
[1.240s] DEBUG:colcon.colcon_core.event_handler.log_command:Invoked command in '/root/ros2_ws/build/action_tutorials_interfaces' returned '0': CMAKE_PREFIX_PATH=${CMAKE_PREFIX_PATH}:/root/ros2_ws/install/task5_tester:/root/ros2_ws/install/task4_tester:/root/ros2_ws/install/task3_tester:/root/ros2_ws/install/task2_tester:/root/ros2_ws/install/task1:/root/ros2_ws/install/py_srvcli:/root/ros2_ws/install/py_pubsub:/root/ros2_ws/install/my_action_pkg:/root/ros2_ws/install/launch_testing_examples:/root/ros2_ws/install/examples_rclpy_pointcloud_publisher:/root/ros2_ws/install/examples_rclpy_minimal_subscriber:/root/ros2_ws/install/examples_rclpy_minimal_service:/root/ros2_ws/install/examples_rclpy_minimal_publisher:/root/ros2_ws/install/examples_rclpy_minimal_client:/root/ros2_ws/install/examples_rclpy_minimal_action_server:/root/ros2_ws/install/examples_rclpy_minimal_action_client:/root/ros2_ws/install/examples_rclpy_guard_conditions:/root/ros2_ws/install/examples_rclpy_executors:/root/ros2_ws/src/task1/install/task1:/opt/ros/humble /usr/bin/cmake --build /root/ros2_ws/build/action_tutorials_interfaces -- -j28 -l28
[1.243s] DEBUG:colcon.colcon_core.event_handler.log_command:Invoking command in '/root/ros2_ws/build/action_tutorials_interfaces': CMAKE_PREFIX_PATH=${CMAKE_PREFIX_PATH}:/root/ros2_ws/install/task5_tester:/root/ros2_ws/install/task4_tester:/root/ros2_ws/install/task3_tester:/root/ros2_ws/install/task2_tester:/root/ros2_ws/install/task1:/root/ros2_ws/install/py_srvcli:/root/ros2_ws/install/py_pubsub:/root/ros2_ws/install/my_action_pkg:/root/ros2_ws/install/launch_testing_examples:/root/ros2_ws/install/examples_rclpy_pointcloud_publisher:/root/ros2_ws/install/examples_rclpy_minimal_subscriber:/root/ros2_ws/install/examples_rclpy_minimal_service:/root/ros2_ws/install/examples_rclpy_minimal_publisher:/root/ros2_ws/install/examples_rclpy_minimal_client:/root/ros2_ws/install/examples_rclpy_minimal_action_server:/root/ros2_ws/install/examples_rclpy_minimal_action_client:/root/ros2_ws/install/examples_rclpy_guard_conditions:/root/ros2_ws/install/examples_rclpy_executors:/root/ros2_ws/src/task1/install/task1:/opt/ros/humble /usr/bin/cmake --install /root/ros2_ws/build/action_tutorials_interfaces
[1.528s] INFO:colcon.colcon_core.task.python.build:Building Python package in '/root/ros2_ws/src/task4_tester'
[1.528s] INFO:colcon.colcon_core.shell:Skip shell extension 'powershell' for command environment: Not usable outside of PowerShell
[1.528s] DEBUG:colcon.colcon_core.shell:Skip shell extension 'dsv' for command environment
[1.534s] DEBUG:colcon.colcon_core.event_handler.log_command:Invoked command in '/root/ros2_ws/build/task5' returned '0': CMAKE_PREFIX_PATH=${CMAKE_PREFIX_PATH}:/root/ros2_ws/install/task5_tester:/root/ros2_ws/install/task4_tester:/root/ros2_ws/install/task3_tester:/root/ros2_ws/install/task2_tester:/root/ros2_ws/install/task1:/root/ros2_ws/install/py_srvcli:/root/ros2_ws/install/py_pubsub:/root/ros2_ws/install/my_action_pkg:/root/ros2_ws/install/launch_testing_examples:/root/ros2_ws/install/examples_rclpy_pointcloud_publisher:/root/ros2_ws/install/examples_rclpy_minimal_subscriber:/root/ros2_ws/install/examples_rclpy_minimal_service:/root/ros2_ws/install/examples_rclpy_minimal_publisher:/root/ros2_ws/install/examples_rclpy_minimal_client:/root/ros2_ws/install/examples_rclpy_minimal_action_server:/root/ros2_ws/install/examples_rclpy_minimal_action_client:/root/ros2_ws/install/examples_rclpy_guard_conditions:/root/ros2_ws/install/examples_rclpy_executors:/root/ros2_ws/src/task1/install/task1:/opt/ros/humble /usr/bin/cmake --build /root/ros2_ws/build/task5 -- -j28 -l28
[1.537s] DEBUG:colcon.colcon_core.event_handler.log_command:Invoking command in '/root/ros2_ws/build/task5': CMAKE_PREFIX_PATH=${CMAKE_PREFIX_PATH}:/root/ros2_ws/install/task5_tester:/root/ros2_ws/install/task4_tester:/root/ros2_ws/install/task3_tester:/root/ros2_ws/install/task2_tester:/root/ros2_ws/install/task1:/root/ros2_ws/install/py_srvcli:/root/ros2_ws/install/py_pubsub:/root/ros2_ws/install/my_action_pkg:/root/ros2_ws/install/launch_testing_examples:/root/ros2_ws/install/examples_rclpy_pointcloud_publisher:/root/ros2_ws/install/examples_rclpy_minimal_subscriber:/root/ros2_ws/install/examples_rclpy_minimal_service:/root/ros2_ws/install/examples_rclpy_minimal_publisher:/root/ros2_ws/install/examples_rclpy_minimal_client:/root/ros2_ws/install/examples_rclpy_minimal_action_server:/root/ros2_ws/install/examples_rclpy_minimal_action_client:/root/ros2_ws/install/examples_rclpy_guard_conditions:/root/ros2_ws/install/examples_rclpy_executors:/root/ros2_ws/src/task1/install/task1:/opt/ros/humble /usr/bin/cmake --install /root/ros2_ws/build/task5
[1.537s] DEBUG:colcon.colcon_core.event_handler.log_command:Invoked command in '/root/ros2_ws/build/task3' returned '0': CMAKE_PREFIX_PATH=${CMAKE_PREFIX_PATH}:/root/ros2_ws/install/task5_tester:/root/ros2_ws/install/task4_tester:/root/ros2_ws/install/task3_tester:/root/ros2_ws/install/task2_tester:/root/ros2_ws/install/task1:/root/ros2_ws/install/py_srvcli:/root/ros2_ws/install/py_pubsub:/root/ros2_ws/install/my_action_pkg:/root/ros2_ws/install/launch_testing_examples:/root/ros2_ws/install/examples_rclpy_pointcloud_publisher:/root/ros2_ws/install/examples_rclpy_minimal_subscriber:/root/ros2_ws/install/examples_rclpy_minimal_service:/root/ros2_ws/install/examples_rclpy_minimal_publisher:/root/ros2_ws/install/examples_rclpy_minimal_client:/root/ros2_ws/install/examples_rclpy_minimal_action_server:/root/ros2_ws/install/examples_rclpy_minimal_action_client:/root/ros2_ws/install/examples_rclpy_guard_conditions:/root/ros2_ws/install/examples_rclpy_executors:/root/ros2_ws/src/task1/install/task1:/opt/ros/humble /usr/bin/cmake --build /root/ros2_ws/build/task3 -- -j28 -l28
[1.539s] DEBUG:colcon.colcon_core.event_handler.log_command:Invoking command in '/root/ros2_ws/build/task3': CMAKE_PREFIX_PATH=${CMAKE_PREFIX_PATH}:/root/ros2_ws/install/task5_tester:/root/ros2_ws/install/task4_tester:/root/ros2_ws/install/task3_tester:/root/ros2_ws/install/task2_tester:/root/ros2_ws/install/task1:/root/ros2_ws/install/py_srvcli:/root/ros2_ws/install/py_pubsub:/root/ros2_ws/install/my_action_pkg:/root/ros2_ws/install/launch_testing_examples:/root/ros2_ws/install/examples_rclpy_pointcloud_publisher:/root/ros2_ws/install/examples_rclpy_minimal_subscriber:/root/ros2_ws/install/examples_rclpy_minimal_service:/root/ros2_ws/install/examples_rclpy_minimal_publisher:/root/ros2_ws/install/examples_rclpy_minimal_client:/root/ros2_ws/install/examples_rclpy_minimal_action_server:/root/ros2_ws/install/examples_rclpy_minimal_action_client:/root/ros2_ws/install/examples_rclpy_guard_conditions:/root/ros2_ws/install/examples_rclpy_executors:/root/ros2_ws/src/task1/install/task1:/opt/ros/humble /usr/bin/cmake --install /root/ros2_ws/build/task3
[1.557s] DEBUG:colcon.colcon_core.event_handler.log_command:Invoked command in '/root/ros2_ws/build/task2' returned '0': CMAKE_PREFIX_PATH=${CMAKE_PREFIX_PATH}:/root/ros2_ws/install/task5_tester:/root/ros2_ws/install/task4_tester:/root/ros2_ws/install/task3_tester:/root/ros2_ws/install/task2_tester:/root/ros2_ws/install/task1:/root/ros2_ws/install/py_srvcli:/root/ros2_ws/install/py_pubsub:/root/ros2_ws/install/my_action_pkg:/root/ros2_ws/install/launch_testing_examples:/root/ros2_ws/install/examples_rclpy_pointcloud_publisher:/root/ros2_ws/install/examples_rclpy_minimal_subscriber:/root/ros2_ws/install/examples_rclpy_minimal_service:/root/ros2_ws/install/examples_rclpy_minimal_publisher:/root/ros2_ws/install/examples_rclpy_minimal_client:/root/ros2_ws/install/examples_rclpy_minimal_action_server:/root/ros2_ws/install/examples_rclpy_minimal_action_client:/root/ros2_ws/install/examples_rclpy_guard_conditions:/root/ros2_ws/install/examples_rclpy_executors:/root/ros2_ws/src/task1/install/task1:/opt/ros/humble /usr/bin/cmake --build /root/ros2_ws/build/task2 -- -j28 -l28
[1.561s] DEBUG:colcon.colcon_core.event_handler.log_command:Invoking command in '/root/ros2_ws/build/task2': CMAKE_PREFIX_PATH=${CMAKE_PREFIX_PATH}:/root/ros2_ws/install/task5_tester:/root/ros2_ws/install/task4_tester:/root/ros2_ws/install/task3_tester:/root/ros2_ws/install/task2_tester:/root/ros2_ws/install/task1:/root/ros2_ws/install/py_srvcli:/root/ros2_ws/install/py_pubsub:/root/ros2_ws/install/my_action_pkg:/root/ros2_ws/install/launch_testing_examples:/root/ros2_ws/install/examples_rclpy_pointcloud_publisher:/root/ros2_ws/install/examples_rclpy_minimal_subscriber:/root/ros2_ws/install/examples_rclpy_minimal_service:/root/ros2_ws/install/examples_rclpy_minimal_publisher:/root/ros2_ws/install/examples_rclpy_minimal_client:/root/ros2_ws/install/examples_rclpy_minimal_action_server:/root/ros2_ws/install/examples_rclpy_minimal_action_client:/root/ros2_ws/install/examples_rclpy_guard_conditions:/root/ros2_ws/install/examples_rclpy_executors:/root/ros2_ws/src/task1/install/task1:/opt/ros/humble /usr/bin/cmake --install /root/ros2_ws/build/task2
[1.562s] Level 1:colcon.colcon_core.environment:create_environment_scripts_only(action_tutorials_interfaces)
[1.563s] DEBUG:colcon.colcon_core.event_handler.log_command:Invoked command in '/root/ros2_ws/build/action_tutorials_interfaces' returned '0': CMAKE_PREFIX_PATH=${CMAKE_PREFIX_PATH}:/root/ros2_ws/install/task5_tester:/root/ros2_ws/install/task4_tester:/root/ros2_ws/install/task3_tester:/root/ros2_ws/install/task2_tester:/root/ros2_ws/install/task1:/root/ros2_ws/install/py_srvcli:/root/ros2_ws/install/py_pubsub:/root/ros2_ws/install/my_action_pkg:/root/ros2_ws/install/launch_testing_examples:/root/ros2_ws/install/examples_rclpy_pointcloud_publisher:/root/ros2_ws/install/examples_rclpy_minimal_subscriber:/root/ros2_ws/install/examples_rclpy_minimal_service:/root/ros2_ws/install/examples_rclpy_minimal_publisher:/root/ros2_ws/install/examples_rclpy_minimal_client:/root/ros2_ws/install/examples_rclpy_minimal_action_server:/root/ros2_ws/install/examples_rclpy_minimal_action_client:/root/ros2_ws/install/examples_rclpy_guard_conditions:/root/ros2_ws/install/examples_rclpy_executors:/root/ros2_ws/src/task1/install/task1:/opt/ros/humble /usr/bin/cmake --install /root/ros2_ws/build/action_tutorials_interfaces
[1.570s] Level 1:colcon.colcon_core.environment:checking '/root/ros2_ws/install/action_tutorials_interfaces' for CMake module files
[1.571s] Level 1:colcon.colcon_core.environment:checking '/root/ros2_ws/install/action_tutorials_interfaces' for CMake config files
[1.571s] Level 1:colcon.colcon_core.shell:create_environment_hook('action_tutorials_interfaces', 'cmake_prefix_path')
[1.572s] INFO:colcon.colcon_core.shell:Creating environment hook '/root/ros2_ws/install/action_tutorials_interfaces/share/action_tutorials_interfaces/hook/cmake_prefix_path.ps1'
[1.573s] INFO:colcon.colcon_core.shell:Creating environment descriptor '/root/ros2_ws/install/action_tutorials_interfaces/share/action_tutorials_interfaces/hook/cmake_prefix_path.dsv'
[1.573s] INFO:colcon.colcon_core.shell:Creating environment hook '/root/ros2_ws/install/action_tutorials_interfaces/share/action_tutorials_interfaces/hook/cmake_prefix_path.sh'
[1.574s] Level 1:colcon.colcon_core.environment:checking '/root/ros2_ws/install/action_tutorials_interfaces/bin'
[1.574s] Level 1:colcon.colcon_core.environment:checking '/root/ros2_ws/install/action_tutorials_interfaces/lib/pkgconfig/action_tutorials_interfaces.pc'
[1.574s] Level 1:colcon.colcon_core.environment:checking '/root/ros2_ws/install/action_tutorials_interfaces/lib/python3.10/site-packages'
[1.575s] Level 1:colcon.colcon_core.environment:checking '/root/ros2_ws/install/action_tutorials_interfaces/bin'
[1.575s] INFO:colcon.colcon_core.shell:Creating package script '/root/ros2_ws/install/action_tutorials_interfaces/share/action_tutorials_interfaces/package.ps1'
[1.577s] INFO:colcon.colcon_core.shell:Creating package descriptor '/root/ros2_ws/install/action_tutorials_interfaces/share/action_tutorials_interfaces/package.dsv'
[1.577s] INFO:colcon.colcon_core.shell:Creating package script '/root/ros2_ws/install/action_tutorials_interfaces/share/action_tutorials_interfaces/package.sh'
[1.579s] INFO:colcon.colcon_core.shell:Creating package script '/root/ros2_ws/install/action_tutorials_interfaces/share/action_tutorials_interfaces/package.bash'
[1.580s] INFO:colcon.colcon_core.shell:Creating package script '/root/ros2_ws/install/action_tutorials_interfaces/share/action_tutorials_interfaces/package.zsh'
[1.581s] Level 1:colcon.colcon_core.environment:create_file_with_runtime_dependencies(/root/ros2_ws/install/action_tutorials_interfaces/share/colcon-core/packages/action_tutorials_interfaces)
[1.581s] Level 1:colcon.colcon_core.environment:create_environment_scripts_only(action_tutorials_interfaces)
[1.581s] Level 1:colcon.colcon_core.environment:checking '/root/ros2_ws/install/action_tutorials_interfaces' for CMake module files
[1.582s] Level 1:colcon.colcon_core.environment:checking '/root/ros2_ws/install/action_tutorials_interfaces' for CMake config files
[1.582s] Level 1:colcon.colcon_core.shell:create_environment_hook('action_tutorials_interfaces', 'cmake_prefix_path')
[1.582s] INFO:colcon.colcon_core.shell:Creating environment hook '/root/ros2_ws/install/action_tutorials_interfaces/share/action_tutorials_interfaces/hook/cmake_prefix_path.ps1'
[1.583s] INFO:colcon.colcon_core.shell:Creating environment descriptor '/root/ros2_ws/install/action_tutorials_interfaces/share/action_tutorials_interfaces/hook/cmake_prefix_path.dsv'
[1.583s] INFO:colcon.colcon_core.shell:Creating environment hook '/root/ros2_ws/install/action_tutorials_interfaces/share/action_tutorials_interfaces/hook/cmake_prefix_path.sh'
[1.584s] Level 1:colcon.colcon_core.environment:checking '/root/ros2_ws/install/action_tutorials_interfaces/bin'
[1.584s] Level 1:colcon.colcon_core.environment:checking '/root/ros2_ws/install/action_tutorials_interfaces/lib/pkgconfig/action_tutorials_interfaces.pc'
[1.584s] Level 1:colcon.colcon_core.environment:checking '/root/ros2_ws/install/action_tutorials_interfaces/lib/python3.10/site-packages'
[1.584s] Level 1:colcon.colcon_core.environment:checking '/root/ros2_ws/install/action_tutorials_interfaces/bin'
[1.584s] INFO:colcon.colcon_core.shell:Creating package script '/root/ros2_ws/install/action_tutorials_interfaces/share/action_tutorials_interfaces/package.ps1'
[1.585s] INFO:colcon.colcon_core.shell:Creating package descriptor '/root/ros2_ws/install/action_tutorials_interfaces/share/action_tutorials_interfaces/package.dsv'
[1.586s] INFO:colcon.colcon_core.shell:Creating package script '/root/ros2_ws/install/action_tutorials_interfaces/share/action_tutorials_interfaces/package.sh'
[1.586s] INFO:colcon.colcon_core.shell:Creating package script '/root/ros2_ws/install/action_tutorials_interfaces/share/action_tutorials_interfaces/package.bash'
[1.587s] INFO:colcon.colcon_core.shell:Creating package script '/root/ros2_ws/install/action_tutorials_interfaces/share/action_tutorials_interfaces/package.zsh'
[1.587s] Level 1:colcon.colcon_core.environment:create_file_with_runtime_dependencies(/root/ros2_ws/install/action_tutorials_interfaces/share/colcon-core/packages/action_tutorials_interfaces)
[1.596s] DEBUG:colcon.colcon_core.event_handler.log_command:Invoked command in '/root/ros2_ws/build/task4' returned '0': CMAKE_PREFIX_PATH=${CMAKE_PREFIX_PATH}:/root/ros2_ws/install/task5_tester:/root/ros2_ws/install/task4_tester:/root/ros2_ws/install/task3_tester:/root/ros2_ws/install/task2_tester:/root/ros2_ws/install/task1:/root/ros2_ws/install/py_srvcli:/root/ros2_ws/install/py_pubsub:/root/ros2_ws/install/my_action_pkg:/root/ros2_ws/install/launch_testing_examples:/root/ros2_ws/install/examples_rclpy_pointcloud_publisher:/root/ros2_ws/install/examples_rclpy_minimal_subscriber:/root/ros2_ws/install/examples_rclpy_minimal_service:/root/ros2_ws/install/examples_rclpy_minimal_publisher:/root/ros2_ws/install/examples_rclpy_minimal_client:/root/ros2_ws/install/examples_rclpy_minimal_action_server:/root/ros2_ws/install/examples_rclpy_minimal_action_client:/root/ros2_ws/install/examples_rclpy_guard_conditions:/root/ros2_ws/install/examples_rclpy_executors:/root/ros2_ws/src/task1/install/task1:/opt/ros/humble /usr/bin/cmake --build /root/ros2_ws/build/task4 -- -j28 -l28
[1.599s] DEBUG:colcon.colcon_core.event_handler.log_command:Invoking command in '/root/ros2_ws/build/task4': CMAKE_PREFIX_PATH=${CMAKE_PREFIX_PATH}:/root/ros2_ws/install/task5_tester:/root/ros2_ws/install/task4_tester:/root/ros2_ws/install/task3_tester:/root/ros2_ws/install/task2_tester:/root/ros2_ws/install/task1:/root/ros2_ws/install/py_srvcli:/root/ros2_ws/install/py_pubsub:/root/ros2_ws/install/my_action_pkg:/root/ros2_ws/install/launch_testing_examples:/root/ros2_ws/install/examples_rclpy_pointcloud_publisher:/root/ros2_ws/install/examples_rclpy_minimal_subscriber:/root/ros2_ws/install/examples_rclpy_minimal_service:/root/ros2_ws/install/examples_rclpy_minimal_publisher:/root/ros2_ws/install/examples_rclpy_minimal_client:/root/ros2_ws/install/examples_rclpy_minimal_action_server:/root/ros2_ws/install/examples_rclpy_minimal_action_client:/root/ros2_ws/install/examples_rclpy_guard_conditions:/root/ros2_ws/install/examples_rclpy_executors:/root/ros2_ws/src/task1/install/task1:/opt/ros/humble /usr/bin/cmake --install /root/ros2_ws/build/task4
[1.619s] Level 1:colcon.colcon_core.environment:create_environment_scripts_only(task5)
[1.619s] DEBUG:colcon.colcon_core.event_handler.log_command:Invoked command in '/root/ros2_ws/build/task5' returned '0': CMAKE_PREFIX_PATH=${CMAKE_PREFIX_PATH}:/root/ros2_ws/install/task5_tester:/root/ros2_ws/install/task4_tester:/root/ros2_ws/install/task3_tester:/root/ros2_ws/install/task2_tester:/root/ros2_ws/install/task1:/root/ros2_ws/install/py_srvcli:/root/ros2_ws/install/py_pubsub:/root/ros2_ws/install/my_action_pkg:/root/ros2_ws/install/launch_testing_examples:/root/ros2_ws/install/examples_rclpy_pointcloud_publisher:/root/ros2_ws/install/examples_rclpy_minimal_subscriber:/root/ros2_ws/install/examples_rclpy_minimal_service:/root/ros2_ws/install/examples_rclpy_minimal_publisher:/root/ros2_ws/install/examples_rclpy_minimal_client:/root/ros2_ws/install/examples_rclpy_minimal_action_server:/root/ros2_ws/install/examples_rclpy_minimal_action_client:/root/ros2_ws/install/examples_rclpy_guard_conditions:/root/ros2_ws/install/examples_rclpy_executors:/root/ros2_ws/src/task1/install/task1:/opt/ros/humble /usr/bin/cmake --install /root/ros2_ws/build/task5
[1.619s] Level 1:colcon.colcon_core.environment:checking '/root/ros2_ws/install/task5' for CMake module files
[1.625s] Level 1:colcon.colcon_core.environment:checking '/root/ros2_ws/install/task5' for CMake config files
[1.626s] Level 1:colcon.colcon_core.shell:create_environment_hook('task5', 'cmake_prefix_path')
[1.627s] INFO:colcon.colcon_core.shell:Creating environment hook '/root/ros2_ws/install/task5/share/task5/hook/cmake_prefix_path.ps1'
[1.627s] INFO:colcon.colcon_core.shell:Creating environment descriptor '/root/ros2_ws/install/task5/share/task5/hook/cmake_prefix_path.dsv'
[1.628s] INFO:colcon.colcon_core.shell:Creating environment hook '/root/ros2_ws/install/task5/share/task5/hook/cmake_prefix_path.sh'
[1.629s] Level 1:colcon.colcon_core.environment:checking '/root/ros2_ws/install/task5/lib'
[1.629s] Level 1:colcon.colcon_core.shell:create_environment_hook('task5', 'ld_library_path_lib')
[1.629s] INFO:colcon.colcon_core.shell:Creating environment hook '/root/ros2_ws/install/task5/share/task5/hook/ld_library_path_lib.ps1'
[1.630s] INFO:colcon.colcon_core.shell:Creating environment descriptor '/root/ros2_ws/install/task5/share/task5/hook/ld_library_path_lib.dsv'
[1.630s] INFO:colcon.colcon_core.shell:Creating environment hook '/root/ros2_ws/install/task5/share/task5/hook/ld_library_path_lib.sh'
[1.631s] Level 1:colcon.colcon_core.environment:checking '/root/ros2_ws/install/task5/bin'
[1.631s] Level 1:colcon.colcon_core.environment:checking '/root/ros2_ws/install/task5/lib/pkgconfig/task5.pc'
[1.631s] Level 1:colcon.colcon_core.environment:checking '/root/ros2_ws/install/task5/lib/python3.10/site-packages'
[1.632s] Level 1:colcon.colcon_core.environment:checking '/root/ros2_ws/install/task5/bin'
[1.632s] INFO:colcon.colcon_core.shell:Creating package script '/root/ros2_ws/install/task5/share/task5/package.ps1'
[1.633s] INFO:colcon.colcon_core.shell:Creating package descriptor '/root/ros2_ws/install/task5/share/task5/package.dsv'
[1.633s] INFO:colcon.colcon_core.shell:Creating package script '/root/ros2_ws/install/task5/share/task5/package.sh'
[1.633s] INFO:colcon.colcon_core.shell:Creating package script '/root/ros2_ws/install/task5/share/task5/package.bash'
[1.634s] INFO:colcon.colcon_core.shell:Creating package script '/root/ros2_ws/install/task5/share/task5/package.zsh'
[1.634s] Level 1:colcon.colcon_core.environment:create_file_with_runtime_dependencies(/root/ros2_ws/install/task5/share/colcon-core/packages/task5)
[1.635s] Level 1:colcon.colcon_core.environment:create_environment_scripts_only(task5)
[1.635s] Level 1:colcon.colcon_core.environment:checking '/root/ros2_ws/install/task5' for CMake module files
[1.637s] Level 1:colcon.colcon_core.environment:checking '/root/ros2_ws/install/task5' for CMake config files
[1.639s] Level 1:colcon.colcon_core.shell:create_environment_hook('task5', 'cmake_prefix_path')
[1.639s] INFO:colcon.colcon_core.shell:Creating environment hook '/root/ros2_ws/install/task5/share/task5/hook/cmake_prefix_path.ps1'
[1.640s] INFO:colcon.colcon_core.shell:Creating environment descriptor '/root/ros2_ws/install/task5/share/task5/hook/cmake_prefix_path.dsv'
[1.641s] INFO:colcon.colcon_core.shell:Creating environment hook '/root/ros2_ws/install/task5/share/task5/hook/cmake_prefix_path.sh'
[1.642s] Level 1:colcon.colcon_core.environment:checking '/root/ros2_ws/install/task5/lib'
[1.642s] Level 1:colcon.colcon_core.shell:create_environment_hook('task5', 'ld_library_path_lib')
[1.642s] INFO:colcon.colcon_core.shell:Creating environment hook '/root/ros2_ws/install/task5/share/task5/hook/ld_library_path_lib.ps1'
[1.643s] INFO:colcon.colcon_core.shell:Creating environment descriptor '/root/ros2_ws/install/task5/share/task5/hook/ld_library_path_lib.dsv'
[1.643s] INFO:colcon.colcon_core.shell:Creating environment hook '/root/ros2_ws/install/task5/share/task5/hook/ld_library_path_lib.sh'
[1.643s] Level 1:colcon.colcon_core.environment:checking '/root/ros2_ws/install/task5/bin'
[1.643s] Level 1:colcon.colcon_core.environment:checking '/root/ros2_ws/install/task5/lib/pkgconfig/task5.pc'
[1.644s] Level 1:colcon.colcon_core.environment:checking '/root/ros2_ws/install/task5/lib/python3.10/site-packages'
[1.644s] Level 1:colcon.colcon_core.environment:checking '/root/ros2_ws/install/task5/bin'
[1.644s] INFO:colcon.colcon_core.shell:Creating package script '/root/ros2_ws/install/task5/share/task5/package.ps1'
[1.645s] INFO:colcon.colcon_core.shell:Creating package descriptor '/root/ros2_ws/install/task5/share/task5/package.dsv'
[1.645s] INFO:colcon.colcon_core.shell:Creating package script '/root/ros2_ws/install/task5/share/task5/package.sh'
[1.646s] INFO:colcon.colcon_core.shell:Creating package script '/root/ros2_ws/install/task5/share/task5/package.bash'
[1.646s] INFO:colcon.colcon_core.shell:Creating package script '/root/ros2_ws/install/task5/share/task5/package.zsh'
[1.647s] Level 1:colcon.colcon_core.environment:create_file_with_runtime_dependencies(/root/ros2_ws/install/task5/share/colcon-core/packages/task5)
[1.647s] INFO:colcon.colcon_ros.task.ament_python.build:Building ROS package in '/root/ros2_ws/src/task5_tester' with build type 'ament_python'
[1.647s] Level 1:colcon.colcon_core.shell:create_environment_hook('task5_tester', 'ament_prefix_path')
[1.648s] INFO:colcon.colcon_core.shell:Creating environment hook '/root/ros2_ws/install/task5_tester/share/task5_tester/hook/ament_prefix_path.ps1'
[1.648s] INFO:colcon.colcon_core.shell:Creating environment descriptor '/root/ros2_ws/install/task5_tester/share/task5_tester/hook/ament_prefix_path.dsv'
[1.648s] INFO:colcon.colcon_core.shell:Creating environment hook '/root/ros2_ws/install/task5_tester/share/task5_tester/hook/ament_prefix_path.sh'
[1.649s] INFO:colcon.colcon_core.shell:Skip shell extension 'powershell' for command environment: Not usable outside of PowerShell
[1.649s] DEBUG:colcon.colcon_core.shell:Skip shell extension 'dsv' for command environment
[1.656s] Level 1:colcon.colcon_core.environment:create_environment_scripts_only(task3)
[1.657s] Level 1:colcon.colcon_core.environment:checking '/root/ros2_ws/install/task3' for CMake module files
[1.657s] DEBUG:colcon.colcon_core.event_handler.log_command:Invoked command in '/root/ros2_ws/build/task3' returned '0': CMAKE_PREFIX_PATH=${CMAKE_PREFIX_PATH}:/root/ros2_ws/install/task5_tester:/root/ros2_ws/install/task4_tester:/root/ros2_ws/install/task3_tester:/root/ros2_ws/install/task2_tester:/root/ros2_ws/install/task1:/root/ros2_ws/install/py_srvcli:/root/ros2_ws/install/py_pubsub:/root/ros2_ws/install/my_action_pkg:/root/ros2_ws/install/launch_testing_examples:/root/ros2_ws/install/examples_rclpy_pointcloud_publisher:/root/ros2_ws/install/examples_rclpy_minimal_subscriber:/root/ros2_ws/install/examples_rclpy_minimal_service:/root/ros2_ws/install/examples_rclpy_minimal_publisher:/root/ros2_ws/install/examples_rclpy_minimal_client:/root/ros2_ws/install/examples_rclpy_minimal_action_server:/root/ros2_ws/install/examples_rclpy_minimal_action_client:/root/ros2_ws/install/examples_rclpy_guard_conditions:/root/ros2_ws/install/examples_rclpy_executors:/root/ros2_ws/src/task1/install/task1:/opt/ros/humble /usr/bin/cmake --install /root/ros2_ws/build/task3
[1.659s] Level 1:colcon.colcon_core.environment:checking '/root/ros2_ws/install/task3' for CMake config files
[1.660s] Level 1:colcon.colcon_core.shell:create_environment_hook('task3', 'cmake_prefix_path')
[1.660s] INFO:colcon.colcon_core.shell:Creating environment hook '/root/ros2_ws/install/task3/share/task3/hook/cmake_prefix_path.ps1'
[1.661s] INFO:colcon.colcon_core.shell:Creating environment descriptor '/root/ros2_ws/install/task3/share/task3/hook/cmake_prefix_path.dsv'
[1.662s] INFO:colcon.colcon_core.shell:Creating environment hook '/root/ros2_ws/install/task3/share/task3/hook/cmake_prefix_path.sh'
[1.663s] Level 1:colcon.colcon_core.environment:checking '/root/ros2_ws/install/task3/lib'
[1.663s] Level 1:colcon.colcon_core.shell:create_environment_hook('task3', 'ld_library_path_lib')
[1.663s] INFO:colcon.colcon_core.shell:Creating environment hook '/root/ros2_ws/install/task3/share/task3/hook/ld_library_path_lib.ps1'
[1.664s] INFO:colcon.colcon_core.shell:Creating environment descriptor '/root/ros2_ws/install/task3/share/task3/hook/ld_library_path_lib.dsv'
[1.665s] INFO:colcon.colcon_core.shell:Creating environment hook '/root/ros2_ws/install/task3/share/task3/hook/ld_library_path_lib.sh'
[1.665s] Level 1:colcon.colcon_core.environment:checking '/root/ros2_ws/install/task3/bin'
[1.665s] Level 1:colcon.colcon_core.environment:checking '/root/ros2_ws/install/task3/lib/pkgconfig/task3.pc'
[1.666s] Level 1:colcon.colcon_core.environment:checking '/root/ros2_ws/install/task3/lib/python3.10/site-packages'
[1.666s] Level 1:colcon.colcon_core.environment:checking '/root/ros2_ws/install/task3/bin'
[1.667s] INFO:colcon.colcon_core.shell:Creating package script '/root/ros2_ws/install/task3/share/task3/package.ps1'
[1.668s] INFO:colcon.colcon_core.shell:Creating package descriptor '/root/ros2_ws/install/task3/share/task3/package.dsv'
[1.669s] INFO:colcon.colcon_core.shell:Creating package script '/root/ros2_ws/install/task3/share/task3/package.sh'
[1.669s] INFO:colcon.colcon_core.shell:Creating package script '/root/ros2_ws/install/task3/share/task3/package.bash'
[1.670s] INFO:colcon.colcon_core.shell:Creating package script '/root/ros2_ws/install/task3/share/task3/package.zsh'
[1.670s] Level 1:colcon.colcon_core.environment:create_file_with_runtime_dependencies(/root/ros2_ws/install/task3/share/colcon-core/packages/task3)
[1.671s] Level 1:colcon.colcon_core.environment:create_environment_scripts_only(task3)
[1.671s] Level 1:colcon.colcon_core.environment:checking '/root/ros2_ws/install/task3' for CMake module files
[1.672s] Level 1:colcon.colcon_core.environment:checking '/root/ros2_ws/install/task3' for CMake config files
[1.672s] Level 1:colcon.colcon_core.shell:create_environment_hook('task3', 'cmake_prefix_path')
[1.672s] INFO:colcon.colcon_core.shell:Creating environment hook '/root/ros2_ws/install/task3/share/task3/hook/cmake_prefix_path.ps1'
[1.673s] INFO:colcon.colcon_core.shell:Creating environment descriptor '/root/ros2_ws/install/task3/share/task3/hook/cmake_prefix_path.dsv'
[1.673s] INFO:colcon.colcon_core.shell:Creating environment hook '/root/ros2_ws/install/task3/share/task3/hook/cmake_prefix_path.sh'
[1.674s] Level 1:colcon.colcon_core.environment:checking '/root/ros2_ws/install/task3/lib'
[1.674s] Level 1:colcon.colcon_core.shell:create_environment_hook('task3', 'ld_library_path_lib')
[1.674s] INFO:colcon.colcon_core.shell:Creating environment hook '/root/ros2_ws/install/task3/share/task3/hook/ld_library_path_lib.ps1'
[1.675s] INFO:colcon.colcon_core.shell:Creating environment descriptor '/root/ros2_ws/install/task3/share/task3/hook/ld_library_path_lib.dsv'
[1.675s] INFO:colcon.colcon_core.shell:Creating environment hook '/root/ros2_ws/install/task3/share/task3/hook/ld_library_path_lib.sh'
[1.676s] Level 1:colcon.colcon_core.environment:checking '/root/ros2_ws/install/task3/bin'
[1.676s] Level 1:colcon.colcon_core.environment:checking '/root/ros2_ws/install/task3/lib/pkgconfig/task3.pc'
[1.676s] Level 1:colcon.colcon_core.environment:checking '/root/ros2_ws/install/task3/lib/python3.10/site-packages'
[1.676s] Level 1:colcon.colcon_core.environment:checking '/root/ros2_ws/install/task3/bin'
[1.677s] INFO:colcon.colcon_core.shell:Creating package script '/root/ros2_ws/install/task3/share/task3/package.ps1'
[1.677s] INFO:colcon.colcon_core.shell:Creating package descriptor '/root/ros2_ws/install/task3/share/task3/package.dsv'
[1.678s] INFO:colcon.colcon_core.shell:Creating package script '/root/ros2_ws/install/task3/share/task3/package.sh'
[1.678s] INFO:colcon.colcon_core.shell:Creating package script '/root/ros2_ws/install/task3/share/task3/package.bash'
[1.679s] INFO:colcon.colcon_core.shell:Creating package script '/root/ros2_ws/install/task3/share/task3/package.zsh'
[1.679s] Level 1:colcon.colcon_core.environment:create_file_with_runtime_dependencies(/root/ros2_ws/install/task3/share/colcon-core/packages/task3)
[1.680s] Level 1:colcon.colcon_core.environment:create_environment_scripts_only(task2)
[1.681s] Level 1:colcon.colcon_core.environment:checking '/root/ros2_ws/install/task2' for CMake module files
[1.683s] DEBUG:colcon.colcon_core.event_handler.log_command:Invoked command in '/root/ros2_ws/build/task2' returned '0': CMAKE_PREFIX_PATH=${CMAKE_PREFIX_PATH}:/root/ros2_ws/install/task5_tester:/root/ros2_ws/install/task4_tester:/root/ros2_ws/install/task3_tester:/root/ros2_ws/install/task2_tester:/root/ros2_ws/install/task1:/root/ros2_ws/install/py_srvcli:/root/ros2_ws/install/py_pubsub:/root/ros2_ws/install/my_action_pkg:/root/ros2_ws/install/launch_testing_examples:/root/ros2_ws/install/examples_rclpy_pointcloud_publisher:/root/ros2_ws/install/examples_rclpy_minimal_subscriber:/root/ros2_ws/install/examples_rclpy_minimal_service:/root/ros2_ws/install/examples_rclpy_minimal_publisher:/root/ros2_ws/install/examples_rclpy_minimal_client:/root/ros2_ws/install/examples_rclpy_minimal_action_server:/root/ros2_ws/install/examples_rclpy_minimal_action_client:/root/ros2_ws/install/examples_rclpy_guard_conditions:/root/ros2_ws/install/examples_rclpy_executors:/root/ros2_ws/src/task1/install/task1:/opt/ros/humble /usr/bin/cmake --install /root/ros2_ws/build/task2
[1.688s] Level 1:colcon.colcon_core.environment:checking '/root/ros2_ws/install/task2' for CMake config files
[1.691s] Level 1:colcon.colcon_core.shell:create_environment_hook('task2', 'cmake_prefix_path')
[1.692s] INFO:colcon.colcon_core.shell:Creating environment hook '/root/ros2_ws/install/task2/share/task2/hook/cmake_prefix_path.ps1'
[1.692s] INFO:colcon.colcon_core.shell:Creating environment descriptor '/root/ros2_ws/install/task2/share/task2/hook/cmake_prefix_path.dsv'
[1.693s] INFO:colcon.colcon_core.shell:Creating environment hook '/root/ros2_ws/install/task2/share/task2/hook/cmake_prefix_path.sh'
[1.694s] Level 1:colcon.colcon_core.environment:checking '/root/ros2_ws/install/task2/lib'
[1.694s] Level 1:colcon.colcon_core.shell:create_environment_hook('task2', 'ld_library_path_lib')
[1.694s] INFO:colcon.colcon_core.shell:Creating environment hook '/root/ros2_ws/install/task2/share/task2/hook/ld_library_path_lib.ps1'
[1.695s] INFO:colcon.colcon_core.shell:Creating environment descriptor '/root/ros2_ws/install/task2/share/task2/hook/ld_library_path_lib.dsv'
[1.695s] INFO:colcon.colcon_core.shell:Creating environment hook '/root/ros2_ws/install/task2/share/task2/hook/ld_library_path_lib.sh'
[1.695s] Level 1:colcon.colcon_core.environment:checking '/root/ros2_ws/install/task2/bin'
[1.696s] Level 1:colcon.colcon_core.environment:checking '/root/ros2_ws/install/task2/lib/pkgconfig/task2.pc'
[1.696s] Level 1:colcon.colcon_core.environment:checking '/root/ros2_ws/install/task2/lib/python3.10/site-packages'
[1.696s] Level 1:colcon.colcon_core.environment:checking '/root/ros2_ws/install/task2/bin'
[1.696s] INFO:colcon.colcon_core.shell:Creating package script '/root/ros2_ws/install/task2/share/task2/package.ps1'
[1.697s] INFO:colcon.colcon_core.shell:Creating package descriptor '/root/ros2_ws/install/task2/share/task2/package.dsv'
[1.697s] INFO:colcon.colcon_core.shell:Creating package script '/root/ros2_ws/install/task2/share/task2/package.sh'
[1.698s] INFO:colcon.colcon_core.shell:Creating package script '/root/ros2_ws/install/task2/share/task2/package.bash'
[1.699s] INFO:colcon.colcon_core.shell:Creating package script '/root/ros2_ws/install/task2/share/task2/package.zsh'
[1.699s] Level 1:colcon.colcon_core.environment:create_file_with_runtime_dependencies(/root/ros2_ws/install/task2/share/colcon-core/packages/task2)
[1.699s] Level 1:colcon.colcon_core.environment:create_environment_scripts_only(task2)
[1.700s] Level 1:colcon.colcon_core.environment:checking '/root/ros2_ws/install/task2' for CMake module files
[1.700s] Level 1:colcon.colcon_core.environment:checking '/root/ros2_ws/install/task2' for CMake config files
[1.701s] Level 1:colcon.colcon_core.shell:create_environment_hook('task2', 'cmake_prefix_path')
[1.701s] INFO:colcon.colcon_core.shell:Creating environment hook '/root/ros2_ws/install/task2/share/task2/hook/cmake_prefix_path.ps1'
[1.701s] INFO:colcon.colcon_core.shell:Creating environment descriptor '/root/ros2_ws/install/task2/share/task2/hook/cmake_prefix_path.dsv'
[1.702s] INFO:colcon.colcon_core.shell:Creating environment hook '/root/ros2_ws/install/task2/share/task2/hook/cmake_prefix_path.sh'
[1.702s] Level 1:colcon.colcon_core.environment:checking '/root/ros2_ws/install/task2/lib'
[1.702s] Level 1:colcon.colcon_core.shell:create_environment_hook('task2', 'ld_library_path_lib')
[1.703s] INFO:colcon.colcon_core.shell:Creating environment hook '/root/ros2_ws/install/task2/share/task2/hook/ld_library_path_lib.ps1'
[1.703s] INFO:colcon.colcon_core.shell:Creating environment descriptor '/root/ros2_ws/install/task2/share/task2/hook/ld_library_path_lib.dsv'
[1.703s] INFO:colcon.colcon_core.shell:Creating environment hook '/root/ros2_ws/install/task2/share/task2/hook/ld_library_path_lib.sh'
[1.704s] Level 1:colcon.colcon_core.environment:checking '/root/ros2_ws/install/task2/bin'
[1.704s] Level 1:colcon.colcon_core.environment:checking '/root/ros2_ws/install/task2/lib/pkgconfig/task2.pc'
[1.704s] Level 1:colcon.colcon_core.environment:checking '/root/ros2_ws/install/task2/lib/python3.10/site-packages'
[1.704s] Level 1:colcon.colcon_core.environment:checking '/root/ros2_ws/install/task2/bin'
[1.704s] INFO:colcon.colcon_core.shell:Creating package script '/root/ros2_ws/install/task2/share/task2/package.ps1'
[1.705s] INFO:colcon.colcon_core.shell:Creating package descriptor '/root/ros2_ws/install/task2/share/task2/package.dsv'
[1.706s] INFO:colcon.colcon_core.shell:Creating package script '/root/ros2_ws/install/task2/share/task2/package.sh'
[1.706s] INFO:colcon.colcon_core.shell:Creating package script '/root/ros2_ws/install/task2/share/task2/package.bash'
[1.706s] INFO:colcon.colcon_core.shell:Creating package script '/root/ros2_ws/install/task2/share/task2/package.zsh'
[1.707s] Level 1:colcon.colcon_core.environment:create_file_with_runtime_dependencies(/root/ros2_ws/install/task2/share/colcon-core/packages/task2)
[1.707s] INFO:colcon.colcon_ros.task.ament_python.build:Building ROS package in '/root/ros2_ws/src/task3_tester' with build type 'ament_python'
[1.707s] Level 1:colcon.colcon_core.shell:create_environment_hook('task3_tester', 'ament_prefix_path')
[1.708s] INFO:colcon.colcon_core.shell:Creating environment hook '/root/ros2_ws/install/task3_tester/share/task3_tester/hook/ament_prefix_path.ps1'
[1.708s] INFO:colcon.colcon_core.shell:Creating environment descriptor '/root/ros2_ws/install/task3_tester/share/task3_tester/hook/ament_prefix_path.dsv'
[1.709s] INFO:colcon.colcon_core.shell:Creating environment hook '/root/ros2_ws/install/task3_tester/share/task3_tester/hook/ament_prefix_path.sh'
[1.709s] INFO:colcon.colcon_core.shell:Skip shell extension 'powershell' for command environment: Not usable outside of PowerShell
[1.709s] DEBUG:colcon.colcon_core.shell:Skip shell extension 'dsv' for command environment
[2.005s] INFO:colcon.colcon_core.task.python.build:Building Python package in '/root/ros2_ws/src/task5_tester'
[2.006s] INFO:colcon.colcon_core.shell:Skip shell extension 'powershell' for command environment: Not usable outside of PowerShell
[2.006s] DEBUG:colcon.colcon_core.shell:Skip shell extension 'dsv' for command environment
[2.012s] Level 1:colcon.colcon_core.environment:create_environment_scripts_only(task4)
[2.013s] Level 1:colcon.colcon_core.environment:checking '/root/ros2_ws/install/task4' for CMake module files
[2.014s] DEBUG:colcon.colcon_core.event_handler.log_command:Invoked command in '/root/ros2_ws/build/task4' returned '0': CMAKE_PREFIX_PATH=${CMAKE_PREFIX_PATH}:/root/ros2_ws/install/task5_tester:/root/ros2_ws/install/task4_tester:/root/ros2_ws/install/task3_tester:/root/ros2_ws/install/task2_tester:/root/ros2_ws/install/task1:/root/ros2_ws/install/py_srvcli:/root/ros2_ws/install/py_pubsub:/root/ros2_ws/install/my_action_pkg:/root/ros2_ws/install/launch_testing_examples:/root/ros2_ws/install/examples_rclpy_pointcloud_publisher:/root/ros2_ws/install/examples_rclpy_minimal_subscriber:/root/ros2_ws/install/examples_rclpy_minimal_service:/root/ros2_ws/install/examples_rclpy_minimal_publisher:/root/ros2_ws/install/examples_rclpy_minimal_client:/root/ros2_ws/install/examples_rclpy_minimal_action_server:/root/ros2_ws/install/examples_rclpy_minimal_action_client:/root/ros2_ws/install/examples_rclpy_guard_conditions:/root/ros2_ws/install/examples_rclpy_executors:/root/ros2_ws/src/task1/install/task1:/opt/ros/humble /usr/bin/cmake --install /root/ros2_ws/build/task4
[2.014s] Level 1:colcon.colcon_core.environment:checking '/root/ros2_ws/install/task4' for CMake config files
[2.015s] Level 1:colcon.colcon_core.shell:create_environment_hook('task4', 'cmake_prefix_path')
[2.015s] INFO:colcon.colcon_core.shell:Creating environment hook '/root/ros2_ws/install/task4/share/task4/hook/cmake_prefix_path.ps1'
[2.016s] INFO:colcon.colcon_core.shell:Creating environment descriptor '/root/ros2_ws/install/task4/share/task4/hook/cmake_prefix_path.dsv'
[2.016s] INFO:colcon.colcon_core.shell:Creating environment hook '/root/ros2_ws/install/task4/share/task4/hook/cmake_prefix_path.sh'
[2.017s] Level 1:colcon.colcon_core.environment:checking '/root/ros2_ws/install/task4/lib'
[2.017s] Level 1:colcon.colcon_core.shell:create_environment_hook('task4', 'ld_library_path_lib')
[2.017s] INFO:colcon.colcon_core.shell:Creating environment hook '/root/ros2_ws/install/task4/share/task4/hook/ld_library_path_lib.ps1'
[2.018s] INFO:colcon.colcon_core.shell:Creating environment descriptor '/root/ros2_ws/install/task4/share/task4/hook/ld_library_path_lib.dsv'
[2.018s] INFO:colcon.colcon_core.shell:Creating environment hook '/root/ros2_ws/install/task4/share/task4/hook/ld_library_path_lib.sh'
[2.018s] Level 1:colcon.colcon_core.environment:checking '/root/ros2_ws/install/task4/bin'
[2.018s] Level 1:colcon.colcon_core.environment:checking '/root/ros2_ws/install/task4/lib/pkgconfig/task4.pc'
[2.018s] Level 1:colcon.colcon_core.environment:checking '/root/ros2_ws/install/task4/lib/python3.10/site-packages'
[2.019s] Level 1:colcon.colcon_core.environment:checking '/root/ros2_ws/install/task4/bin'
[2.019s] INFO:colcon.colcon_core.shell:Creating package script '/root/ros2_ws/install/task4/share/task4/package.ps1'
[2.020s] INFO:colcon.colcon_core.shell:Creating package descriptor '/root/ros2_ws/install/task4/share/task4/package.dsv'
[2.020s] INFO:colcon.colcon_core.shell:Creating package script '/root/ros2_ws/install/task4/share/task4/package.sh'
[2.021s] INFO:colcon.colcon_core.shell:Creating package script '/root/ros2_ws/install/task4/share/task4/package.bash'
[2.021s] INFO:colcon.colcon_core.shell:Creating package script '/root/ros2_ws/install/task4/share/task4/package.zsh'
[2.021s] Level 1:colcon.colcon_core.environment:create_file_with_runtime_dependencies(/root/ros2_ws/install/task4/share/colcon-core/packages/task4)
[2.022s] Level 1:colcon.colcon_core.environment:create_environment_scripts_only(task4)
[2.022s] Level 1:colcon.colcon_core.environment:checking '/root/ros2_ws/install/task4' for CMake module files
[2.023s] Level 1:colcon.colcon_core.environment:checking '/root/ros2_ws/install/task4' for CMake config files
[2.023s] Level 1:colcon.colcon_core.shell:create_environment_hook('task4', 'cmake_prefix_path')
[2.023s] INFO:colcon.colcon_core.shell:Creating environment hook '/root/ros2_ws/install/task4/share/task4/hook/cmake_prefix_path.ps1'
[2.024s] INFO:colcon.colcon_core.shell:Creating environment descriptor '/root/ros2_ws/install/task4/share/task4/hook/cmake_prefix_path.dsv'
[2.024s] INFO:colcon.colcon_core.shell:Creating environment hook '/root/ros2_ws/install/task4/share/task4/hook/cmake_prefix_path.sh'
[2.025s] Level 1:colcon.colcon_core.environment:checking '/root/ros2_ws/install/task4/lib'
[2.025s] Level 1:colcon.colcon_core.shell:create_environment_hook('task4', 'ld_library_path_lib')
[2.025s] INFO:colcon.colcon_core.shell:Creating environment hook '/root/ros2_ws/install/task4/share/task4/hook/ld_library_path_lib.ps1'
[2.025s] INFO:colcon.colcon_core.shell:Creating environment descriptor '/root/ros2_ws/install/task4/share/task4/hook/ld_library_path_lib.dsv'
[2.026s] INFO:colcon.colcon_core.shell:Creating environment hook '/root/ros2_ws/install/task4/share/task4/hook/ld_library_path_lib.sh'
[2.026s] Level 1:colcon.colcon_core.environment:checking '/root/ros2_ws/install/task4/bin'
[2.026s] Level 1:colcon.colcon_core.environment:checking '/root/ros2_ws/install/task4/lib/pkgconfig/task4.pc'
[2.026s] Level 1:colcon.colcon_core.environment:checking '/root/ros2_ws/install/task4/lib/python3.10/site-packages'
[2.026s] Level 1:colcon.colcon_core.environment:checking '/root/ros2_ws/install/task4/bin'
[2.027s] INFO:colcon.colcon_core.shell:Creating package script '/root/ros2_ws/install/task4/share/task4/package.ps1'
[2.027s] INFO:colcon.colcon_core.shell:Creating package descriptor '/root/ros2_ws/install/task4/share/task4/package.dsv'
[2.028s] INFO:colcon.colcon_core.shell:Creating package script '/root/ros2_ws/install/task4/share/task4/package.sh'
[2.028s] INFO:colcon.colcon_core.shell:Creating package script '/root/ros2_ws/install/task4/share/task4/package.bash'
[2.029s] INFO:colcon.colcon_core.shell:Creating package script '/root/ros2_ws/install/task4/share/task4/package.zsh'
[2.029s] Level 1:colcon.colcon_core.environment:create_file_with_runtime_dependencies(/root/ros2_ws/install/task4/share/colcon-core/packages/task4)
[2.307s] INFO:colcon.colcon_core.task.python.build:Building Python package in '/root/ros2_ws/src/task3_tester'
[2.307s] INFO:colcon.colcon_core.shell:Skip shell extension 'powershell' for command environment: Not usable outside of PowerShell
[2.307s] DEBUG:colcon.colcon_core.shell:Skip shell extension 'dsv' for command environment
[2.317s] DEBUG:colcon.colcon_core.event_handler.log_command:Invoking command in '/root/ros2_ws/src/task4_tester': PYTHONPATH=/root/ros2_ws/build/task4_tester/prefix_override:/usr/lib/python3/dist-packages/colcon_core/task/python/colcon_distutils_commands:/root/ros2_ws/install/task4_tester/lib/python3.10/site-packages:${PYTHONPATH} /usr/bin/python3 -W ignore:setup.py install is deprecated -W ignore:easy_install command is deprecated setup.py egg_info --egg-base ../../build/task4_tester build --build-base /root/ros2_ws/build/task4_tester/build install --record /root/ros2_ws/build/task4_tester/install.log --single-version-externally-managed install_data
[2.319s] DEBUG:colcon.colcon_core.event_handler.log_command:Invoking command in '/root/ros2_ws/src/task2_tester': PYTHONPATH=/root/ros2_ws/build/task2_tester/prefix_override:/usr/lib/python3/dist-packages/colcon_core/task/python/colcon_distutils_commands:/root/ros2_ws/install/task2_tester/lib/python3.10/site-packages:${PYTHONPATH} /usr/bin/python3 -W ignore:setup.py install is deprecated -W ignore:easy_install command is deprecated setup.py egg_info --egg-base ../../build/task2_tester build --build-base /root/ros2_ws/build/task2_tester/build install --record /root/ros2_ws/build/task2_tester/install.log --single-version-externally-managed install_data
[2.320s] DEBUG:colcon.colcon_core.event_handler.log_command:Invoking command in '/root/ros2_ws/src/task1': PYTHONPATH=/root/ros2_ws/build/task1/prefix_override:/usr/lib/python3/dist-packages/colcon_core/task/python/colcon_distutils_commands:/root/ros2_ws/install/task1/lib/python3.10/site-packages:${PYTHONPATH} /usr/bin/python3 -W ignore:setup.py install is deprecated -W ignore:easy_install command is deprecated setup.py egg_info --egg-base ../../build/task1 build --build-base /root/ros2_ws/build/task1/build install --record /root/ros2_ws/build/task1/install.log --single-version-externally-managed install_data
[2.650s] Level 1:colcon.colcon_core.environment:checking '/root/ros2_ws/install/task1' for CMake module files
[2.651s] DEBUG:colcon.colcon_core.event_handler.log_command:Invoked command in '/root/ros2_ws/src/task1' returned '0': PYTHONPATH=/root/ros2_ws/build/task1/prefix_override:/usr/lib/python3/dist-packages/colcon_core/task/python/colcon_distutils_commands:/root/ros2_ws/install/task1/lib/python3.10/site-packages:${PYTHONPATH} /usr/bin/python3 -W ignore:setup.py install is deprecated -W ignore:easy_install command is deprecated setup.py egg_info --egg-base ../../build/task1 build --build-base /root/ros2_ws/build/task1/build install --record /root/ros2_ws/build/task1/install.log --single-version-externally-managed install_data
[2.651s] Level 1:colcon.colcon_core.environment:checking '/root/ros2_ws/install/task1' for CMake config files
[2.652s] Level 1:colcon.colcon_core.environment:checking '/root/ros2_ws/install/task1/lib'
[2.652s] Level 1:colcon.colcon_core.environment:checking '/root/ros2_ws/install/task1/bin'
[2.652s] Level 1:colcon.colcon_core.environment:checking '/root/ros2_ws/install/task1/lib/pkgconfig/task1.pc'
[2.652s] Level 1:colcon.colcon_core.environment:checking '/root/ros2_ws/install/task1/lib/python3.10/site-packages'
[2.652s] Level 1:colcon.colcon_core.shell:create_environment_hook('task1', 'pythonpath')
[2.652s] INFO:colcon.colcon_core.shell:Creating environment hook '/root/ros2_ws/install/task1/share/task1/hook/pythonpath.ps1'
[2.653s] INFO:colcon.colcon_core.shell:Creating environment descriptor '/root/ros2_ws/install/task1/share/task1/hook/pythonpath.dsv'
[2.653s] INFO:colcon.colcon_core.shell:Creating environment hook '/root/ros2_ws/install/task1/share/task1/hook/pythonpath.sh'
[2.654s] Level 1:colcon.colcon_core.environment:checking '/root/ros2_ws/install/task1/bin'
[2.654s] Level 1:colcon.colcon_core.environment:create_environment_scripts_only(task1)
[2.655s] INFO:colcon.colcon_core.shell:Creating package script '/root/ros2_ws/install/task1/share/task1/package.ps1'
[2.655s] INFO:colcon.colcon_core.shell:Creating package descriptor '/root/ros2_ws/install/task1/share/task1/package.dsv'
[2.656s] INFO:colcon.colcon_core.shell:Creating package script '/root/ros2_ws/install/task1/share/task1/package.sh'
[2.656s] INFO:colcon.colcon_core.shell:Creating package script '/root/ros2_ws/install/task1/share/task1/package.bash'
[2.657s] INFO:colcon.colcon_core.shell:Creating package script '/root/ros2_ws/install/task1/share/task1/package.zsh'
[2.657s] Level 1:colcon.colcon_core.environment:create_file_with_runtime_dependencies(/root/ros2_ws/install/task1/share/colcon-core/packages/task1)
[2.658s] Level 1:colcon.colcon_core.environment:checking '/root/ros2_ws/install/task4_tester' for CMake module files
[2.659s] DEBUG:colcon.colcon_core.event_handler.log_command:Invoked command in '/root/ros2_ws/src/task4_tester' returned '0': PYTHONPATH=/root/ros2_ws/build/task4_tester/prefix_override:/usr/lib/python3/dist-packages/colcon_core/task/python/colcon_distutils_commands:/root/ros2_ws/install/task4_tester/lib/python3.10/site-packages:${PYTHONPATH} /usr/bin/python3 -W ignore:setup.py install is deprecated -W ignore:easy_install command is deprecated setup.py egg_info --egg-base ../../build/task4_tester build --build-base /root/ros2_ws/build/task4_tester/build install --record /root/ros2_ws/build/task4_tester/install.log --single-version-externally-managed install_data
[2.659s] Level 1:colcon.colcon_core.environment:checking '/root/ros2_ws/install/task4_tester' for CMake config files
[2.660s] Level 1:colcon.colcon_core.environment:checking '/root/ros2_ws/install/task4_tester/lib'
[2.660s] Level 1:colcon.colcon_core.environment:checking '/root/ros2_ws/install/task4_tester/bin'
[2.660s] Level 1:colcon.colcon_core.environment:checking '/root/ros2_ws/install/task4_tester/lib/pkgconfig/task4_tester.pc'
[2.660s] Level 1:colcon.colcon_core.environment:checking '/root/ros2_ws/install/task4_tester/lib/python3.10/site-packages'
[2.660s] Level 1:colcon.colcon_core.shell:create_environment_hook('task4_tester', 'pythonpath')
[2.660s] INFO:colcon.colcon_core.shell:Creating environment hook '/root/ros2_ws/install/task4_tester/share/task4_tester/hook/pythonpath.ps1'
[2.661s] INFO:colcon.colcon_core.shell:Creating environment descriptor '/root/ros2_ws/install/task4_tester/share/task4_tester/hook/pythonpath.dsv'
[2.661s] INFO:colcon.colcon_core.shell:Creating environment hook '/root/ros2_ws/install/task4_tester/share/task4_tester/hook/pythonpath.sh'
[2.662s] Level 1:colcon.colcon_core.environment:checking '/root/ros2_ws/install/task4_tester/bin'
[2.662s] Level 1:colcon.colcon_core.environment:create_environment_scripts_only(task4_tester)
[2.662s] INFO:colcon.colcon_core.shell:Creating package script '/root/ros2_ws/install/task4_tester/share/task4_tester/package.ps1'
[2.663s] INFO:colcon.colcon_core.shell:Creating package descriptor '/root/ros2_ws/install/task4_tester/share/task4_tester/package.dsv'
[2.663s] INFO:colcon.colcon_core.shell:Creating package script '/root/ros2_ws/install/task4_tester/share/task4_tester/package.sh'
[2.664s] INFO:colcon.colcon_core.shell:Creating package script '/root/ros2_ws/install/task4_tester/share/task4_tester/package.bash'
[2.664s] INFO:colcon.colcon_core.shell:Creating package script '/root/ros2_ws/install/task4_tester/share/task4_tester/package.zsh'
[2.664s] Level 1:colcon.colcon_core.environment:create_file_with_runtime_dependencies(/root/ros2_ws/install/task4_tester/share/colcon-core/packages/task4_tester)
[2.665s] Level 1:colcon.colcon_core.environment:checking '/root/ros2_ws/install/task2_tester' for CMake module files
[2.667s] DEBUG:colcon.colcon_core.event_handler.log_command:Invoked command in '/root/ros2_ws/src/task2_tester' returned '0': PYTHONPATH=/root/ros2_ws/build/task2_tester/prefix_override:/usr/lib/python3/dist-packages/colcon_core/task/python/colcon_distutils_commands:/root/ros2_ws/install/task2_tester/lib/python3.10/site-packages:${PYTHONPATH} /usr/bin/python3 -W ignore:setup.py install is deprecated -W ignore:easy_install command is deprecated setup.py egg_info --egg-base ../../build/task2_tester build --build-base /root/ros2_ws/build/task2_tester/build install --record /root/ros2_ws/build/task2_tester/install.log --single-version-externally-managed install_data
[2.667s] Level 1:colcon.colcon_core.environment:checking '/root/ros2_ws/install/task2_tester' for CMake config files
[2.668s] Level 1:colcon.colcon_core.environment:checking '/root/ros2_ws/install/task2_tester/lib'
[2.668s] Level 1:colcon.colcon_core.environment:checking '/root/ros2_ws/install/task2_tester/bin'
[2.668s] Level 1:colcon.colcon_core.environment:checking '/root/ros2_ws/install/task2_tester/lib/pkgconfig/task2_tester.pc'
[2.668s] Level 1:colcon.colcon_core.environment:checking '/root/ros2_ws/install/task2_tester/lib/python3.10/site-packages'
[2.669s] Level 1:colcon.colcon_core.shell:create_environment_hook('task2_tester', 'pythonpath')
[2.669s] INFO:colcon.colcon_core.shell:Creating environment hook '/root/ros2_ws/install/task2_tester/share/task2_tester/hook/pythonpath.ps1'
[2.670s] INFO:colcon.colcon_core.shell:Creating environment descriptor '/root/ros2_ws/install/task2_tester/share/task2_tester/hook/pythonpath.dsv'
[2.670s] INFO:colcon.colcon_core.shell:Creating environment hook '/root/ros2_ws/install/task2_tester/share/task2_tester/hook/pythonpath.sh'
[2.671s] Level 1:colcon.colcon_core.environment:checking '/root/ros2_ws/install/task2_tester/bin'
[2.671s] Level 1:colcon.colcon_core.environment:create_environment_scripts_only(task2_tester)
[2.672s] INFO:colcon.colcon_core.shell:Creating package script '/root/ros2_ws/install/task2_tester/share/task2_tester/package.ps1'
[2.673s] INFO:colcon.colcon_core.shell:Creating package descriptor '/root/ros2_ws/install/task2_tester/share/task2_tester/package.dsv'
[2.674s] INFO:colcon.colcon_core.shell:Creating package script '/root/ros2_ws/install/task2_tester/share/task2_tester/package.sh'
[2.674s] INFO:colcon.colcon_core.shell:Creating package script '/root/ros2_ws/install/task2_tester/share/task2_tester/package.bash'
[2.675s] INFO:colcon.colcon_core.shell:Creating package script '/root/ros2_ws/install/task2_tester/share/task2_tester/package.zsh'
[2.675s] Level 1:colcon.colcon_core.environment:create_file_with_runtime_dependencies(/root/ros2_ws/install/task2_tester/share/colcon-core/packages/task2_tester)
[2.728s] DEBUG:colcon.colcon_core.event_handler.log_command:Invoking command in '/root/ros2_ws/src/task5_tester': PYTHONPATH=/root/ros2_ws/build/task5_tester/prefix_override:/usr/lib/python3/dist-packages/colcon_core/task/python/colcon_distutils_commands:/root/ros2_ws/install/task5_tester/lib/python3.10/site-packages:${PYTHONPATH} /usr/bin/python3 -W ignore:setup.py install is deprecated -W ignore:easy_install command is deprecated setup.py egg_info --egg-base ../../build/task5_tester build --build-base /root/ros2_ws/build/task5_tester/build install --record /root/ros2_ws/build/task5_tester/install.log --single-version-externally-managed install_data
[2.746s] DEBUG:colcon.colcon_core.event_handler.log_command:Invoking command in '/root/ros2_ws/src/task3_tester': CMAKE_PREFIX_PATH=/root/ros2_ws/install/task3:/root/ros2_ws/install/task5:/root/ros2_ws/install/task4:/root/ros2_ws/install/task2:/root/ros2_ws/install/examples_rclcpp_wait_set:/root/ros2_ws/install/examples_rclcpp_cbg_executor:/root/ros2_ws/install/examples_rclcpp_async_client:/root/ros2_ws/install/action_tutorials_interfaces LD_LIBRARY_PATH=/root/ros2_ws/install/task3/lib:/root/ros2_ws/install/task5/lib:/root/ros2_ws/install/task4/lib:/root/ros2_ws/install/task2/lib:/root/ros2_ws/install/examples_rclcpp_wait_set/lib:/opt/ros/humble/opt/rviz_ogre_vendor/lib:/opt/ros/humble/lib/x86_64-linux-gnu:/opt/ros/humble/lib PYTHONPATH=/root/ros2_ws/build/task3_tester/prefix_override:/usr/lib/python3/dist-packages/colcon_core/task/python/colcon_distutils_commands:/root/ros2_ws/install/task3_tester/lib/python3.10/site-packages:${PYTHONPATH} /usr/bin/python3 -W ignore:setup.py install is deprecated -W ignore:easy_install command is deprecated setup.py egg_info --egg-base ../../build/task3_tester build --build-base /root/ros2_ws/build/task3_tester/build install --record /root/ros2_ws/build/task3_tester/install.log --single-version-externally-managed install_data
[3.063s] Level 1:colcon.colcon_core.environment:checking '/root/ros2_ws/install/task5_tester' for CMake module files
[3.064s] DEBUG:colcon.colcon_core.event_handler.log_command:Invoked command in '/root/ros2_ws/src/task5_tester' returned '0': PYTHONPATH=/root/ros2_ws/build/task5_tester/prefix_override:/usr/lib/python3/dist-packages/colcon_core/task/python/colcon_distutils_commands:/root/ros2_ws/install/task5_tester/lib/python3.10/site-packages:${PYTHONPATH} /usr/bin/python3 -W ignore:setup.py install is deprecated -W ignore:easy_install command is deprecated setup.py egg_info --egg-base ../../build/task5_tester build --build-base /root/ros2_ws/build/task5_tester/build install --record /root/ros2_ws/build/task5_tester/install.log --single-version-externally-managed install_data
[3.065s] Level 1:colcon.colcon_core.environment:checking '/root/ros2_ws/install/task5_tester' for CMake config files
[3.066s] Level 1:colcon.colcon_core.environment:checking '/root/ros2_ws/install/task5_tester/lib'
[3.067s] Level 1:colcon.colcon_core.environment:checking '/root/ros2_ws/install/task5_tester/bin'
[3.067s] Level 1:colcon.colcon_core.environment:checking '/root/ros2_ws/install/task5_tester/lib/pkgconfig/task5_tester.pc'
[3.067s] Level 1:colcon.colcon_core.environment:checking '/root/ros2_ws/install/task5_tester/lib/python3.10/site-packages'
[3.067s] Level 1:colcon.colcon_core.shell:create_environment_hook('task5_tester', 'pythonpath')
[3.067s] INFO:colcon.colcon_core.shell:Creating environment hook '/root/ros2_ws/install/task5_tester/share/task5_tester/hook/pythonpath.ps1'
[3.068s] INFO:colcon.colcon_core.shell:Creating environment descriptor '/root/ros2_ws/install/task5_tester/share/task5_tester/hook/pythonpath.dsv'
[3.069s] INFO:colcon.colcon_core.shell:Creating environment hook '/root/ros2_ws/install/task5_tester/share/task5_tester/hook/pythonpath.sh'
[3.070s] Level 1:colcon.colcon_core.environment:checking '/root/ros2_ws/install/task5_tester/bin'
[3.070s] Level 1:colcon.colcon_core.environment:create_environment_scripts_only(task5_tester)
[3.071s] INFO:colcon.colcon_core.shell:Creating package script '/root/ros2_ws/install/task5_tester/share/task5_tester/package.ps1'
[3.072s] INFO:colcon.colcon_core.shell:Creating package descriptor '/root/ros2_ws/install/task5_tester/share/task5_tester/package.dsv'
[3.072s] INFO:colcon.colcon_core.shell:Creating package script '/root/ros2_ws/install/task5_tester/share/task5_tester/package.sh'
[3.073s] INFO:colcon.colcon_core.shell:Creating package script '/root/ros2_ws/install/task5_tester/share/task5_tester/package.bash'
[3.073s] INFO:colcon.colcon_core.shell:Creating package script '/root/ros2_ws/install/task5_tester/share/task5_tester/package.zsh'
[3.074s] Level 1:colcon.colcon_core.environment:create_file_with_runtime_dependencies(/root/ros2_ws/install/task5_tester/share/colcon-core/packages/task5_tester)
[3.088s] Level 1:colcon.colcon_core.environment:checking '/root/ros2_ws/install/task3_tester' for CMake module files
[3.088s] DEBUG:colcon.colcon_core.event_handler.log_command:Invoked command in '/root/ros2_ws/src/task3_tester' returned '0': CMAKE_PREFIX_PATH=/root/ros2_ws/install/task3:/root/ros2_ws/install/task5:/root/ros2_ws/install/task4:/root/ros2_ws/install/task2:/root/ros2_ws/install/examples_rclcpp_wait_set:/root/ros2_ws/install/examples_rclcpp_cbg_executor:/root/ros2_ws/install/examples_rclcpp_async_client:/root/ros2_ws/install/action_tutorials_interfaces LD_LIBRARY_PATH=/root/ros2_ws/install/task3/lib:/root/ros2_ws/install/task5/lib:/root/ros2_ws/install/task4/lib:/root/ros2_ws/install/task2/lib:/root/ros2_ws/install/examples_rclcpp_wait_set/lib:/opt/ros/humble/opt/rviz_ogre_vendor/lib:/opt/ros/humble/lib/x86_64-linux-gnu:/opt/ros/humble/lib PYTHONPATH=/root/ros2_ws/build/task3_tester/prefix_override:/usr/lib/python3/dist-packages/colcon_core/task/python/colcon_distutils_commands:/root/ros2_ws/install/task3_tester/lib/python3.10/site-packages:${PYTHONPATH} /usr/bin/python3 -W ignore:setup.py install is deprecated -W ignore:easy_install command is deprecated setup.py egg_info --egg-base ../../build/task3_tester build --build-base /root/ros2_ws/build/task3_tester/build install --record /root/ros2_ws/build/task3_tester/install.log --single-version-externally-managed install_data
[3.089s] Level 1:colcon.colcon_core.environment:checking '/root/ros2_ws/install/task3_tester' for CMake config files
[3.089s] Level 1:colcon.colcon_core.environment:checking '/root/ros2_ws/install/task3_tester/lib'
[3.089s] Level 1:colcon.colcon_core.environment:checking '/root/ros2_ws/install/task3_tester/bin'
[3.089s] Level 1:colcon.colcon_core.environment:checking '/root/ros2_ws/install/task3_tester/lib/pkgconfig/task3_tester.pc'
[3.090s] Level 1:colcon.colcon_core.environment:checking '/root/ros2_ws/install/task3_tester/lib/python3.10/site-packages'
[3.090s] Level 1:colcon.colcon_core.shell:create_environment_hook('task3_tester', 'pythonpath')
[3.090s] INFO:colcon.colcon_core.shell:Creating environment hook '/root/ros2_ws/install/task3_tester/share/task3_tester/hook/pythonpath.ps1'
[3.090s] INFO:colcon.colcon_core.shell:Creating environment descriptor '/root/ros2_ws/install/task3_tester/share/task3_tester/hook/pythonpath.dsv'
[3.091s] INFO:colcon.colcon_core.shell:Creating environment hook '/root/ros2_ws/install/task3_tester/share/task3_tester/hook/pythonpath.sh'
[3.092s] Level 1:colcon.colcon_core.environment:checking '/root/ros2_ws/install/task3_tester/bin'
[3.092s] Level 1:colcon.colcon_core.environment:create_environment_scripts_only(task3_tester)
[3.092s] INFO:colcon.colcon_core.shell:Creating package script '/root/ros2_ws/install/task3_tester/share/task3_tester/package.ps1'
[3.093s] INFO:colcon.colcon_core.shell:Creating package descriptor '/root/ros2_ws/install/task3_tester/share/task3_tester/package.dsv'
[3.093s] INFO:colcon.colcon_core.shell:Creating package script '/root/ros2_ws/install/task3_tester/share/task3_tester/package.sh'
[3.093s] INFO:colcon.colcon_core.shell:Creating package script '/root/ros2_ws/install/task3_tester/share/task3_tester/package.bash'
[3.094s] INFO:colcon.colcon_core.shell:Creating package script '/root/ros2_ws/install/task3_tester/share/task3_tester/package.zsh'
[3.094s] Level 1:colcon.colcon_core.environment:create_file_with_runtime_dependencies(/root/ros2_ws/install/task3_tester/share/colcon-core/packages/task3_tester)
[3.094s] DEBUG:colcon.colcon_parallel_executor.executor.parallel:closing loop
[3.094s] DEBUG:colcon.colcon_parallel_executor.executor.parallel:loop closed
[3.094s] DEBUG:colcon.colcon_parallel_executor.executor.parallel:run_until_complete finished with '0'
[3.094s] DEBUG:colcon.colcon_core.event_reactor:joining thread
[3.109s] INFO:colcon.colcon_core.plugin_system:Skipping extension 'colcon_notification.desktop_notification.notify_send': Could not find 'notify-send'
[3.109s] INFO:colcon.colcon_core.plugin_system:Skipping extension 'colcon_notification.desktop_notification.terminal_notifier': Not used on non-Darwin systems
[3.109s] INFO:colcon.colcon_core.plugin_system:Skipping extension 'colcon_notification.desktop_notification.win32': Not used on non-Windows systems
[3.109s] INFO:colcon.colcon_notification.desktop_notification:Sending desktop notification using 'notify2'
[3.115s] DEBUG:colcon.colcon_notification.desktop_notification.notify2:Failed to initialize notify2: org.freedesktop.DBus.Error.Spawn.ExecFailed: /usr/bin/dbus-launch terminated abnormally without any error message
[3.116s] DEBUG:colcon.colcon_core.event_reactor:joined thread
[3.116s] INFO:colcon.colcon_core.shell:Creating prefix script '/root/ros2_ws/install/local_setup.ps1'
[3.118s] INFO:colcon.colcon_core.shell:Creating prefix util module '/root/ros2_ws/install/_local_setup_util_ps1.py'
[3.120s] INFO:colcon.colcon_core.shell:Creating prefix chain script '/root/ros2_ws/install/setup.ps1'
[3.123s] INFO:colcon.colcon_core.shell:Creating prefix script '/root/ros2_ws/install/local_setup.sh'
[3.124s] INFO:colcon.colcon_core.shell:Creating prefix util module '/root/ros2_ws/install/_local_setup_util_sh.py'
[3.124s] INFO:colcon.colcon_core.shell:Creating prefix chain script '/root/ros2_ws/install/setup.sh'
[3.127s] INFO:colcon.colcon_core.shell:Creating prefix script '/root/ros2_ws/install/local_setup.bash'
[3.128s] INFO:colcon.colcon_core.shell:Creating prefix chain script '/root/ros2_ws/install/setup.bash'
[3.130s] INFO:colcon.colcon_core.shell:Creating prefix script '/root/ros2_ws/install/local_setup.zsh'
[3.130s] INFO:colcon.colcon_core.shell:Creating prefix chain script '/root/ros2_ws/install/setup.zsh'
