[0.000000] (-) TimerEvent: {}
[0.006115] (task1) JobQueued: {'identifier': 'task1', 'dependencies': OrderedDict()}
[0.006170] (task2) JobQueued: {'identifier': 'task2', 'dependencies': OrderedDict()}
[0.006206] (task2_tester) JobQueued: {'identifier': 'task2_tester', 'dependencies': OrderedDict()}
[0.006290] (task3) JobQueued: {'identifier': 'task3', 'dependencies': OrderedDict()}
[0.006684] (task3_tester) JobQueued: {'identifier': 'task3_tester', 'dependencies': OrderedDict([('task3', '/root/ros2_ws/install/task3')])}
[0.006725] (task3) JobStarted: {'identifier': 'task3'}
[0.012358] (task1) JobStarted: {'identifier': 'task1'}
[0.016707] (task2) JobStarted: {'identifier': 'task2'}
[0.019582] (task2_tester) JobStarted: {'identifier': 'task2_tester'}
[0.024069] (task3) JobProgress: {'identifier': 'task3', 'progress': 'cmake'}
[0.024380] (task3) JobProgress: {'identifier': 'task3', 'progress': 'build'}
[0.025180] (task3) Command: {'cmd': ['/usr/bin/cmake', '--build', '/root/ros2_ws/build/task3', '--', '-j28', '-l28'], 'cwd': '/root/ros2_ws/build/task3', 'env': OrderedDict([('HOSTNAME', '2fef300a6fd9'), ('SHLVL', '1'), ('LD_LIBRARY_PATH', '/root/ros2_ws/install/task3/lib:/root/ros2_ws/install/task2/lib:/root/ros2_ws/install/examples_rclcpp_wait_set/lib:/opt/ros/humble/opt/rviz_ogre_vendor/lib:/opt/ros/humble/lib/x86_64-linux-gnu:/opt/ros/humble/lib'), ('HOME', '/root'), ('OLDPWD', '/root/ros2_ws/src/task3_tester'), ('ROS_PYTHON_VERSION', '3'), ('_colcon_cd_root', '/opt/ros/humble/'), ('COLCON_PREFIX_PATH', '/root/ros2_ws/install:/root/ros2_ws/src/task1/install:/root/ros_ws/install'), ('ROS_DISTRO', 'humble'), ('_', '/usr/bin/colcon'), ('ROS_VERSION', '2'), ('TERM', 'xterm-256color'), ('ROS_LOCALHOST_ONLY', '0'), ('QT_X11_NO_MITSHM', '1'), ('PATH', '/opt/ros/humble/bin:/usr/local/sbin:/usr/local/bin:/usr/sbin:/usr/bin:/sbin:/bin:/root/rh/'), ('DISPLAY', ':1'), ('LANG', 'C.UTF-8'), ('LS_COLORS', 'rs=0:di=01;34:ln=01;36:mh=00:pi=40;33:so=01;35:do=01;35:bd=40;33;01:cd=40;33;01:or=40;31;01:mi=00:su=37;41:sg=30;43:ca=30;41:tw=30;42:ow=34;42:st=37;44:ex=01;32:*.tar=01;31:*.tgz=01;31:*.arc=01;31:*.arj=01;31:*.taz=01;31:*.lha=01;31:*.lz4=01;31:*.lzh=01;31:*.lzma=01;31:*.tlz=01;31:*.txz=01;31:*.tzo=01;31:*.t7z=01;31:*.zip=01;31:*.z=01;31:*.dz=01;31:*.gz=01;31:*.lrz=01;31:*.lz=01;31:*.lzo=01;31:*.xz=01;31:*.zst=01;31:*.tzst=01;31:*.bz2=01;31:*.bz=01;31:*.tbz=01;31:*.tbz2=01;31:*.tz=01;31:*.deb=01;31:*.rpm=01;31:*.jar=01;31:*.war=01;31:*.ear=01;31:*.sar=01;31:*.rar=01;31:*.alz=01;31:*.ace=01;31:*.zoo=01;31:*.cpio=01;31:*.7z=01;31:*.rz=01;31:*.cab=01;31:*.wim=01;31:*.swm=01;31:*.dwm=01;31:*.esd=01;31:*.jpg=01;35:*.jpeg=01;35:*.mjpg=01;35:*.mjpeg=01;35:*.gif=01;35:*.bmp=01;35:*.pbm=01;35:*.pgm=01;35:*.ppm=01;35:*.tga=01;35:*.xbm=01;35:*.xpm=01;35:*.tif=01;35:*.tiff=01;35:*.png=01;35:*.svg=01;35:*.svgz=01;35:*.mng=01;35:*.pcx=01;35:*.mov=01;35:*.mpg=01;35:*.mpeg=01;35:*.m2v=01;35:*.mkv=01;35:*.webm=01;35:*.webp=01;35:*.ogm=01;35:*.mp4=01;35:*.m4v=01;35:*.mp4v=01;35:*.vob=01;35:*.qt=01;35:*.nuv=01;35:*.wmv=01;35:*.asf=01;35:*.rm=01;35:*.rmvb=01;35:*.flc=01;35:*.avi=01;35:*.fli=01;35:*.flv=01;35:*.gl=01;35:*.dl=01;35:*.xcf=01;35:*.xwd=01;35:*.yuv=01;35:*.cgm=01;35:*.emf=01;35:*.ogv=01;35:*.ogx=01;35:*.aac=00;36:*.au=00;36:*.flac=00;36:*.m4a=00;36:*.mid=00;36:*.midi=00;36:*.mka=00;36:*.mp3=00;36:*.mpc=00;36:*.ogg=00;36:*.ra=00;36:*.wav=00;36:*.oga=00;36:*.opus=00;36:*.spx=00;36:*.xspf=00;36:'), ('AMENT_PREFIX_PATH', '/root/ros2_ws/install/task3:/root/ros2_ws/install/task2_tester:/root/ros2_ws/install/task2:/root/ros2_ws/install/task1:/root/ros2_ws/install/py_srvcli:/root/ros2_ws/install/py_pubsub:/root/ros2_ws/install/my_action_pkg:/root/ros2_ws/install/launch_testing_examples:/root/ros2_ws/install/examples_rclpy_pointcloud_publisher:/root/ros2_ws/install/examples_rclpy_minimal_subscriber:/root/ros2_ws/install/examples_rclpy_minimal_service:/root/ros2_ws/install/examples_rclpy_minimal_publisher:/root/ros2_ws/install/examples_rclpy_minimal_client:/root/ros2_ws/install/examples_rclpy_minimal_action_server:/root/ros2_ws/install/examples_rclpy_minimal_action_client:/root/ros2_ws/install/examples_rclpy_guard_conditions:/root/ros2_ws/install/examples_rclpy_executors:/root/ros2_ws/install/examples_rclcpp_wait_set:/root/ros2_ws/install/examples_rclcpp_cbg_executor:/root/ros2_ws/install/examples_rclcpp_async_client:/root/ros2_ws/src/task1/install/task1:/opt/ros/humble'), ('PWD', '/root/ros2_ws/build/task3'), ('LC_ALL', 'C.UTF-8'), ('PYTHONPATH', '/root/ros2_ws/install/task3/local/lib/python3.10/dist-packages:/root/ros2_ws/install/task2_tester/lib/python3.10/site-packages:/root/ros2_ws/install/task2/local/lib/python3.10/dist-packages:/root/ros2_ws/install/task1/lib/python3.10/site-packages:/root/ros2_ws/install/py_srvcli/lib/python3.10/site-packages:/root/ros2_ws/install/py_pubsub/lib/python3.10/site-packages:/root/ros2_ws/install/my_action_pkg/lib/python3.10/site-packages:/root/ros2_ws/build/launch_testing_examples:/root/ros2_ws/install/launch_testing_examples/lib/python3.10/site-packages:/root/ros2_ws/build/examples_rclpy_pointcloud_publisher:/root/ros2_ws/install/examples_rclpy_pointcloud_publisher/lib/python3.10/site-packages:/root/ros2_ws/build/examples_rclpy_minimal_subscriber:/root/ros2_ws/install/examples_rclpy_minimal_subscriber/lib/python3.10/site-packages:/root/ros2_ws/build/examples_rclpy_minimal_service:/root/ros2_ws/install/examples_rclpy_minimal_service/lib/python3.10/site-packages:/root/ros2_ws/build/examples_rclpy_minimal_publisher:/root/ros2_ws/install/examples_rclpy_minimal_publisher/lib/python3.10/site-packages:/root/ros2_ws/build/examples_rclpy_minimal_client:/root/ros2_ws/install/examples_rclpy_minimal_client/lib/python3.10/site-packages:/root/ros2_ws/build/examples_rclpy_minimal_action_server:/root/ros2_ws/install/examples_rclpy_minimal_action_server/lib/python3.10/site-packages:/root/ros2_ws/build/examples_rclpy_minimal_action_client:/root/ros2_ws/install/examples_rclpy_minimal_action_client/lib/python3.10/site-packages:/root/ros2_ws/build/examples_rclpy_guard_conditions:/root/ros2_ws/install/examples_rclpy_guard_conditions/lib/python3.10/site-packages:/root/ros2_ws/build/examples_rclpy_executors:/root/ros2_ws/install/examples_rclpy_executors/lib/python3.10/site-packages:/root/ros2_ws/src/task1/install/task1/lib/python3.10/site-packages:/opt/ros/humble/lib/python3.10/site-packages:/opt/ros/humble/local/lib/python3.10/dist-packages'), ('COLCON', '1'), ('CMAKE_PREFIX_PATH', '/root/ros2_ws/install/task3:/root/ros2_ws/install/task2:/root/ros2_ws/install/examples_rclcpp_wait_set:/root/ros2_ws/install/examples_rclcpp_cbg_executor:/root/ros2_ws/install/examples_rclcpp_async_client:/root/ros2_ws/install/task2_tester:/root/ros2_ws/install/task1:/root/ros2_ws/install/py_srvcli:/root/ros2_ws/install/py_pubsub:/root/ros2_ws/install/my_action_pkg:/root/ros2_ws/install/launch_testing_examples:/root/ros2_ws/install/examples_rclpy_pointcloud_publisher:/root/ros2_ws/install/examples_rclpy_minimal_subscriber:/root/ros2_ws/install/examples_rclpy_minimal_service:/root/ros2_ws/install/examples_rclpy_minimal_publisher:/root/ros2_ws/install/examples_rclpy_minimal_client:/root/ros2_ws/install/examples_rclpy_minimal_action_server:/root/ros2_ws/install/examples_rclpy_minimal_action_client:/root/ros2_ws/install/examples_rclpy_guard_conditions:/root/ros2_ws/install/examples_rclpy_executors:/root/ros2_ws/src/task1/install/task1:/opt/ros/humble')]), 'shell': False}
[0.100054] (-) TimerEvent: {}
[0.194275] (task2) JobProgress: {'identifier': 'task2', 'progress': 'cmake'}
[0.194456] (task2) JobProgress: {'identifier': 'task2', 'progress': 'build'}
[0.194589] (task2) Command: {'cmd': ['/usr/bin/cmake', '--build', '/root/ros2_ws/build/task2', '--', '-j28', '-l28'], 'cwd': '/root/ros2_ws/build/task2', 'env': OrderedDict([('HOSTNAME', '2fef300a6fd9'), ('SHLVL', '1'), ('LD_LIBRARY_PATH', '/root/ros2_ws/install/task3/lib:/root/ros2_ws/install/task2/lib:/root/ros2_ws/install/examples_rclcpp_wait_set/lib:/opt/ros/humble/opt/rviz_ogre_vendor/lib:/opt/ros/humble/lib/x86_64-linux-gnu:/opt/ros/humble/lib'), ('HOME', '/root'), ('OLDPWD', '/root/ros2_ws/src/task3_tester'), ('ROS_PYTHON_VERSION', '3'), ('_colcon_cd_root', '/opt/ros/humble/'), ('COLCON_PREFIX_PATH', '/root/ros2_ws/install:/root/ros2_ws/src/task1/install:/root/ros_ws/install'), ('ROS_DISTRO', 'humble'), ('_', '/usr/bin/colcon'), ('ROS_VERSION', '2'), ('TERM', 'xterm-256color'), ('ROS_LOCALHOST_ONLY', '0'), ('QT_X11_NO_MITSHM', '1'), ('PATH', '/opt/ros/humble/bin:/usr/local/sbin:/usr/local/bin:/usr/sbin:/usr/bin:/sbin:/bin:/root/rh/'), ('DISPLAY', ':1'), ('LANG', 'C.UTF-8'), ('LS_COLORS', 'rs=0:di=01;34:ln=01;36:mh=00:pi=40;33:so=01;35:do=01;35:bd=40;33;01:cd=40;33;01:or=40;31;01:mi=00:su=37;41:sg=30;43:ca=30;41:tw=30;42:ow=34;42:st=37;44:ex=01;32:*.tar=01;31:*.tgz=01;31:*.arc=01;31:*.arj=01;31:*.taz=01;31:*.lha=01;31:*.lz4=01;31:*.lzh=01;31:*.lzma=01;31:*.tlz=01;31:*.txz=01;31:*.tzo=01;31:*.t7z=01;31:*.zip=01;31:*.z=01;31:*.dz=01;31:*.gz=01;31:*.lrz=01;31:*.lz=01;31:*.lzo=01;31:*.xz=01;31:*.zst=01;31:*.tzst=01;31:*.bz2=01;31:*.bz=01;31:*.tbz=01;31:*.tbz2=01;31:*.tz=01;31:*.deb=01;31:*.rpm=01;31:*.jar=01;31:*.war=01;31:*.ear=01;31:*.sar=01;31:*.rar=01;31:*.alz=01;31:*.ace=01;31:*.zoo=01;31:*.cpio=01;31:*.7z=01;31:*.rz=01;31:*.cab=01;31:*.wim=01;31:*.swm=01;31:*.dwm=01;31:*.esd=01;31:*.jpg=01;35:*.jpeg=01;35:*.mjpg=01;35:*.mjpeg=01;35:*.gif=01;35:*.bmp=01;35:*.pbm=01;35:*.pgm=01;35:*.ppm=01;35:*.tga=01;35:*.xbm=01;35:*.xpm=01;35:*.tif=01;35:*.tiff=01;35:*.png=01;35:*.svg=01;35:*.svgz=01;35:*.mng=01;35:*.pcx=01;35:*.mov=01;35:*.mpg=01;35:*.mpeg=01;35:*.m2v=01;35:*.mkv=01;35:*.webm=01;35:*.webp=01;35:*.ogm=01;35:*.mp4=01;35:*.m4v=01;35:*.mp4v=01;35:*.vob=01;35:*.qt=01;35:*.nuv=01;35:*.wmv=01;35:*.asf=01;35:*.rm=01;35:*.rmvb=01;35:*.flc=01;35:*.avi=01;35:*.fli=01;35:*.flv=01;35:*.gl=01;35:*.dl=01;35:*.xcf=01;35:*.xwd=01;35:*.yuv=01;35:*.cgm=01;35:*.emf=01;35:*.ogv=01;35:*.ogx=01;35:*.aac=00;36:*.au=00;36:*.flac=00;36:*.m4a=00;36:*.mid=00;36:*.midi=00;36:*.mka=00;36:*.mp3=00;36:*.mpc=00;36:*.ogg=00;36:*.ra=00;36:*.wav=00;36:*.oga=00;36:*.opus=00;36:*.spx=00;36:*.xspf=00;36:'), ('AMENT_PREFIX_PATH', '/root/ros2_ws/install/task3:/root/ros2_ws/install/task2_tester:/root/ros2_ws/install/task2:/root/ros2_ws/install/task1:/root/ros2_ws/install/py_srvcli:/root/ros2_ws/install/py_pubsub:/root/ros2_ws/install/my_action_pkg:/root/ros2_ws/install/launch_testing_examples:/root/ros2_ws/install/examples_rclpy_pointcloud_publisher:/root/ros2_ws/install/examples_rclpy_minimal_subscriber:/root/ros2_ws/install/examples_rclpy_minimal_service:/root/ros2_ws/install/examples_rclpy_minimal_publisher:/root/ros2_ws/install/examples_rclpy_minimal_client:/root/ros2_ws/install/examples_rclpy_minimal_action_server:/root/ros2_ws/install/examples_rclpy_minimal_action_client:/root/ros2_ws/install/examples_rclpy_guard_conditions:/root/ros2_ws/install/examples_rclpy_executors:/root/ros2_ws/install/examples_rclcpp_wait_set:/root/ros2_ws/install/examples_rclcpp_cbg_executor:/root/ros2_ws/install/examples_rclcpp_async_client:/root/ros2_ws/src/task1/install/task1:/opt/ros/humble'), ('PWD', '/root/ros2_ws/build/task2'), ('LC_ALL', 'C.UTF-8'), ('PYTHONPATH', '/root/ros2_ws/install/task3/local/lib/python3.10/dist-packages:/root/ros2_ws/install/task2_tester/lib/python3.10/site-packages:/root/ros2_ws/install/task2/local/lib/python3.10/dist-packages:/root/ros2_ws/install/task1/lib/python3.10/site-packages:/root/ros2_ws/install/py_srvcli/lib/python3.10/site-packages:/root/ros2_ws/install/py_pubsub/lib/python3.10/site-packages:/root/ros2_ws/install/my_action_pkg/lib/python3.10/site-packages:/root/ros2_ws/build/launch_testing_examples:/root/ros2_ws/install/launch_testing_examples/lib/python3.10/site-packages:/root/ros2_ws/build/examples_rclpy_pointcloud_publisher:/root/ros2_ws/install/examples_rclpy_pointcloud_publisher/lib/python3.10/site-packages:/root/ros2_ws/build/examples_rclpy_minimal_subscriber:/root/ros2_ws/install/examples_rclpy_minimal_subscriber/lib/python3.10/site-packages:/root/ros2_ws/build/examples_rclpy_minimal_service:/root/ros2_ws/install/examples_rclpy_minimal_service/lib/python3.10/site-packages:/root/ros2_ws/build/examples_rclpy_minimal_publisher:/root/ros2_ws/install/examples_rclpy_minimal_publisher/lib/python3.10/site-packages:/root/ros2_ws/build/examples_rclpy_minimal_client:/root/ros2_ws/install/examples_rclpy_minimal_client/lib/python3.10/site-packages:/root/ros2_ws/build/examples_rclpy_minimal_action_server:/root/ros2_ws/install/examples_rclpy_minimal_action_server/lib/python3.10/site-packages:/root/ros2_ws/build/examples_rclpy_minimal_action_client:/root/ros2_ws/install/examples_rclpy_minimal_action_client/lib/python3.10/site-packages:/root/ros2_ws/build/examples_rclpy_guard_conditions:/root/ros2_ws/install/examples_rclpy_guard_conditions/lib/python3.10/site-packages:/root/ros2_ws/build/examples_rclpy_executors:/root/ros2_ws/install/examples_rclpy_executors/lib/python3.10/site-packages:/root/ros2_ws/src/task1/install/task1/lib/python3.10/site-packages:/opt/ros/humble/lib/python3.10/site-packages:/opt/ros/humble/local/lib/python3.10/dist-packages'), ('COLCON', '1'), ('CMAKE_PREFIX_PATH', '/root/ros2_ws/install/task3:/root/ros2_ws/install/task2:/root/ros2_ws/install/examples_rclcpp_wait_set:/root/ros2_ws/install/examples_rclcpp_cbg_executor:/root/ros2_ws/install/examples_rclcpp_async_client:/root/ros2_ws/install/task2_tester:/root/ros2_ws/install/task1:/root/ros2_ws/install/py_srvcli:/root/ros2_ws/install/py_pubsub:/root/ros2_ws/install/my_action_pkg:/root/ros2_ws/install/launch_testing_examples:/root/ros2_ws/install/examples_rclpy_pointcloud_publisher:/root/ros2_ws/install/examples_rclpy_minimal_subscriber:/root/ros2_ws/install/examples_rclpy_minimal_service:/root/ros2_ws/install/examples_rclpy_minimal_publisher:/root/ros2_ws/install/examples_rclpy_minimal_client:/root/ros2_ws/install/examples_rclpy_minimal_action_server:/root/ros2_ws/install/examples_rclpy_minimal_action_client:/root/ros2_ws/install/examples_rclpy_guard_conditions:/root/ros2_ws/install/examples_rclpy_executors:/root/ros2_ws/src/task1/install/task1:/opt/ros/humble')]), 'shell': False}
[0.196361] (task3) StdoutLine: {'line': b'[  3%] Built target task3__rs\n'}
[0.196537] (task3) StdoutLine: {'line': b'[  6%] Built target task3__cpp\n'}
[0.196576] (task3) StdoutLine: {'line': b'[ 15%] Built target task3__rosidl_generator_c\n'}
[0.196608] (task3) StdoutLine: {'line': b'[ 15%] Built target ament_cmake_python_copy_task3\n'}
[0.196639] (task3) StdoutLine: {'line': b'[ 25%] Built target task3__rosidl_typesupport_c\n'}
[0.196711] (task3) StdoutLine: {'line': b'[ 34%] Built target task3__rosidl_typesupport_introspection_c\n'}
[0.196742] (task3) StdoutLine: {'line': b'[ 46%] Built target task3__rosidl_typesupport_cpp\n'}
[0.196772] (task3) StdoutLine: {'line': b'[ 62%] Built target task3__rosidl_typesupport_fastrtps_cpp\n'}
[0.196801] (task3) StdoutLine: {'line': b'[ 62%] Built target task3__rosidl_typesupport_introspection_cpp\n'}
[0.196830] (task3) StdoutLine: {'line': b'[ 71%] Built target task3__rosidl_typesupport_fastrtps_c\n'}
[0.196858] (task3) StdoutLine: {'line': b'[ 71%] Built target task3\n'}
[0.196887] (task3) StdoutLine: {'line': b'[ 75%] Built target task3__py\n'}
[0.196915] (task3) StdoutLine: {'line': b'[ 81%] Built target task3__rosidl_generator_py\n'}
[0.196944] (task3) StdoutLine: {'line': b'[ 87%] Built target task3__rosidl_typesupport_introspection_c__pyext\n'}
[0.196973] (task3) StdoutLine: {'line': b'[ 93%] Built target task3__rosidl_typesupport_fastrtps_c__pyext\n'}
[0.197002] (task3) StdoutLine: {'line': b'[100%] Built target task3__rosidl_typesupport_c__pyext\n'}
[0.200130] (-) TimerEvent: {}
[0.209764] (task3) StdoutLine: {'line': b'running egg_info\n'}
[0.210237] (task3) StdoutLine: {'line': b'writing task3.egg-info/PKG-INFO\n'}
[0.210370] (task3) StdoutLine: {'line': b'writing dependency_links to task3.egg-info/dependency_links.txt\n'}
[0.210440] (task3) StdoutLine: {'line': b'writing top-level names to task3.egg-info/top_level.txt\n'}
[0.211648] (task3) StdoutLine: {'line': b"reading manifest file 'task3.egg-info/SOURCES.txt'\n"}
[0.211863] (task3) StdoutLine: {'line': b"writing manifest file 'task3.egg-info/SOURCES.txt'\n"}
[0.221819] (task2) StdoutLine: {'line': b'[  3%] Built target task2__cpp\n'}
[0.222076] (task2) StdoutLine: {'line': b'[  6%] Built target task2__rs\n'}
[0.222242] (task2) StdoutLine: {'line': b'[ 15%] Built target task2__rosidl_generator_c\n'}
[0.226000] (task3) StdoutLine: {'line': b'[100%] Built target ament_cmake_python_build_task3_egg\n'}
[0.226560] (task2) StdoutLine: {'line': b'[ 15%] Built target ament_cmake_python_copy_task2\n'}
[0.233246] (task2) StdoutLine: {'line': b'[ 25%] Built target task2__rosidl_typesupport_fastrtps_cpp\n'}
[0.233397] (task2) StdoutLine: {'line': b'[ 34%] Built target task2__rosidl_typesupport_introspection_cpp\n'}
[0.233768] (task2) StdoutLine: {'line': b'[ 53%] Built target task2__rosidl_typesupport_cpp\n'}
[0.233850] (task2) StdoutLine: {'line': b'[ 53%] Built target task2__rosidl_typesupport_fastrtps_c\n'}
[0.236963] (task2) StdoutLine: {'line': b'[ 62%] Built target task2__rosidl_typesupport_introspection_c\n'}
[0.237110] (task2) StdoutLine: {'line': b'[ 71%] Built target task2__rosidl_typesupport_c\n'}
[0.247264] (task2) StdoutLine: {'line': b'[ 71%] Built target task2\n'}
[0.256906] (task2) StdoutLine: {'line': b'[ 75%] Built target task2__py\n'}
[0.268432] (task2) StdoutLine: {'line': b'[ 81%] Built target task2__rosidl_generator_py\n'}
[0.279917] (task2) StdoutLine: {'line': b'[ 87%] Built target task2__rosidl_typesupport_fastrtps_c__pyext\n'}
[0.281176] (task2) StdoutLine: {'line': b'[ 93%] Built target task2__rosidl_typesupport_c__pyext\n'}
[0.281565] (task2) StdoutLine: {'line': b'[100%] Built target task2__rosidl_typesupport_introspection_c__pyext\n'}
[0.300276] (-) TimerEvent: {}
[0.367428] (task3) CommandEnded: {'returncode': 0}
[0.368183] (task3) JobProgress: {'identifier': 'task3', 'progress': 'install'}
[0.372272] (task3) Command: {'cmd': ['/usr/bin/cmake', '--install', '/root/ros2_ws/build/task3'], 'cwd': '/root/ros2_ws/build/task3', 'env': OrderedDict([('HOSTNAME', '2fef300a6fd9'), ('SHLVL', '1'), ('LD_LIBRARY_PATH', '/root/ros2_ws/install/task3/lib:/root/ros2_ws/install/task2/lib:/root/ros2_ws/install/examples_rclcpp_wait_set/lib:/opt/ros/humble/opt/rviz_ogre_vendor/lib:/opt/ros/humble/lib/x86_64-linux-gnu:/opt/ros/humble/lib'), ('HOME', '/root'), ('OLDPWD', '/root/ros2_ws/src/task3_tester'), ('ROS_PYTHON_VERSION', '3'), ('_colcon_cd_root', '/opt/ros/humble/'), ('COLCON_PREFIX_PATH', '/root/ros2_ws/install:/root/ros2_ws/src/task1/install:/root/ros_ws/install'), ('ROS_DISTRO', 'humble'), ('_', '/usr/bin/colcon'), ('ROS_VERSION', '2'), ('TERM', 'xterm-256color'), ('ROS_LOCALHOST_ONLY', '0'), ('QT_X11_NO_MITSHM', '1'), ('PATH', '/opt/ros/humble/bin:/usr/local/sbin:/usr/local/bin:/usr/sbin:/usr/bin:/sbin:/bin:/root/rh/'), ('DISPLAY', ':1'), ('LANG', 'C.UTF-8'), ('LS_COLORS', 'rs=0:di=01;34:ln=01;36:mh=00:pi=40;33:so=01;35:do=01;35:bd=40;33;01:cd=40;33;01:or=40;31;01:mi=00:su=37;41:sg=30;43:ca=30;41:tw=30;42:ow=34;42:st=37;44:ex=01;32:*.tar=01;31:*.tgz=01;31:*.arc=01;31:*.arj=01;31:*.taz=01;31:*.lha=01;31:*.lz4=01;31:*.lzh=01;31:*.lzma=01;31:*.tlz=01;31:*.txz=01;31:*.tzo=01;31:*.t7z=01;31:*.zip=01;31:*.z=01;31:*.dz=01;31:*.gz=01;31:*.lrz=01;31:*.lz=01;31:*.lzo=01;31:*.xz=01;31:*.zst=01;31:*.tzst=01;31:*.bz2=01;31:*.bz=01;31:*.tbz=01;31:*.tbz2=01;31:*.tz=01;31:*.deb=01;31:*.rpm=01;31:*.jar=01;31:*.war=01;31:*.ear=01;31:*.sar=01;31:*.rar=01;31:*.alz=01;31:*.ace=01;31:*.zoo=01;31:*.cpio=01;31:*.7z=01;31:*.rz=01;31:*.cab=01;31:*.wim=01;31:*.swm=01;31:*.dwm=01;31:*.esd=01;31:*.jpg=01;35:*.jpeg=01;35:*.mjpg=01;35:*.mjpeg=01;35:*.gif=01;35:*.bmp=01;35:*.pbm=01;35:*.pgm=01;35:*.ppm=01;35:*.tga=01;35:*.xbm=01;35:*.xpm=01;35:*.tif=01;35:*.tiff=01;35:*.png=01;35:*.svg=01;35:*.svgz=01;35:*.mng=01;35:*.pcx=01;35:*.mov=01;35:*.mpg=01;35:*.mpeg=01;35:*.m2v=01;35:*.mkv=01;35:*.webm=01;35:*.webp=01;35:*.ogm=01;35:*.mp4=01;35:*.m4v=01;35:*.mp4v=01;35:*.vob=01;35:*.qt=01;35:*.nuv=01;35:*.wmv=01;35:*.asf=01;35:*.rm=01;35:*.rmvb=01;35:*.flc=01;35:*.avi=01;35:*.fli=01;35:*.flv=01;35:*.gl=01;35:*.dl=01;35:*.xcf=01;35:*.xwd=01;35:*.yuv=01;35:*.cgm=01;35:*.emf=01;35:*.ogv=01;35:*.ogx=01;35:*.aac=00;36:*.au=00;36:*.flac=00;36:*.m4a=00;36:*.mid=00;36:*.midi=00;36:*.mka=00;36:*.mp3=00;36:*.mpc=00;36:*.ogg=00;36:*.ra=00;36:*.wav=00;36:*.oga=00;36:*.opus=00;36:*.spx=00;36:*.xspf=00;36:'), ('AMENT_PREFIX_PATH', '/root/ros2_ws/install/task3:/root/ros2_ws/install/task2_tester:/root/ros2_ws/install/task2:/root/ros2_ws/install/task1:/root/ros2_ws/install/py_srvcli:/root/ros2_ws/install/py_pubsub:/root/ros2_ws/install/my_action_pkg:/root/ros2_ws/install/launch_testing_examples:/root/ros2_ws/install/examples_rclpy_pointcloud_publisher:/root/ros2_ws/install/examples_rclpy_minimal_subscriber:/root/ros2_ws/install/examples_rclpy_minimal_service:/root/ros2_ws/install/examples_rclpy_minimal_publisher:/root/ros2_ws/install/examples_rclpy_minimal_client:/root/ros2_ws/install/examples_rclpy_minimal_action_server:/root/ros2_ws/install/examples_rclpy_minimal_action_client:/root/ros2_ws/install/examples_rclpy_guard_conditions:/root/ros2_ws/install/examples_rclpy_executors:/root/ros2_ws/install/examples_rclcpp_wait_set:/root/ros2_ws/install/examples_rclcpp_cbg_executor:/root/ros2_ws/install/examples_rclcpp_async_client:/root/ros2_ws/src/task1/install/task1:/opt/ros/humble'), ('PWD', '/root/ros2_ws/build/task3'), ('LC_ALL', 'C.UTF-8'), ('PYTHONPATH', '/root/ros2_ws/install/task3/local/lib/python3.10/dist-packages:/root/ros2_ws/install/task2_tester/lib/python3.10/site-packages:/root/ros2_ws/install/task2/local/lib/python3.10/dist-packages:/root/ros2_ws/install/task1/lib/python3.10/site-packages:/root/ros2_ws/install/py_srvcli/lib/python3.10/site-packages:/root/ros2_ws/install/py_pubsub/lib/python3.10/site-packages:/root/ros2_ws/install/my_action_pkg/lib/python3.10/site-packages:/root/ros2_ws/build/launch_testing_examples:/root/ros2_ws/install/launch_testing_examples/lib/python3.10/site-packages:/root/ros2_ws/build/examples_rclpy_pointcloud_publisher:/root/ros2_ws/install/examples_rclpy_pointcloud_publisher/lib/python3.10/site-packages:/root/ros2_ws/build/examples_rclpy_minimal_subscriber:/root/ros2_ws/install/examples_rclpy_minimal_subscriber/lib/python3.10/site-packages:/root/ros2_ws/build/examples_rclpy_minimal_service:/root/ros2_ws/install/examples_rclpy_minimal_service/lib/python3.10/site-packages:/root/ros2_ws/build/examples_rclpy_minimal_publisher:/root/ros2_ws/install/examples_rclpy_minimal_publisher/lib/python3.10/site-packages:/root/ros2_ws/build/examples_rclpy_minimal_client:/root/ros2_ws/install/examples_rclpy_minimal_client/lib/python3.10/site-packages:/root/ros2_ws/build/examples_rclpy_minimal_action_server:/root/ros2_ws/install/examples_rclpy_minimal_action_server/lib/python3.10/site-packages:/root/ros2_ws/build/examples_rclpy_minimal_action_client:/root/ros2_ws/install/examples_rclpy_minimal_action_client/lib/python3.10/site-packages:/root/ros2_ws/build/examples_rclpy_guard_conditions:/root/ros2_ws/install/examples_rclpy_guard_conditions/lib/python3.10/site-packages:/root/ros2_ws/build/examples_rclpy_executors:/root/ros2_ws/install/examples_rclpy_executors/lib/python3.10/site-packages:/root/ros2_ws/src/task1/install/task1/lib/python3.10/site-packages:/opt/ros/humble/lib/python3.10/site-packages:/opt/ros/humble/local/lib/python3.10/dist-packages'), ('COLCON', '1'), ('CMAKE_PREFIX_PATH', '/root/ros2_ws/install/task3:/root/ros2_ws/install/task2:/root/ros2_ws/install/examples_rclcpp_wait_set:/root/ros2_ws/install/examples_rclcpp_cbg_executor:/root/ros2_ws/install/examples_rclcpp_async_client:/root/ros2_ws/install/task2_tester:/root/ros2_ws/install/task1:/root/ros2_ws/install/py_srvcli:/root/ros2_ws/install/py_pubsub:/root/ros2_ws/install/my_action_pkg:/root/ros2_ws/install/launch_testing_examples:/root/ros2_ws/install/examples_rclpy_pointcloud_publisher:/root/ros2_ws/install/examples_rclpy_minimal_subscriber:/root/ros2_ws/install/examples_rclpy_minimal_service:/root/ros2_ws/install/examples_rclpy_minimal_publisher:/root/ros2_ws/install/examples_rclpy_minimal_client:/root/ros2_ws/install/examples_rclpy_minimal_action_server:/root/ros2_ws/install/examples_rclpy_minimal_action_client:/root/ros2_ws/install/examples_rclpy_guard_conditions:/root/ros2_ws/install/examples_rclpy_executors:/root/ros2_ws/src/task1/install/task1:/opt/ros/humble')]), 'shell': False}
[0.375917] (task3) StdoutLine: {'line': b'-- Install configuration: ""\n'}
[0.376001] (task3) StdoutLine: {'line': b'-- Up-to-date: /root/ros2_ws/install/task3/share/ament_index/resource_index/rosidl_interfaces/task3\n'}
[0.376041] (task3) StdoutLine: {'line': b'-- Up-to-date: /root/ros2_ws/install/task3/include/task3/task3\n'}
[0.376090] (task3) StdoutLine: {'line': b'-- Up-to-date: /root/ros2_ws/install/task3/include/task3/task3/msg\n'}
[0.376144] (task3) StdoutLine: {'line': b'-- Up-to-date: /root/ros2_ws/install/task3/include/task3/task3/msg/rosidl_generator_c__visibility_control.h\n'}
[0.376179] (task3) StdoutLine: {'line': b'-- Up-to-date: /root/ros2_ws/install/task3/include/task3/task3/srv\n'}
[0.376211] (task3) StdoutLine: {'line': b'-- Up-to-date: /root/ros2_ws/install/task3/include/task3/task3/srv/add_two.h\n'}
[0.376244] (task3) StdoutLine: {'line': b'-- Up-to-date: /root/ros2_ws/install/task3/include/task3/task3/srv/detail\n'}
[0.376287] (task3) StdoutLine: {'line': b'-- Up-to-date: /root/ros2_ws/install/task3/include/task3/task3/srv/detail/add_two__struct.h\n'}
[0.376340] (task3) StdoutLine: {'line': b'-- Up-to-date: /root/ros2_ws/install/task3/include/task3/task3/srv/detail/add_two__functions.h\n'}
[0.376372] (task3) StdoutLine: {'line': b'-- Up-to-date: /root/ros2_ws/install/task3/include/task3/task3/srv/detail/add_two__type_support.h\n'}
[0.376401] (task3) StdoutLine: {'line': b'-- Up-to-date: /root/ros2_ws/install/task3/include/task3/task3/srv/detail/add_two__functions.c\n'}
[0.376431] (task3) StdoutLine: {'line': b'-- Up-to-date: /root/ros2_ws/install/task3/share/task3/environment/library_path.sh\n'}
[0.376462] (task3) StdoutLine: {'line': b'-- Up-to-date: /root/ros2_ws/install/task3/share/task3/environment/library_path.dsv\n'}
[0.376506] (task3) StdoutLine: {'line': b'-- Up-to-date: /root/ros2_ws/install/task3/lib/libtask3__rosidl_generator_c.so\n'}
[0.376617] (task3) StdoutLine: {'line': b'-- Up-to-date: /root/ros2_ws/install/task3/include/task3/task3\n'}
[0.376661] (task3) StdoutLine: {'line': b'-- Up-to-date: /root/ros2_ws/install/task3/include/task3/task3/msg\n'}
[0.376717] (task3) StdoutLine: {'line': b'-- Up-to-date: /root/ros2_ws/install/task3/include/task3/task3/msg/rosidl_typesupport_fastrtps_c__visibility_control.h\n'}
[0.376766] (task3) StdoutLine: {'line': b'-- Up-to-date: /root/ros2_ws/install/task3/include/task3/task3/srv\n'}
[0.376799] (task3) StdoutLine: {'line': b'-- Up-to-date: /root/ros2_ws/install/task3/include/task3/task3/srv/detail\n'}
[0.376843] (task3) StdoutLine: {'line': b'-- Up-to-date: /root/ros2_ws/install/task3/include/task3/task3/srv/detail/add_two__rosidl_typesupport_fastrtps_c.h\n'}
[0.376901] (task3) StdoutLine: {'line': b'-- Up-to-date: /root/ros2_ws/install/task3/lib/libtask3__rosidl_typesupport_fastrtps_c.so\n'}
[0.376982] (task3) StdoutLine: {'line': b'-- Up-to-date: /root/ros2_ws/install/task3/include/task3/task3\n'}
[0.377031] (task3) StdoutLine: {'line': b'-- Up-to-date: /root/ros2_ws/install/task3/include/task3/task3/msg\n'}
[0.377065] (task3) StdoutLine: {'line': b'-- Up-to-date: /root/ros2_ws/install/task3/include/task3/task3/msg/rosidl_generator_cpp__visibility_control.hpp\n'}
[0.377097] (task3) StdoutLine: {'line': b'-- Up-to-date: /root/ros2_ws/install/task3/include/task3/task3/srv\n'}
[0.377139] (task3) StdoutLine: {'line': b'-- Up-to-date: /root/ros2_ws/install/task3/include/task3/task3/srv/detail\n'}
[0.377202] (task3) StdoutLine: {'line': b'-- Up-to-date: /root/ros2_ws/install/task3/include/task3/task3/srv/detail/add_two__builder.hpp\n'}
[0.377236] (task3) StdoutLine: {'line': b'-- Up-to-date: /root/ros2_ws/install/task3/include/task3/task3/srv/detail/add_two__struct.hpp\n'}
[0.377268] (task3) StdoutLine: {'line': b'-- Up-to-date: /root/ros2_ws/install/task3/include/task3/task3/srv/detail/add_two__traits.hpp\n'}
[0.377299] (task3) StdoutLine: {'line': b'-- Up-to-date: /root/ros2_ws/install/task3/include/task3/task3/srv/detail/add_two__type_support.hpp\n'}
[0.377329] (task3) StdoutLine: {'line': b'-- Up-to-date: /root/ros2_ws/install/task3/include/task3/task3/srv/add_two.hpp\n'}
[0.377374] (task3) StdoutLine: {'line': b'-- Up-to-date: /root/ros2_ws/install/task3/include/task3/task3\n'}
[0.377406] (task3) StdoutLine: {'line': b'-- Up-to-date: /root/ros2_ws/install/task3/include/task3/task3/msg\n'}
[0.377437] (task3) StdoutLine: {'line': b'-- Up-to-date: /root/ros2_ws/install/task3/include/task3/task3/msg/rosidl_typesupport_fastrtps_cpp__visibility_control.h\n'}
[0.377468] (task3) StdoutLine: {'line': b'-- Up-to-date: /root/ros2_ws/install/task3/include/task3/task3/srv\n'}
[0.377499] (task3) StdoutLine: {'line': b'-- Up-to-date: /root/ros2_ws/install/task3/include/task3/task3/srv/detail\n'}
[0.377574] (task3) StdoutLine: {'line': b'-- Up-to-date: /root/ros2_ws/install/task3/include/task3/task3/srv/detail/add_two__rosidl_typesupport_fastrtps_cpp.hpp\n'}
[0.377603] (task3) StdoutLine: {'line': b'-- Up-to-date: /root/ros2_ws/install/task3/include/task3/task3/srv/detail/dds_fastrtps\n'}
[0.377631] (task3) StdoutLine: {'line': b'-- Up-to-date: /root/ros2_ws/install/task3/lib/libtask3__rosidl_typesupport_fastrtps_cpp.so\n'}
[0.377671] (task3) StdoutLine: {'line': b'-- Up-to-date: /root/ros2_ws/install/task3/include/task3/task3\n'}
[0.377700] (task3) StdoutLine: {'line': b'-- Up-to-date: /root/ros2_ws/install/task3/include/task3/task3/msg\n'}
[0.377731] (task3) StdoutLine: {'line': b'-- Up-to-date: /root/ros2_ws/install/task3/include/task3/task3/msg/rosidl_typesupport_introspection_c__visibility_control.h\n'}
[0.377762] (task3) StdoutLine: {'line': b'-- Up-to-date: /root/ros2_ws/install/task3/include/task3/task3/srv\n'}
[0.377793] (task3) StdoutLine: {'line': b'-- Up-to-date: /root/ros2_ws/install/task3/include/task3/task3/srv/detail\n'}
[0.377842] (task3) StdoutLine: {'line': b'-- Up-to-date: /root/ros2_ws/install/task3/include/task3/task3/srv/detail/add_two__rosidl_typesupport_introspection_c.h\n'}
[0.377873] (task3) StdoutLine: {'line': b'-- Up-to-date: /root/ros2_ws/install/task3/include/task3/task3/srv/detail/add_two__type_support.c\n'}
[0.377900] (task3) StdoutLine: {'line': b'-- Up-to-date: /root/ros2_ws/install/task3/lib/libtask3__rosidl_typesupport_introspection_c.so\n'}
[0.377929] (task3) StdoutLine: {'line': b'-- Up-to-date: /root/ros2_ws/install/task3/lib/libtask3__rosidl_typesupport_c.so\n'}
[0.377958] (task3) StdoutLine: {'line': b'-- Up-to-date: /root/ros2_ws/install/task3/include/task3/task3\n'}
[0.377989] (task3) StdoutLine: {'line': b'-- Up-to-date: /root/ros2_ws/install/task3/include/task3/task3/srv\n'}
[0.378019] (task3) StdoutLine: {'line': b'-- Up-to-date: /root/ros2_ws/install/task3/include/task3/task3/srv/detail\n'}
[0.378051] (task3) StdoutLine: {'line': b'-- Up-to-date: /root/ros2_ws/install/task3/include/task3/task3/srv/detail/add_two__type_support.cpp\n'}
[0.378083] (task3) StdoutLine: {'line': b'-- Up-to-date: /root/ros2_ws/install/task3/include/task3/task3/srv/detail/add_two__rosidl_typesupport_introspection_cpp.hpp\n'}
[0.378113] (task3) StdoutLine: {'line': b'-- Up-to-date: /root/ros2_ws/install/task3/lib/libtask3__rosidl_typesupport_introspection_cpp.so\n'}
[0.378155] (task3) StdoutLine: {'line': b'-- Up-to-date: /root/ros2_ws/install/task3/lib/libtask3__rosidl_typesupport_cpp.so\n'}
[0.378210] (task3) StdoutLine: {'line': b'-- Up-to-date: /root/ros2_ws/install/task3/share/task3/environment/pythonpath.sh\n'}
[0.378241] (task3) StdoutLine: {'line': b'-- Up-to-date: /root/ros2_ws/install/task3/share/task3/environment/pythonpath.dsv\n'}
[0.378274] (task3) StdoutLine: {'line': b'-- Up-to-date: /root/ros2_ws/install/task3/local/lib/python3.10/dist-packages/task3-0.0.0-py3.10.egg-info\n'}
[0.378306] (task3) StdoutLine: {'line': b'-- Installing: /root/ros2_ws/install/task3/local/lib/python3.10/dist-packages/task3-0.0.0-py3.10.egg-info/PKG-INFO\n'}
[0.378339] (task3) StdoutLine: {'line': b'-- Installing: /root/ros2_ws/install/task3/local/lib/python3.10/dist-packages/task3-0.0.0-py3.10.egg-info/top_level.txt\n'}
[0.378394] (task3) StdoutLine: {'line': b'-- Installing: /root/ros2_ws/install/task3/local/lib/python3.10/dist-packages/task3-0.0.0-py3.10.egg-info/dependency_links.txt\n'}
[0.378438] (task3) StdoutLine: {'line': b'-- Installing: /root/ros2_ws/install/task3/local/lib/python3.10/dist-packages/task3-0.0.0-py3.10.egg-info/SOURCES.txt\n'}
[0.378470] (task3) StdoutLine: {'line': b'-- Up-to-date: /root/ros2_ws/install/task3/local/lib/python3.10/dist-packages/task3\n'}
[0.378503] (task3) StdoutLine: {'line': b'-- Up-to-date: /root/ros2_ws/install/task3/local/lib/python3.10/dist-packages/task3/_task3_s.ep.rosidl_typesupport_c.c\n'}
[0.378549] (task3) StdoutLine: {'line': b'-- Up-to-date: /root/ros2_ws/install/task3/local/lib/python3.10/dist-packages/task3/task3_s__rosidl_typesupport_fastrtps_c.cpython-310-x86_64-linux-gnu.so\n'}
[0.378811] (task3) StdoutLine: {'line': b'-- Up-to-date: /root/ros2_ws/install/task3/local/lib/python3.10/dist-packages/task3/libtask3__rosidl_generator_py.so\n'}
[0.378841] (task3) StdoutLine: {'line': b'-- Up-to-date: /root/ros2_ws/install/task3/local/lib/python3.10/dist-packages/task3/task3_s__rosidl_typesupport_introspection_c.cpython-310-x86_64-linux-gnu.so\n'}
[0.378870] (task3) StdoutLine: {'line': b'-- Up-to-date: /root/ros2_ws/install/task3/local/lib/python3.10/dist-packages/task3/_task3_s.ep.rosidl_typesupport_introspection_c.c\n'}
[0.378904] (task3) StdoutLine: {'line': b'-- Up-to-date: /root/ros2_ws/install/task3/local/lib/python3.10/dist-packages/task3/srv\n'}
[0.378956] (task3) StdoutLine: {'line': b'-- Up-to-date: /root/ros2_ws/install/task3/local/lib/python3.10/dist-packages/task3/srv/_add_two_s.c\n'}
[0.378985] (task3) StdoutLine: {'line': b'-- Up-to-date: /root/ros2_ws/install/task3/local/lib/python3.10/dist-packages/task3/srv/_add_two.py\n'}
[0.379015] (task3) StdoutLine: {'line': b'-- Up-to-date: /root/ros2_ws/install/task3/local/lib/python3.10/dist-packages/task3/srv/__init__.py\n'}
[0.379042] (task3) StdoutLine: {'line': b'-- Up-to-date: /root/ros2_ws/install/task3/local/lib/python3.10/dist-packages/task3/task3_s__rosidl_typesupport_c.cpython-310-x86_64-linux-gnu.so\n'}
[0.379069] (task3) StdoutLine: {'line': b'-- Up-to-date: /root/ros2_ws/install/task3/local/lib/python3.10/dist-packages/task3/_task3_s.ep.rosidl_typesupport_fastrtps_c.c\n'}
[0.379098] (task3) StdoutLine: {'line': b'-- Up-to-date: /root/ros2_ws/install/task3/local/lib/python3.10/dist-packages/task3/__init__.py\n'}
[0.379125] (task2) StdoutLine: {'line': b'running egg_info\n'}
[0.379205] (task2) StdoutLine: {'line': b'writing task2.egg-info/PKG-INFO\n'}
[0.379254] (task2) StdoutLine: {'line': b'writing dependency_links to task2.egg-info/dependency_links.txt\n'}
[0.379283] (task2) StdoutLine: {'line': b'writing top-level names to task2.egg-info/top_level.txt\n'}
[0.380535] (task2) StdoutLine: {'line': b"reading manifest file 'task2.egg-info/SOURCES.txt'\n"}
[0.380813] (task2) StdoutLine: {'line': b"writing manifest file 'task2.egg-info/SOURCES.txt'\n"}
[0.396061] (task2) StdoutLine: {'line': b'[100%] Built target ament_cmake_python_build_task2_egg\n'}
[0.400407] (-) TimerEvent: {}
[0.401851] (task2) CommandEnded: {'returncode': 0}
[0.402446] (task2) JobProgress: {'identifier': 'task2', 'progress': 'install'}
[0.402805] (task2) Command: {'cmd': ['/usr/bin/cmake', '--install', '/root/ros2_ws/build/task2'], 'cwd': '/root/ros2_ws/build/task2', 'env': OrderedDict([('HOSTNAME', '2fef300a6fd9'), ('SHLVL', '1'), ('LD_LIBRARY_PATH', '/root/ros2_ws/install/task3/lib:/root/ros2_ws/install/task2/lib:/root/ros2_ws/install/examples_rclcpp_wait_set/lib:/opt/ros/humble/opt/rviz_ogre_vendor/lib:/opt/ros/humble/lib/x86_64-linux-gnu:/opt/ros/humble/lib'), ('HOME', '/root'), ('OLDPWD', '/root/ros2_ws/src/task3_tester'), ('ROS_PYTHON_VERSION', '3'), ('_colcon_cd_root', '/opt/ros/humble/'), ('COLCON_PREFIX_PATH', '/root/ros2_ws/install:/root/ros2_ws/src/task1/install:/root/ros_ws/install'), ('ROS_DISTRO', 'humble'), ('_', '/usr/bin/colcon'), ('ROS_VERSION', '2'), ('TERM', 'xterm-256color'), ('ROS_LOCALHOST_ONLY', '0'), ('QT_X11_NO_MITSHM', '1'), ('PATH', '/opt/ros/humble/bin:/usr/local/sbin:/usr/local/bin:/usr/sbin:/usr/bin:/sbin:/bin:/root/rh/'), ('DISPLAY', ':1'), ('LANG', 'C.UTF-8'), ('LS_COLORS', 'rs=0:di=01;34:ln=01;36:mh=00:pi=40;33:so=01;35:do=01;35:bd=40;33;01:cd=40;33;01:or=40;31;01:mi=00:su=37;41:sg=30;43:ca=30;41:tw=30;42:ow=34;42:st=37;44:ex=01;32:*.tar=01;31:*.tgz=01;31:*.arc=01;31:*.arj=01;31:*.taz=01;31:*.lha=01;31:*.lz4=01;31:*.lzh=01;31:*.lzma=01;31:*.tlz=01;31:*.txz=01;31:*.tzo=01;31:*.t7z=01;31:*.zip=01;31:*.z=01;31:*.dz=01;31:*.gz=01;31:*.lrz=01;31:*.lz=01;31:*.lzo=01;31:*.xz=01;31:*.zst=01;31:*.tzst=01;31:*.bz2=01;31:*.bz=01;31:*.tbz=01;31:*.tbz2=01;31:*.tz=01;31:*.deb=01;31:*.rpm=01;31:*.jar=01;31:*.war=01;31:*.ear=01;31:*.sar=01;31:*.rar=01;31:*.alz=01;31:*.ace=01;31:*.zoo=01;31:*.cpio=01;31:*.7z=01;31:*.rz=01;31:*.cab=01;31:*.wim=01;31:*.swm=01;31:*.dwm=01;31:*.esd=01;31:*.jpg=01;35:*.jpeg=01;35:*.mjpg=01;35:*.mjpeg=01;35:*.gif=01;35:*.bmp=01;35:*.pbm=01;35:*.pgm=01;35:*.ppm=01;35:*.tga=01;35:*.xbm=01;35:*.xpm=01;35:*.tif=01;35:*.tiff=01;35:*.png=01;35:*.svg=01;35:*.svgz=01;35:*.mng=01;35:*.pcx=01;35:*.mov=01;35:*.mpg=01;35:*.mpeg=01;35:*.m2v=01;35:*.mkv=01;35:*.webm=01;35:*.webp=01;35:*.ogm=01;35:*.mp4=01;35:*.m4v=01;35:*.mp4v=01;35:*.vob=01;35:*.qt=01;35:*.nuv=01;35:*.wmv=01;35:*.asf=01;35:*.rm=01;35:*.rmvb=01;35:*.flc=01;35:*.avi=01;35:*.fli=01;35:*.flv=01;35:*.gl=01;35:*.dl=01;35:*.xcf=01;35:*.xwd=01;35:*.yuv=01;35:*.cgm=01;35:*.emf=01;35:*.ogv=01;35:*.ogx=01;35:*.aac=00;36:*.au=00;36:*.flac=00;36:*.m4a=00;36:*.mid=00;36:*.midi=00;36:*.mka=00;36:*.mp3=00;36:*.mpc=00;36:*.ogg=00;36:*.ra=00;36:*.wav=00;36:*.oga=00;36:*.opus=00;36:*.spx=00;36:*.xspf=00;36:'), ('AMENT_PREFIX_PATH', '/root/ros2_ws/install/task3:/root/ros2_ws/install/task2_tester:/root/ros2_ws/install/task2:/root/ros2_ws/install/task1:/root/ros2_ws/install/py_srvcli:/root/ros2_ws/install/py_pubsub:/root/ros2_ws/install/my_action_pkg:/root/ros2_ws/install/launch_testing_examples:/root/ros2_ws/install/examples_rclpy_pointcloud_publisher:/root/ros2_ws/install/examples_rclpy_minimal_subscriber:/root/ros2_ws/install/examples_rclpy_minimal_service:/root/ros2_ws/install/examples_rclpy_minimal_publisher:/root/ros2_ws/install/examples_rclpy_minimal_client:/root/ros2_ws/install/examples_rclpy_minimal_action_server:/root/ros2_ws/install/examples_rclpy_minimal_action_client:/root/ros2_ws/install/examples_rclpy_guard_conditions:/root/ros2_ws/install/examples_rclpy_executors:/root/ros2_ws/install/examples_rclcpp_wait_set:/root/ros2_ws/install/examples_rclcpp_cbg_executor:/root/ros2_ws/install/examples_rclcpp_async_client:/root/ros2_ws/src/task1/install/task1:/opt/ros/humble'), ('PWD', '/root/ros2_ws/build/task2'), ('LC_ALL', 'C.UTF-8'), ('PYTHONPATH', '/root/ros2_ws/install/task3/local/lib/python3.10/dist-packages:/root/ros2_ws/install/task2_tester/lib/python3.10/site-packages:/root/ros2_ws/install/task2/local/lib/python3.10/dist-packages:/root/ros2_ws/install/task1/lib/python3.10/site-packages:/root/ros2_ws/install/py_srvcli/lib/python3.10/site-packages:/root/ros2_ws/install/py_pubsub/lib/python3.10/site-packages:/root/ros2_ws/install/my_action_pkg/lib/python3.10/site-packages:/root/ros2_ws/build/launch_testing_examples:/root/ros2_ws/install/launch_testing_examples/lib/python3.10/site-packages:/root/ros2_ws/build/examples_rclpy_pointcloud_publisher:/root/ros2_ws/install/examples_rclpy_pointcloud_publisher/lib/python3.10/site-packages:/root/ros2_ws/build/examples_rclpy_minimal_subscriber:/root/ros2_ws/install/examples_rclpy_minimal_subscriber/lib/python3.10/site-packages:/root/ros2_ws/build/examples_rclpy_minimal_service:/root/ros2_ws/install/examples_rclpy_minimal_service/lib/python3.10/site-packages:/root/ros2_ws/build/examples_rclpy_minimal_publisher:/root/ros2_ws/install/examples_rclpy_minimal_publisher/lib/python3.10/site-packages:/root/ros2_ws/build/examples_rclpy_minimal_client:/root/ros2_ws/install/examples_rclpy_minimal_client/lib/python3.10/site-packages:/root/ros2_ws/build/examples_rclpy_minimal_action_server:/root/ros2_ws/install/examples_rclpy_minimal_action_server/lib/python3.10/site-packages:/root/ros2_ws/build/examples_rclpy_minimal_action_client:/root/ros2_ws/install/examples_rclpy_minimal_action_client/lib/python3.10/site-packages:/root/ros2_ws/build/examples_rclpy_guard_conditions:/root/ros2_ws/install/examples_rclpy_guard_conditions/lib/python3.10/site-packages:/root/ros2_ws/build/examples_rclpy_executors:/root/ros2_ws/install/examples_rclpy_executors/lib/python3.10/site-packages:/root/ros2_ws/src/task1/install/task1/lib/python3.10/site-packages:/opt/ros/humble/lib/python3.10/site-packages:/opt/ros/humble/local/lib/python3.10/dist-packages'), ('COLCON', '1'), ('CMAKE_PREFIX_PATH', '/root/ros2_ws/install/task3:/root/ros2_ws/install/task2:/root/ros2_ws/install/examples_rclcpp_wait_set:/root/ros2_ws/install/examples_rclcpp_cbg_executor:/root/ros2_ws/install/examples_rclcpp_async_client:/root/ros2_ws/install/task2_tester:/root/ros2_ws/install/task1:/root/ros2_ws/install/py_srvcli:/root/ros2_ws/install/py_pubsub:/root/ros2_ws/install/my_action_pkg:/root/ros2_ws/install/launch_testing_examples:/root/ros2_ws/install/examples_rclpy_pointcloud_publisher:/root/ros2_ws/install/examples_rclpy_minimal_subscriber:/root/ros2_ws/install/examples_rclpy_minimal_service:/root/ros2_ws/install/examples_rclpy_minimal_publisher:/root/ros2_ws/install/examples_rclpy_minimal_client:/root/ros2_ws/install/examples_rclpy_minimal_action_server:/root/ros2_ws/install/examples_rclpy_minimal_action_client:/root/ros2_ws/install/examples_rclpy_guard_conditions:/root/ros2_ws/install/examples_rclpy_executors:/root/ros2_ws/src/task1/install/task1:/opt/ros/humble')]), 'shell': False}
[0.407000] (task2) StdoutLine: {'line': b'-- Install configuration: ""\n'}
[0.407120] (task2) StdoutLine: {'line': b'-- Up-to-date: /root/ros2_ws/install/task2/share/ament_index/resource_index/rosidl_interfaces/task2\n'}
[0.407229] (task2) StdoutLine: {'line': b'-- Up-to-date: /root/ros2_ws/install/task2/include/task2/task2\n'}
[0.407325] (task2) StdoutLine: {'line': b'-- Up-to-date: /root/ros2_ws/install/task2/include/task2/task2/msg\n'}
[0.407422] (task2) StdoutLine: {'line': b'-- Up-to-date: /root/ros2_ws/install/task2/include/task2/task2/msg/detail\n'}
[0.407507] (task2) StdoutLine: {'line': b'-- Up-to-date: /root/ros2_ws/install/task2/include/task2/task2/msg/detail/robot_status__type_support.h\n'}
[0.407576] (task2) StdoutLine: {'line': b'-- Up-to-date: /root/ros2_ws/install/task2/include/task2/task2/msg/detail/robo_status__functions.c\n'}
[0.407672] (task2) StdoutLine: {'line': b'-- Up-to-date: /root/ros2_ws/install/task2/include/task2/task2/msg/detail/robot_status__struct.h\n'}
[0.407767] (task2) StdoutLine: {'line': b'-- Up-to-date: /root/ros2_ws/install/task2/include/task2/task2/msg/detail/robo_status__type_support.h\n'}
[0.407835] (task2) StdoutLine: {'line': b'-- Up-to-date: /root/ros2_ws/install/task2/include/task2/task2/msg/detail/robo_status__struct.h\n'}
[0.407927] (task2) StdoutLine: {'line': b'-- Up-to-date: /root/ros2_ws/install/task2/include/task2/task2/msg/detail/robot_status__functions.h\n'}
[0.408002] (task2) StdoutLine: {'line': b'-- Up-to-date: /root/ros2_ws/install/task2/include/task2/task2/msg/detail/robot_status__functions.c\n'}
[0.408093] (task2) StdoutLine: {'line': b'-- Up-to-date: /root/ros2_ws/install/task2/include/task2/task2/msg/detail/robo_status__functions.h\n'}
[0.408182] (task2) StdoutLine: {'line': b'-- Up-to-date: /root/ros2_ws/install/task2/include/task2/task2/msg/robot_status.h\n'}
[0.408257] (task2) StdoutLine: {'line': b'-- Up-to-date: /root/ros2_ws/install/task2/include/task2/task2/msg/rosidl_generator_c__visibility_control.h\n'}
[0.408319] (task2) StdoutLine: {'line': b'-- Up-to-date: /root/ros2_ws/install/task2/include/task2/task2/msg/robo_status.h\n'}
[0.408399] (task2) StdoutLine: {'line': b'-- Up-to-date: /root/ros2_ws/install/task2/share/task2/environment/library_path.sh\n'}
[0.408520] (task2) StdoutLine: {'line': b'-- Up-to-date: /root/ros2_ws/install/task2/share/task2/environment/library_path.dsv\n'}
[0.408630] (task3) StdoutLine: {'line': b"Listing '/root/ros2_ws/install/task3/local/lib/python3.10/dist-packages/task3'...\n"}
[0.408728] (task3) StdoutLine: {'line': b"Listing '/root/ros2_ws/install/task3/local/lib/python3.10/dist-packages/task3/srv'...\n"}
[0.408806] (task2) StdoutLine: {'line': b'-- Up-to-date: /root/ros2_ws/install/task2/lib/libtask2__rosidl_generator_c.so\n'}
[0.408902] (task2) StdoutLine: {'line': b'-- Up-to-date: /root/ros2_ws/install/task2/include/task2/task2\n'}
[0.408980] (task2) StdoutLine: {'line': b'-- Up-to-date: /root/ros2_ws/install/task2/include/task2/task2/msg\n'}
[0.409053] (task2) StdoutLine: {'line': b'-- Up-to-date: /root/ros2_ws/install/task2/include/task2/task2/msg/detail\n'}
[0.409124] (task2) StdoutLine: {'line': b'-- Up-to-date: /root/ros2_ws/install/task2/include/task2/task2/msg/detail/robot_status__rosidl_typesupport_fastrtps_c.h\n'}
[0.409196] (task2) StdoutLine: {'line': b'-- Up-to-date: /root/ros2_ws/install/task2/include/task2/task2/msg/detail/robo_status__rosidl_typesupport_fastrtps_c.h\n'}
[0.409279] (task2) StdoutLine: {'line': b'-- Up-to-date: /root/ros2_ws/install/task2/include/task2/task2/msg/rosidl_typesupport_fastrtps_c__visibility_control.h\n'}
[0.409340] (task2) StdoutLine: {'line': b'-- Up-to-date: /root/ros2_ws/install/task2/lib/libtask2__rosidl_typesupport_fastrtps_c.so\n'}
[0.409411] (task2) StdoutLine: {'line': b'-- Up-to-date: /root/ros2_ws/install/task2/include/task2/task2\n'}
[0.409490] (task2) StdoutLine: {'line': b'-- Up-to-date: /root/ros2_ws/install/task2/include/task2/task2/msg\n'}
[0.409563] (task2) StdoutLine: {'line': b'-- Up-to-date: /root/ros2_ws/install/task2/include/task2/task2/msg/detail\n'}
[0.409671] (task2) StdoutLine: {'line': b'-- Up-to-date: /root/ros2_ws/install/task2/include/task2/task2/msg/detail/robo_status__rosidl_typesupport_introspection_c.h\n'}
[0.409772] (task2) StdoutLine: {'line': b'-- Up-to-date: /root/ros2_ws/install/task2/include/task2/task2/msg/detail/robot_status__type_support.c\n'}
[0.409833] (task2) StdoutLine: {'line': b'-- Up-to-date: /root/ros2_ws/install/task2/include/task2/task2/msg/detail/robo_status__type_support.c\n'}
[0.409894] (task2) StdoutLine: {'line': b'-- Up-to-date: /root/ros2_ws/install/task2/include/task2/task2/msg/detail/robot_status__rosidl_typesupport_introspection_c.h\n'}
[0.409954] (task2) StdoutLine: {'line': b'-- Up-to-date: /root/ros2_ws/install/task2/include/task2/task2/msg/rosidl_typesupport_introspection_c__visibility_control.h\n'}
[0.410022] (task2) StdoutLine: {'line': b'-- Up-to-date: /root/ros2_ws/install/task2/lib/libtask2__rosidl_typesupport_introspection_c.so\n'}
[0.410082] (task2) StdoutLine: {'line': b'-- Up-to-date: /root/ros2_ws/install/task2/lib/libtask2__rosidl_typesupport_c.so\n'}
[0.410142] (task2) StdoutLine: {'line': b'-- Up-to-date: /root/ros2_ws/install/task2/include/task2/task2\n'}
[0.410201] (task2) StdoutLine: {'line': b'-- Up-to-date: /root/ros2_ws/install/task2/include/task2/task2/msg\n'}
[0.410261] (task2) StdoutLine: {'line': b'-- Up-to-date: /root/ros2_ws/install/task2/include/task2/task2/msg/detail\n'}
[0.410321] (task2) StdoutLine: {'line': b'-- Up-to-date: /root/ros2_ws/install/task2/include/task2/task2/msg/detail/robot_status__type_support.hpp\n'}
[0.410380] (task2) StdoutLine: {'line': b'-- Up-to-date: /root/ros2_ws/install/task2/include/task2/task2/msg/detail/robo_status__traits.hpp\n'}
[0.410440] (task2) StdoutLine: {'line': b'-- Up-to-date: /root/ros2_ws/install/task2/include/task2/task2/msg/detail/robot_status__struct.hpp\n'}
[0.410505] (task2) StdoutLine: {'line': b'-- Up-to-date: /root/ros2_ws/install/task2/include/task2/task2/msg/detail/robot_status__builder.hpp\n'}
[0.410575] (task2) StdoutLine: {'line': b'-- Up-to-date: /root/ros2_ws/install/task2/include/task2/task2/msg/detail/robo_status__type_support.hpp\n'}
[0.410658] (task2) StdoutLine: {'line': b'-- Up-to-date: /root/ros2_ws/install/task2/include/task2/task2/msg/detail/robot_status__traits.hpp\n'}
[0.410722] (task2) StdoutLine: {'line': b'-- Up-to-date: /root/ros2_ws/install/task2/include/task2/task2/msg/detail/robo_status__struct.hpp\n'}
[0.410796] (task2) StdoutLine: {'line': b'-- Up-to-date: /root/ros2_ws/install/task2/include/task2/task2/msg/detail/robo_status__builder.hpp\n'}
[0.410861] (task2) StdoutLine: {'line': b'-- Up-to-date: /root/ros2_ws/install/task2/include/task2/task2/msg/rosidl_generator_cpp__visibility_control.hpp\n'}
[0.410921] (task2) StdoutLine: {'line': b'-- Up-to-date: /root/ros2_ws/install/task2/include/task2/task2/msg/robot_status.hpp\n'}
[0.410993] (task2) StdoutLine: {'line': b'-- Up-to-date: /root/ros2_ws/install/task2/include/task2/task2/msg/robo_status.hpp\n'}
[0.411053] (task2) StdoutLine: {'line': b'-- Up-to-date: /root/ros2_ws/install/task2/include/task2/task2\n'}
[0.411113] (task2) StdoutLine: {'line': b'-- Up-to-date: /root/ros2_ws/install/task2/include/task2/task2/msg\n'}
[0.411172] (task2) StdoutLine: {'line': b'-- Up-to-date: /root/ros2_ws/install/task2/include/task2/task2/msg/detail\n'}
[0.411242] (task2) StdoutLine: {'line': b'-- Up-to-date: /root/ros2_ws/install/task2/include/task2/task2/msg/detail/robo_status__rosidl_typesupport_fastrtps_cpp.hpp\n'}
[0.411302] (task2) StdoutLine: {'line': b'-- Up-to-date: /root/ros2_ws/install/task2/include/task2/task2/msg/detail/dds_fastrtps\n'}
[0.411367] (task2) StdoutLine: {'line': b'-- Up-to-date: /root/ros2_ws/install/task2/include/task2/task2/msg/detail/robot_status__rosidl_typesupport_fastrtps_cpp.hpp\n'}
[0.411468] (task2) StdoutLine: {'line': b'-- Up-to-date: /root/ros2_ws/install/task2/include/task2/task2/msg/rosidl_typesupport_fastrtps_cpp__visibility_control.h\n'}
[0.411561] (task2) StdoutLine: {'line': b'-- Up-to-date: /root/ros2_ws/install/task2/lib/libtask2__rosidl_typesupport_fastrtps_cpp.so\n'}
[0.411651] (task2) StdoutLine: {'line': b'-- Up-to-date: /root/ros2_ws/install/task2/include/task2/task2\n'}
[0.411738] (task2) StdoutLine: {'line': b'-- Up-to-date: /root/ros2_ws/install/task2/include/task2/task2/msg\n'}
[0.411829] (task2) StdoutLine: {'line': b'-- Up-to-date: /root/ros2_ws/install/task2/include/task2/task2/msg/detail\n'}
[0.411921] (task2) StdoutLine: {'line': b'-- Up-to-date: /root/ros2_ws/install/task2/include/task2/task2/msg/detail/robot_status__type_support.cpp\n'}
[0.412007] (task2) StdoutLine: {'line': b'-- Up-to-date: /root/ros2_ws/install/task2/include/task2/task2/msg/detail/robo_status__rosidl_typesupport_introspection_cpp.hpp\n'}
[0.412069] (task2) StdoutLine: {'line': b'-- Up-to-date: /root/ros2_ws/install/task2/include/task2/task2/msg/detail/robo_status__type_support.cpp\n'}
[0.412130] (task2) StdoutLine: {'line': b'-- Up-to-date: /root/ros2_ws/install/task2/include/task2/task2/msg/detail/robot_status__rosidl_typesupport_introspection_cpp.hpp\n'}
[0.412203] (task2) StdoutLine: {'line': b'-- Up-to-date: /root/ros2_ws/install/task2/lib/libtask2__rosidl_typesupport_introspection_cpp.so\n'}
[0.412285] (task2) StdoutLine: {'line': b'-- Up-to-date: /root/ros2_ws/install/task2/lib/libtask2__rosidl_typesupport_cpp.so\n'}
[0.412368] (task2) StdoutLine: {'line': b'-- Up-to-date: /root/ros2_ws/install/task2/share/task2/environment/pythonpath.sh\n'}
[0.412440] (task2) StdoutLine: {'line': b'-- Up-to-date: /root/ros2_ws/install/task2/share/task2/environment/pythonpath.dsv\n'}
[0.412523] (task2) StdoutLine: {'line': b'-- Up-to-date: /root/ros2_ws/install/task2/local/lib/python3.10/dist-packages/task2-0.0.0-py3.10.egg-info\n'}
[0.412600] (task2) StdoutLine: {'line': b'-- Installing: /root/ros2_ws/install/task2/local/lib/python3.10/dist-packages/task2-0.0.0-py3.10.egg-info/PKG-INFO\n'}
[0.412722] (task2) StdoutLine: {'line': b'-- Installing: /root/ros2_ws/install/task2/local/lib/python3.10/dist-packages/task2-0.0.0-py3.10.egg-info/top_level.txt\n'}
[0.412764] (task2) StdoutLine: {'line': b'-- Installing: /root/ros2_ws/install/task2/local/lib/python3.10/dist-packages/task2-0.0.0-py3.10.egg-info/dependency_links.txt\n'}
[0.412800] (task2) StdoutLine: {'line': b'-- Installing: /root/ros2_ws/install/task2/local/lib/python3.10/dist-packages/task2-0.0.0-py3.10.egg-info/SOURCES.txt\n'}
[0.412832] (task2) StdoutLine: {'line': b'-- Up-to-date: /root/ros2_ws/install/task2/local/lib/python3.10/dist-packages/task2\n'}
[0.412865] (task2) StdoutLine: {'line': b'-- Up-to-date: /root/ros2_ws/install/task2/local/lib/python3.10/dist-packages/task2/msg\n'}
[0.412905] (task2) StdoutLine: {'line': b'-- Up-to-date: /root/ros2_ws/install/task2/local/lib/python3.10/dist-packages/task2/msg/_robo_status_s.c\n'}
[0.412958] (task2) StdoutLine: {'line': b'-- Up-to-date: /root/ros2_ws/install/task2/local/lib/python3.10/dist-packages/task2/msg/_robot_status.py\n'}
[0.412995] (task2) StdoutLine: {'line': b'-- Up-to-date: /root/ros2_ws/install/task2/local/lib/python3.10/dist-packages/task2/msg/_robot_status_s.c\n'}
[0.413026] (task2) StdoutLine: {'line': b'-- Up-to-date: /root/ros2_ws/install/task2/local/lib/python3.10/dist-packages/task2/msg/__init__.py\n'}
[0.413091] (task2) StdoutLine: {'line': b'-- Up-to-date: /root/ros2_ws/install/task2/local/lib/python3.10/dist-packages/task2/msg/_robo_status.py\n'}
[0.413140] (task2) StdoutLine: {'line': b'-- Up-to-date: /root/ros2_ws/install/task2/local/lib/python3.10/dist-packages/task2/libtask2__rosidl_generator_py.so\n'}
[0.413171] (task2) StdoutLine: {'line': b'-- Up-to-date: /root/ros2_ws/install/task2/local/lib/python3.10/dist-packages/task2/task2_s__rosidl_typesupport_c.cpython-310-x86_64-linux-gnu.so\n'}
[0.413202] (task2) StdoutLine: {'line': b'-- Up-to-date: /root/ros2_ws/install/task2/local/lib/python3.10/dist-packages/task2/_task2_s.ep.rosidl_typesupport_c.c\n'}
[0.413233] (task2) StdoutLine: {'line': b'-- Up-to-date: /root/ros2_ws/install/task2/local/lib/python3.10/dist-packages/task2/task2_s__rosidl_typesupport_introspection_c.cpython-310-x86_64-linux-gnu.so\n'}
[0.413276] (task2) StdoutLine: {'line': b'-- Up-to-date: /root/ros2_ws/install/task2/local/lib/python3.10/dist-packages/task2/_task2_s.ep.rosidl_typesupport_introspection_c.c\n'}
[0.413306] (task2) StdoutLine: {'line': b'-- Up-to-date: /root/ros2_ws/install/task2/local/lib/python3.10/dist-packages/task2/_task2_s.ep.rosidl_typesupport_fastrtps_c.c\n'}
[0.413337] (task2) StdoutLine: {'line': b'-- Up-to-date: /root/ros2_ws/install/task2/local/lib/python3.10/dist-packages/task2/task2_s__rosidl_typesupport_fastrtps_c.cpython-310-x86_64-linux-gnu.so\n'}
[0.413367] (task2) StdoutLine: {'line': b'-- Up-to-date: /root/ros2_ws/install/task2/local/lib/python3.10/dist-packages/task2/__init__.py\n'}
[0.413398] (task3) StdoutLine: {'line': b'-- Up-to-date: /root/ros2_ws/install/task3/local/lib/python3.10/dist-packages/task3/task3_s__rosidl_typesupport_fastrtps_c.cpython-310-x86_64-linux-gnu.so\n'}
[0.413447] (task3) StdoutLine: {'line': b'-- Up-to-date: /root/ros2_ws/install/task3/local/lib/python3.10/dist-packages/task3/task3_s__rosidl_typesupport_introspection_c.cpython-310-x86_64-linux-gnu.so\n'}
[0.413476] (task3) StdoutLine: {'line': b'-- Up-to-date: /root/ros2_ws/install/task3/local/lib/python3.10/dist-packages/task3/task3_s__rosidl_typesupport_c.cpython-310-x86_64-linux-gnu.so\n'}
[0.413506] (task3) StdoutLine: {'line': b'-- Up-to-date: /root/ros2_ws/install/task3/lib/libtask3__rosidl_generator_py.so\n'}
[0.413534] (task3) StdoutLine: {'line': b'-- Up-to-date: /root/ros2_ws/install/task3/share/ament_index/resource_index/rust_packages/task3\n'}
[0.413566] (task3) StdoutLine: {'line': b'-- Up-to-date: /root/ros2_ws/install/task3/share/task3/rust\n'}
[0.413594] (task3) StdoutLine: {'line': b'-- Up-to-date: /root/ros2_ws/install/task3/share/task3/rust/Cargo.toml\n'}
[0.413621] (task3) StdoutLine: {'line': b'-- Up-to-date: /root/ros2_ws/install/task3/share/task3/rust/src\n'}
[0.413651] (task3) StdoutLine: {'line': b'-- Up-to-date: /root/ros2_ws/install/task3/share/task3/rust/src/srv\n'}
[0.413678] (task3) StdoutLine: {'line': b'-- Up-to-date: /root/ros2_ws/install/task3/share/task3/rust/src/srv/rmw.rs\n'}
[0.413704] (task3) StdoutLine: {'line': b'-- Up-to-date: /root/ros2_ws/install/task3/share/task3/rust/src/srv.rs\n'}
[0.413731] (task3) StdoutLine: {'line': b'-- Up-to-date: /root/ros2_ws/install/task3/share/task3/rust/src/lib.rs\n'}
[0.413757] (task3) StdoutLine: {'line': b'-- Up-to-date: /root/ros2_ws/install/task3/share/task3/rust/build.rs\n'}
[0.413783] (task3) StdoutLine: {'line': b'-- Up-to-date: /root/ros2_ws/install/task3/share/task3/srv/AddTwo.idl\n'}
[0.413811] (task3) StdoutLine: {'line': b'-- Up-to-date: /root/ros2_ws/install/task3/share/task3/srv/AddTwo.srv\n'}
[0.413837] (task3) StdoutLine: {'line': b'-- Up-to-date: /root/ros2_ws/install/task3/share/task3/srv/AddTwo_Request.msg\n'}
[0.413863] (task3) StdoutLine: {'line': b'-- Up-to-date: /root/ros2_ws/install/task3/share/task3/srv/AddTwo_Response.msg\n'}
[0.413890] (task3) StdoutLine: {'line': b'-- Up-to-date: /root/ros2_ws/install/task3/share/ament_index/resource_index/package_run_dependencies/task3\n'}
[0.413915] (task3) StdoutLine: {'line': b'-- Up-to-date: /root/ros2_ws/install/task3/share/ament_index/resource_index/parent_prefix_path/task3\n'}
[0.413942] (task3) StdoutLine: {'line': b'-- Up-to-date: /root/ros2_ws/install/task3/share/task3/environment/ament_prefix_path.sh\n'}
[0.413968] (task3) StdoutLine: {'line': b'-- Up-to-date: /root/ros2_ws/install/task3/share/task3/environment/ament_prefix_path.dsv\n'}
[0.413995] (task3) StdoutLine: {'line': b'-- Up-to-date: /root/ros2_ws/install/task3/share/task3/environment/path.sh\n'}
[0.414022] (task3) StdoutLine: {'line': b'-- Up-to-date: /root/ros2_ws/install/task3/share/task3/environment/path.dsv\n'}
[0.414048] (task3) StdoutLine: {'line': b'-- Up-to-date: /root/ros2_ws/install/task3/share/task3/local_setup.bash\n'}
[0.414075] (task3) StdoutLine: {'line': b'-- Up-to-date: /root/ros2_ws/install/task3/share/task3/local_setup.sh\n'}
[0.414101] (task3) StdoutLine: {'line': b'-- Up-to-date: /root/ros2_ws/install/task3/share/task3/local_setup.zsh\n'}
[0.414127] (task3) StdoutLine: {'line': b'-- Up-to-date: /root/ros2_ws/install/task3/share/task3/local_setup.dsv\n'}
[0.414153] (task3) StdoutLine: {'line': b'-- Installing: /root/ros2_ws/install/task3/share/task3/package.dsv\n'}
[0.414180] (task3) StdoutLine: {'line': b'-- Up-to-date: /root/ros2_ws/install/task3/share/ament_index/resource_index/packages/task3\n'}
[0.414207] (task3) StdoutLine: {'line': b'-- Up-to-date: /root/ros2_ws/install/task3/share/task3/cmake/export_task3__rosidl_generator_cExport.cmake\n'}
[0.414235] (task3) StdoutLine: {'line': b'-- Up-to-date: /root/ros2_ws/install/task3/share/task3/cmake/export_task3__rosidl_generator_cExport-noconfig.cmake\n'}
[0.414261] (task3) StdoutLine: {'line': b'-- Up-to-date: /root/ros2_ws/install/task3/share/task3/cmake/export_task3__rosidl_typesupport_fastrtps_cExport.cmake\n'}
[0.414288] (task3) StdoutLine: {'line': b'-- Up-to-date: /root/ros2_ws/install/task3/share/task3/cmake/export_task3__rosidl_typesupport_fastrtps_cExport-noconfig.cmake\n'}
[0.414315] (task3) StdoutLine: {'line': b'-- Up-to-date: /root/ros2_ws/install/task3/share/task3/cmake/export_task3__rosidl_generator_cppExport.cmake\n'}
[0.414342] (task3) StdoutLine: {'line': b'-- Up-to-date: /root/ros2_ws/install/task3/share/task3/cmake/export_task3__rosidl_typesupport_fastrtps_cppExport.cmake\n'}
[0.414369] (task3) StdoutLine: {'line': b'-- Up-to-date: /root/ros2_ws/install/task3/share/task3/cmake/export_task3__rosidl_typesupport_fastrtps_cppExport-noconfig.cmake\n'}
[0.414419] (task3) StdoutLine: {'line': b'-- Up-to-date: /root/ros2_ws/install/task3/share/task3/cmake/task3__rosidl_typesupport_introspection_cExport.cmake\n'}
[0.414449] (task3) StdoutLine: {'line': b'-- Up-to-date: /root/ros2_ws/install/task3/share/task3/cmake/task3__rosidl_typesupport_introspection_cExport-noconfig.cmake\n'}
[0.414479] (task3) StdoutLine: {'line': b'-- Up-to-date: /root/ros2_ws/install/task3/share/task3/cmake/task3__rosidl_typesupport_cExport.cmake\n'}
[0.414508] (task3) StdoutLine: {'line': b'-- Up-to-date: /root/ros2_ws/install/task3/share/task3/cmake/task3__rosidl_typesupport_cExport-noconfig.cmake\n'}
[0.414537] (task3) StdoutLine: {'line': b'-- Up-to-date: /root/ros2_ws/install/task3/share/task3/cmake/task3__rosidl_typesupport_introspection_cppExport.cmake\n'}
[0.414569] (task3) StdoutLine: {'line': b'-- Up-to-date: /root/ros2_ws/install/task3/share/task3/cmake/task3__rosidl_typesupport_introspection_cppExport-noconfig.cmake\n'}
[0.414598] (task3) StdoutLine: {'line': b'-- Up-to-date: /root/ros2_ws/install/task3/share/task3/cmake/task3__rosidl_typesupport_cppExport.cmake\n'}
[0.414632] (task3) StdoutLine: {'line': b'-- Up-to-date: /root/ros2_ws/install/task3/share/task3/cmake/task3__rosidl_typesupport_cppExport-noconfig.cmake\n'}
[0.414663] (task3) StdoutLine: {'line': b'-- Up-to-date: /root/ros2_ws/install/task3/share/task3/cmake/export_task3__rosidl_generator_pyExport.cmake\n'}
[0.414693] (task3) StdoutLine: {'line': b'-- Up-to-date: /root/ros2_ws/install/task3/share/task3/cmake/export_task3__rosidl_generator_pyExport-noconfig.cmake\n'}
[0.414722] (task3) StdoutLine: {'line': b'-- Up-to-date: /root/ros2_ws/install/task3/share/task3/cmake/rosidl_cmake-extras.cmake\n'}
[0.414751] (task3) StdoutLine: {'line': b'-- Up-to-date: /root/ros2_ws/install/task3/share/task3/cmake/ament_cmake_export_dependencies-extras.cmake\n'}
[0.414780] (task3) StdoutLine: {'line': b'-- Up-to-date: /root/ros2_ws/install/task3/share/task3/cmake/ament_cmake_export_include_directories-extras.cmake\n'}
[0.414808] (task3) StdoutLine: {'line': b'-- Up-to-date: /root/ros2_ws/install/task3/share/task3/cmake/ament_cmake_export_libraries-extras.cmake\n'}
[0.414837] (task3) StdoutLine: {'line': b'-- Up-to-date: /root/ros2_ws/install/task3/share/task3/cmake/ament_cmake_export_targets-extras.cmake\n'}
[0.414866] (task3) StdoutLine: {'line': b'-- Up-to-date: /root/ros2_ws/install/task3/share/task3/cmake/rosidl_cmake_export_typesupport_targets-extras.cmake\n'}
[0.414895] (task3) StdoutLine: {'line': b'-- Up-to-date: /root/ros2_ws/install/task3/share/task3/cmake/rosidl_cmake_export_typesupport_libraries-extras.cmake\n'}
[0.414924] (task3) StdoutLine: {'line': b'-- Up-to-date: /root/ros2_ws/install/task3/share/task3/cmake/task3Config.cmake\n'}
[0.414952] (task3) StdoutLine: {'line': b'-- Up-to-date: /root/ros2_ws/install/task3/share/task3/cmake/task3Config-version.cmake\n'}
[0.414981] (task3) StdoutLine: {'line': b'-- Up-to-date: /root/ros2_ws/install/task3/share/task3/package.xml\n'}
[0.415437] (task3) CommandEnded: {'returncode': 0}
[0.427492] (task3) JobEnded: {'identifier': 'task3', 'rc': 0}
[0.428013] (task3_tester) JobStarted: {'identifier': 'task3_tester'}
[0.438256] (task2) StdoutLine: {'line': b"Listing '/root/ros2_ws/install/task2/local/lib/python3.10/dist-packages/task2'...\n"}
[0.438323] (task2) StdoutLine: {'line': b"Listing '/root/ros2_ws/install/task2/local/lib/python3.10/dist-packages/task2/msg'...\n"}
[0.441095] (task2) StdoutLine: {'line': b'-- Up-to-date: /root/ros2_ws/install/task2/local/lib/python3.10/dist-packages/task2/task2_s__rosidl_typesupport_fastrtps_c.cpython-310-x86_64-linux-gnu.so\n'}
[0.441243] (task2) StdoutLine: {'line': b'-- Up-to-date: /root/ros2_ws/install/task2/local/lib/python3.10/dist-packages/task2/task2_s__rosidl_typesupport_introspection_c.cpython-310-x86_64-linux-gnu.so\n'}
[0.441298] (task2) StdoutLine: {'line': b'-- Up-to-date: /root/ros2_ws/install/task2/local/lib/python3.10/dist-packages/task2/task2_s__rosidl_typesupport_c.cpython-310-x86_64-linux-gnu.so\n'}
[0.441377] (task2) StdoutLine: {'line': b'-- Up-to-date: /root/ros2_ws/install/task2/lib/libtask2__rosidl_generator_py.so\n'}
[0.441458] (task2) StdoutLine: {'line': b'-- Up-to-date: /root/ros2_ws/install/task2/share/ament_index/resource_index/rust_packages/task2\n'}
[0.441501] (task2) StdoutLine: {'line': b'-- Up-to-date: /root/ros2_ws/install/task2/share/task2/rust\n'}
[0.441543] (task2) StdoutLine: {'line': b'-- Up-to-date: /root/ros2_ws/install/task2/share/task2/rust/Cargo.toml\n'}
[0.441603] (task2) StdoutLine: {'line': b'-- Up-to-date: /root/ros2_ws/install/task2/share/task2/rust/src\n'}
[0.441636] (task2) StdoutLine: {'line': b'-- Up-to-date: /root/ros2_ws/install/task2/share/task2/rust/src/msg\n'}
[0.441669] (task2) StdoutLine: {'line': b'-- Up-to-date: /root/ros2_ws/install/task2/share/task2/rust/src/msg/rmw.rs\n'}
[0.441701] (task2) StdoutLine: {'line': b'-- Up-to-date: /root/ros2_ws/install/task2/share/task2/rust/src/msg.rs\n'}
[0.441731] (task2) StdoutLine: {'line': b'-- Up-to-date: /root/ros2_ws/install/task2/share/task2/rust/src/lib.rs\n'}
[0.441789] (task2) StdoutLine: {'line': b'-- Up-to-date: /root/ros2_ws/install/task2/share/task2/rust/build.rs\n'}
[0.441820] (task2) StdoutLine: {'line': b'-- Up-to-date: /root/ros2_ws/install/task2/share/task2/msg/RoboStatus.idl\n'}
[0.441850] (task2) StdoutLine: {'line': b'-- Up-to-date: /root/ros2_ws/install/task2/share/task2/msg/RoboStatus.msg\n'}
[0.441880] (task2) StdoutLine: {'line': b'-- Up-to-date: /root/ros2_ws/install/task2/share/ament_index/resource_index/package_run_dependencies/task2\n'}
[0.441910] (task2) StdoutLine: {'line': b'-- Up-to-date: /root/ros2_ws/install/task2/share/ament_index/resource_index/parent_prefix_path/task2\n'}
[0.441940] (task2) StdoutLine: {'line': b'-- Up-to-date: /root/ros2_ws/install/task2/share/task2/environment/ament_prefix_path.sh\n'}
[0.441970] (task2) StdoutLine: {'line': b'-- Up-to-date: /root/ros2_ws/install/task2/share/task2/environment/ament_prefix_path.dsv\n'}
[0.441999] (task2) StdoutLine: {'line': b'-- Up-to-date: /root/ros2_ws/install/task2/share/task2/environment/path.sh\n'}
[0.442027] (task2) StdoutLine: {'line': b'-- Up-to-date: /root/ros2_ws/install/task2/share/task2/environment/path.dsv\n'}
[0.442068] (task2) StdoutLine: {'line': b'-- Up-to-date: /root/ros2_ws/install/task2/share/task2/local_setup.bash\n'}
[0.442133] (task2) StdoutLine: {'line': b'-- Up-to-date: /root/ros2_ws/install/task2/share/task2/local_setup.sh\n'}
[0.442165] (task2) StdoutLine: {'line': b'-- Up-to-date: /root/ros2_ws/install/task2/share/task2/local_setup.zsh\n'}
[0.442194] (task2) StdoutLine: {'line': b'-- Up-to-date: /root/ros2_ws/install/task2/share/task2/local_setup.dsv\n'}
[0.442223] (task2) StdoutLine: {'line': b'-- Installing: /root/ros2_ws/install/task2/share/task2/package.dsv\n'}
[0.442252] (task2) StdoutLine: {'line': b'-- Up-to-date: /root/ros2_ws/install/task2/share/ament_index/resource_index/packages/task2\n'}
[0.442281] (task2) StdoutLine: {'line': b'-- Up-to-date: /root/ros2_ws/install/task2/share/task2/cmake/export_task2__rosidl_generator_cExport.cmake\n'}
[0.442331] (task2) StdoutLine: {'line': b'-- Up-to-date: /root/ros2_ws/install/task2/share/task2/cmake/export_task2__rosidl_generator_cExport-noconfig.cmake\n'}
[0.442374] (task2) StdoutLine: {'line': b'-- Up-to-date: /root/ros2_ws/install/task2/share/task2/cmake/export_task2__rosidl_typesupport_fastrtps_cExport.cmake\n'}
[0.442405] (task2) StdoutLine: {'line': b'-- Up-to-date: /root/ros2_ws/install/task2/share/task2/cmake/export_task2__rosidl_typesupport_fastrtps_cExport-noconfig.cmake\n'}
[0.442434] (task2) StdoutLine: {'line': b'-- Up-to-date: /root/ros2_ws/install/task2/share/task2/cmake/task2__rosidl_typesupport_introspection_cExport.cmake\n'}
[0.442463] (task2) StdoutLine: {'line': b'-- Up-to-date: /root/ros2_ws/install/task2/share/task2/cmake/task2__rosidl_typesupport_introspection_cExport-noconfig.cmake\n'}
[0.442493] (task2) StdoutLine: {'line': b'-- Up-to-date: /root/ros2_ws/install/task2/share/task2/cmake/task2__rosidl_typesupport_cExport.cmake\n'}
[0.442523] (task2) StdoutLine: {'line': b'-- Up-to-date: /root/ros2_ws/install/task2/share/task2/cmake/task2__rosidl_typesupport_cExport-noconfig.cmake\n'}
[0.442556] (task2) StdoutLine: {'line': b'-- Up-to-date: /root/ros2_ws/install/task2/share/task2/cmake/export_task2__rosidl_generator_cppExport.cmake\n'}
[0.442588] (task2) StdoutLine: {'line': b'-- Up-to-date: /root/ros2_ws/install/task2/share/task2/cmake/export_task2__rosidl_typesupport_fastrtps_cppExport.cmake\n'}
[0.442617] (task2) StdoutLine: {'line': b'-- Up-to-date: /root/ros2_ws/install/task2/share/task2/cmake/export_task2__rosidl_typesupport_fastrtps_cppExport-noconfig.cmake\n'}
[0.442647] (task2) StdoutLine: {'line': b'-- Up-to-date: /root/ros2_ws/install/task2/share/task2/cmake/task2__rosidl_typesupport_introspection_cppExport.cmake\n'}
[0.442676] (task2) StdoutLine: {'line': b'-- Up-to-date: /root/ros2_ws/install/task2/share/task2/cmake/task2__rosidl_typesupport_introspection_cppExport-noconfig.cmake\n'}
[0.442718] (task2) StdoutLine: {'line': b'-- Up-to-date: /root/ros2_ws/install/task2/share/task2/cmake/task2__rosidl_typesupport_cppExport.cmake\n'}
[0.442773] (task2) StdoutLine: {'line': b'-- Up-to-date: /root/ros2_ws/install/task2/share/task2/cmake/task2__rosidl_typesupport_cppExport-noconfig.cmake\n'}
[0.442801] (task2) StdoutLine: {'line': b'-- Up-to-date: /root/ros2_ws/install/task2/share/task2/cmake/export_task2__rosidl_generator_pyExport.cmake\n'}
[0.442828] (task2) StdoutLine: {'line': b'-- Up-to-date: /root/ros2_ws/install/task2/share/task2/cmake/export_task2__rosidl_generator_pyExport-noconfig.cmake\n'}
[0.442855] (task2) StdoutLine: {'line': b'-- Up-to-date: /root/ros2_ws/install/task2/share/task2/cmake/rosidl_cmake-extras.cmake\n'}
[0.442881] (task2) StdoutLine: {'line': b'-- Up-to-date: /root/ros2_ws/install/task2/share/task2/cmake/ament_cmake_export_include_directories-extras.cmake\n'}
[0.442907] (task2) StdoutLine: {'line': b'-- Up-to-date: /root/ros2_ws/install/task2/share/task2/cmake/ament_cmake_export_libraries-extras.cmake\n'}
[0.442933] (task2) StdoutLine: {'line': b'-- Up-to-date: /root/ros2_ws/install/task2/share/task2/cmake/ament_cmake_export_targets-extras.cmake\n'}
[0.442959] (task2) StdoutLine: {'line': b'-- Up-to-date: /root/ros2_ws/install/task2/share/task2/cmake/rosidl_cmake_export_typesupport_targets-extras.cmake\n'}
[0.442986] (task2) StdoutLine: {'line': b'-- Up-to-date: /root/ros2_ws/install/task2/share/task2/cmake/ament_cmake_export_dependencies-extras.cmake\n'}
[0.443012] (task2) StdoutLine: {'line': b'-- Up-to-date: /root/ros2_ws/install/task2/share/task2/cmake/rosidl_cmake_export_typesupport_libraries-extras.cmake\n'}
[0.443037] (task2) StdoutLine: {'line': b'-- Up-to-date: /root/ros2_ws/install/task2/share/task2/cmake/task2Config.cmake\n'}
[0.443062] (task2) StdoutLine: {'line': b'-- Up-to-date: /root/ros2_ws/install/task2/share/task2/cmake/task2Config-version.cmake\n'}
[0.443088] (task2) StdoutLine: {'line': b'-- Up-to-date: /root/ros2_ws/install/task2/share/task2/package.xml\n'}
[0.500507] (-) TimerEvent: {}
[0.600868] (-) TimerEvent: {}
[0.602447] (task2_tester) Command: {'cmd': ['/usr/bin/python3', '-W', 'ignore:setup.py install is deprecated', '-W', 'ignore:easy_install command is deprecated', 'setup.py', 'egg_info', '--egg-base', '../../build/task2_tester', 'build', '--build-base', '/root/ros2_ws/build/task2_tester/build', 'install', '--record', '/root/ros2_ws/build/task2_tester/install.log', '--single-version-externally-managed', 'install_data'], 'cwd': '/root/ros2_ws/src/task2_tester', 'env': {'HOSTNAME': '2fef300a6fd9', 'SHLVL': '1', 'LD_LIBRARY_PATH': '/root/ros2_ws/install/task3/lib:/root/ros2_ws/install/task2/lib:/root/ros2_ws/install/examples_rclcpp_wait_set/lib:/opt/ros/humble/opt/rviz_ogre_vendor/lib:/opt/ros/humble/lib/x86_64-linux-gnu:/opt/ros/humble/lib', 'HOME': '/root', 'OLDPWD': '/root/ros2_ws/src/task3_tester', 'ROS_PYTHON_VERSION': '3', '_colcon_cd_root': '/opt/ros/humble/', 'COLCON_PREFIX_PATH': '/root/ros2_ws/install:/root/ros2_ws/src/task1/install:/root/ros_ws/install', 'ROS_DISTRO': 'humble', '_': '/usr/bin/colcon', 'ROS_VERSION': '2', 'TERM': 'xterm-256color', 'ROS_LOCALHOST_ONLY': '0', 'QT_X11_NO_MITSHM': '1', 'PATH': '/opt/ros/humble/bin:/usr/local/sbin:/usr/local/bin:/usr/sbin:/usr/bin:/sbin:/bin:/root/rh/', 'DISPLAY': ':1', 'LANG': 'C.UTF-8', 'LS_COLORS': 'rs=0:di=01;34:ln=01;36:mh=00:pi=40;33:so=01;35:do=01;35:bd=40;33;01:cd=40;33;01:or=40;31;01:mi=00:su=37;41:sg=30;43:ca=30;41:tw=30;42:ow=34;42:st=37;44:ex=01;32:*.tar=01;31:*.tgz=01;31:*.arc=01;31:*.arj=01;31:*.taz=01;31:*.lha=01;31:*.lz4=01;31:*.lzh=01;31:*.lzma=01;31:*.tlz=01;31:*.txz=01;31:*.tzo=01;31:*.t7z=01;31:*.zip=01;31:*.z=01;31:*.dz=01;31:*.gz=01;31:*.lrz=01;31:*.lz=01;31:*.lzo=01;31:*.xz=01;31:*.zst=01;31:*.tzst=01;31:*.bz2=01;31:*.bz=01;31:*.tbz=01;31:*.tbz2=01;31:*.tz=01;31:*.deb=01;31:*.rpm=01;31:*.jar=01;31:*.war=01;31:*.ear=01;31:*.sar=01;31:*.rar=01;31:*.alz=01;31:*.ace=01;31:*.zoo=01;31:*.cpio=01;31:*.7z=01;31:*.rz=01;31:*.cab=01;31:*.wim=01;31:*.swm=01;31:*.dwm=01;31:*.esd=01;31:*.jpg=01;35:*.jpeg=01;35:*.mjpg=01;35:*.mjpeg=01;35:*.gif=01;35:*.bmp=01;35:*.pbm=01;35:*.pgm=01;35:*.ppm=01;35:*.tga=01;35:*.xbm=01;35:*.xpm=01;35:*.tif=01;35:*.tiff=01;35:*.png=01;35:*.svg=01;35:*.svgz=01;35:*.mng=01;35:*.pcx=01;35:*.mov=01;35:*.mpg=01;35:*.mpeg=01;35:*.m2v=01;35:*.mkv=01;35:*.webm=01;35:*.webp=01;35:*.ogm=01;35:*.mp4=01;35:*.m4v=01;35:*.mp4v=01;35:*.vob=01;35:*.qt=01;35:*.nuv=01;35:*.wmv=01;35:*.asf=01;35:*.rm=01;35:*.rmvb=01;35:*.flc=01;35:*.avi=01;35:*.fli=01;35:*.flv=01;35:*.gl=01;35:*.dl=01;35:*.xcf=01;35:*.xwd=01;35:*.yuv=01;35:*.cgm=01;35:*.emf=01;35:*.ogv=01;35:*.ogx=01;35:*.aac=00;36:*.au=00;36:*.flac=00;36:*.m4a=00;36:*.mid=00;36:*.midi=00;36:*.mka=00;36:*.mp3=00;36:*.mpc=00;36:*.ogg=00;36:*.ra=00;36:*.wav=00;36:*.oga=00;36:*.opus=00;36:*.spx=00;36:*.xspf=00;36:', 'AMENT_PREFIX_PATH': '/root/ros2_ws/install/task3:/root/ros2_ws/install/task2_tester:/root/ros2_ws/install/task2:/root/ros2_ws/install/task1:/root/ros2_ws/install/py_srvcli:/root/ros2_ws/install/py_pubsub:/root/ros2_ws/install/my_action_pkg:/root/ros2_ws/install/launch_testing_examples:/root/ros2_ws/install/examples_rclpy_pointcloud_publisher:/root/ros2_ws/install/examples_rclpy_minimal_subscriber:/root/ros2_ws/install/examples_rclpy_minimal_service:/root/ros2_ws/install/examples_rclpy_minimal_publisher:/root/ros2_ws/install/examples_rclpy_minimal_client:/root/ros2_ws/install/examples_rclpy_minimal_action_server:/root/ros2_ws/install/examples_rclpy_minimal_action_client:/root/ros2_ws/install/examples_rclpy_guard_conditions:/root/ros2_ws/install/examples_rclpy_executors:/root/ros2_ws/install/examples_rclcpp_wait_set:/root/ros2_ws/install/examples_rclcpp_cbg_executor:/root/ros2_ws/install/examples_rclcpp_async_client:/root/ros2_ws/src/task1/install/task1:/opt/ros/humble', 'PWD': '/root/ros2_ws/build/task2_tester', 'LC_ALL': 'C.UTF-8', 'PYTHONPATH': '/root/ros2_ws/build/task2_tester/prefix_override:/usr/lib/python3/dist-packages/colcon_core/task/python/colcon_distutils_commands:/root/ros2_ws/install/task2_tester/lib/python3.10/site-packages:/root/ros2_ws/install/task3/local/lib/python3.10/dist-packages:/root/ros2_ws/install/task2_tester/lib/python3.10/site-packages:/root/ros2_ws/install/task2/local/lib/python3.10/dist-packages:/root/ros2_ws/install/task1/lib/python3.10/site-packages:/root/ros2_ws/install/py_srvcli/lib/python3.10/site-packages:/root/ros2_ws/install/py_pubsub/lib/python3.10/site-packages:/root/ros2_ws/install/my_action_pkg/lib/python3.10/site-packages:/root/ros2_ws/build/launch_testing_examples:/root/ros2_ws/install/launch_testing_examples/lib/python3.10/site-packages:/root/ros2_ws/build/examples_rclpy_pointcloud_publisher:/root/ros2_ws/install/examples_rclpy_pointcloud_publisher/lib/python3.10/site-packages:/root/ros2_ws/build/examples_rclpy_minimal_subscriber:/root/ros2_ws/install/examples_rclpy_minimal_subscriber/lib/python3.10/site-packages:/root/ros2_ws/build/examples_rclpy_minimal_service:/root/ros2_ws/install/examples_rclpy_minimal_service/lib/python3.10/site-packages:/root/ros2_ws/build/examples_rclpy_minimal_publisher:/root/ros2_ws/install/examples_rclpy_minimal_publisher/lib/python3.10/site-packages:/root/ros2_ws/build/examples_rclpy_minimal_client:/root/ros2_ws/install/examples_rclpy_minimal_client/lib/python3.10/site-packages:/root/ros2_ws/build/examples_rclpy_minimal_action_server:/root/ros2_ws/install/examples_rclpy_minimal_action_server/lib/python3.10/site-packages:/root/ros2_ws/build/examples_rclpy_minimal_action_client:/root/ros2_ws/install/examples_rclpy_minimal_action_client/lib/python3.10/site-packages:/root/ros2_ws/build/examples_rclpy_guard_conditions:/root/ros2_ws/install/examples_rclpy_guard_conditions/lib/python3.10/site-packages:/root/ros2_ws/build/examples_rclpy_executors:/root/ros2_ws/install/examples_rclpy_executors/lib/python3.10/site-packages:/root/ros2_ws/src/task1/install/task1/lib/python3.10/site-packages:/opt/ros/humble/lib/python3.10/site-packages:/opt/ros/humble/local/lib/python3.10/dist-packages', 'COLCON': '1', 'CMAKE_PREFIX_PATH': '/root/ros2_ws/install/task3:/root/ros2_ws/install/task2:/root/ros2_ws/install/examples_rclcpp_wait_set:/root/ros2_ws/install/examples_rclcpp_cbg_executor:/root/ros2_ws/install/examples_rclcpp_async_client'}, 'shell': False}
[0.604005] (task1) Command: {'cmd': ['/usr/bin/python3', '-W', 'ignore:setup.py install is deprecated', '-W', 'ignore:easy_install command is deprecated', 'setup.py', 'egg_info', '--egg-base', '../../build/task1', 'build', '--build-base', '/root/ros2_ws/build/task1/build', 'install', '--record', '/root/ros2_ws/build/task1/install.log', '--single-version-externally-managed', 'install_data'], 'cwd': '/root/ros2_ws/src/task1', 'env': {'HOSTNAME': '2fef300a6fd9', 'SHLVL': '1', 'LD_LIBRARY_PATH': '/root/ros2_ws/install/task3/lib:/root/ros2_ws/install/task2/lib:/root/ros2_ws/install/examples_rclcpp_wait_set/lib:/opt/ros/humble/opt/rviz_ogre_vendor/lib:/opt/ros/humble/lib/x86_64-linux-gnu:/opt/ros/humble/lib', 'HOME': '/root', 'OLDPWD': '/root/ros2_ws/src/task3_tester', 'ROS_PYTHON_VERSION': '3', '_colcon_cd_root': '/opt/ros/humble/', 'COLCON_PREFIX_PATH': '/root/ros2_ws/install:/root/ros2_ws/src/task1/install:/root/ros_ws/install', 'ROS_DISTRO': 'humble', '_': '/usr/bin/colcon', 'ROS_VERSION': '2', 'TERM': 'xterm-256color', 'ROS_LOCALHOST_ONLY': '0', 'QT_X11_NO_MITSHM': '1', 'PATH': '/opt/ros/humble/bin:/usr/local/sbin:/usr/local/bin:/usr/sbin:/usr/bin:/sbin:/bin:/root/rh/', 'DISPLAY': ':1', 'LANG': 'C.UTF-8', 'LS_COLORS': 'rs=0:di=01;34:ln=01;36:mh=00:pi=40;33:so=01;35:do=01;35:bd=40;33;01:cd=40;33;01:or=40;31;01:mi=00:su=37;41:sg=30;43:ca=30;41:tw=30;42:ow=34;42:st=37;44:ex=01;32:*.tar=01;31:*.tgz=01;31:*.arc=01;31:*.arj=01;31:*.taz=01;31:*.lha=01;31:*.lz4=01;31:*.lzh=01;31:*.lzma=01;31:*.tlz=01;31:*.txz=01;31:*.tzo=01;31:*.t7z=01;31:*.zip=01;31:*.z=01;31:*.dz=01;31:*.gz=01;31:*.lrz=01;31:*.lz=01;31:*.lzo=01;31:*.xz=01;31:*.zst=01;31:*.tzst=01;31:*.bz2=01;31:*.bz=01;31:*.tbz=01;31:*.tbz2=01;31:*.tz=01;31:*.deb=01;31:*.rpm=01;31:*.jar=01;31:*.war=01;31:*.ear=01;31:*.sar=01;31:*.rar=01;31:*.alz=01;31:*.ace=01;31:*.zoo=01;31:*.cpio=01;31:*.7z=01;31:*.rz=01;31:*.cab=01;31:*.wim=01;31:*.swm=01;31:*.dwm=01;31:*.esd=01;31:*.jpg=01;35:*.jpeg=01;35:*.mjpg=01;35:*.mjpeg=01;35:*.gif=01;35:*.bmp=01;35:*.pbm=01;35:*.pgm=01;35:*.ppm=01;35:*.tga=01;35:*.xbm=01;35:*.xpm=01;35:*.tif=01;35:*.tiff=01;35:*.png=01;35:*.svg=01;35:*.svgz=01;35:*.mng=01;35:*.pcx=01;35:*.mov=01;35:*.mpg=01;35:*.mpeg=01;35:*.m2v=01;35:*.mkv=01;35:*.webm=01;35:*.webp=01;35:*.ogm=01;35:*.mp4=01;35:*.m4v=01;35:*.mp4v=01;35:*.vob=01;35:*.qt=01;35:*.nuv=01;35:*.wmv=01;35:*.asf=01;35:*.rm=01;35:*.rmvb=01;35:*.flc=01;35:*.avi=01;35:*.fli=01;35:*.flv=01;35:*.gl=01;35:*.dl=01;35:*.xcf=01;35:*.xwd=01;35:*.yuv=01;35:*.cgm=01;35:*.emf=01;35:*.ogv=01;35:*.ogx=01;35:*.aac=00;36:*.au=00;36:*.flac=00;36:*.m4a=00;36:*.mid=00;36:*.midi=00;36:*.mka=00;36:*.mp3=00;36:*.mpc=00;36:*.ogg=00;36:*.ra=00;36:*.wav=00;36:*.oga=00;36:*.opus=00;36:*.spx=00;36:*.xspf=00;36:', 'AMENT_PREFIX_PATH': '/root/ros2_ws/install/task3:/root/ros2_ws/install/task2_tester:/root/ros2_ws/install/task2:/root/ros2_ws/install/task1:/root/ros2_ws/install/py_srvcli:/root/ros2_ws/install/py_pubsub:/root/ros2_ws/install/my_action_pkg:/root/ros2_ws/install/launch_testing_examples:/root/ros2_ws/install/examples_rclpy_pointcloud_publisher:/root/ros2_ws/install/examples_rclpy_minimal_subscriber:/root/ros2_ws/install/examples_rclpy_minimal_service:/root/ros2_ws/install/examples_rclpy_minimal_publisher:/root/ros2_ws/install/examples_rclpy_minimal_client:/root/ros2_ws/install/examples_rclpy_minimal_action_server:/root/ros2_ws/install/examples_rclpy_minimal_action_client:/root/ros2_ws/install/examples_rclpy_guard_conditions:/root/ros2_ws/install/examples_rclpy_executors:/root/ros2_ws/install/examples_rclcpp_wait_set:/root/ros2_ws/install/examples_rclcpp_cbg_executor:/root/ros2_ws/install/examples_rclcpp_async_client:/root/ros2_ws/src/task1/install/task1:/opt/ros/humble', 'PWD': '/root/ros2_ws/build/task1', 'LC_ALL': 'C.UTF-8', 'PYTHONPATH': '/root/ros2_ws/build/task1/prefix_override:/usr/lib/python3/dist-packages/colcon_core/task/python/colcon_distutils_commands:/root/ros2_ws/install/task1/lib/python3.10/site-packages:/root/ros2_ws/install/task3/local/lib/python3.10/dist-packages:/root/ros2_ws/install/task2_tester/lib/python3.10/site-packages:/root/ros2_ws/install/task2/local/lib/python3.10/dist-packages:/root/ros2_ws/install/task1/lib/python3.10/site-packages:/root/ros2_ws/install/py_srvcli/lib/python3.10/site-packages:/root/ros2_ws/install/py_pubsub/lib/python3.10/site-packages:/root/ros2_ws/install/my_action_pkg/lib/python3.10/site-packages:/root/ros2_ws/build/launch_testing_examples:/root/ros2_ws/install/launch_testing_examples/lib/python3.10/site-packages:/root/ros2_ws/build/examples_rclpy_pointcloud_publisher:/root/ros2_ws/install/examples_rclpy_pointcloud_publisher/lib/python3.10/site-packages:/root/ros2_ws/build/examples_rclpy_minimal_subscriber:/root/ros2_ws/install/examples_rclpy_minimal_subscriber/lib/python3.10/site-packages:/root/ros2_ws/build/examples_rclpy_minimal_service:/root/ros2_ws/install/examples_rclpy_minimal_service/lib/python3.10/site-packages:/root/ros2_ws/build/examples_rclpy_minimal_publisher:/root/ros2_ws/install/examples_rclpy_minimal_publisher/lib/python3.10/site-packages:/root/ros2_ws/build/examples_rclpy_minimal_client:/root/ros2_ws/install/examples_rclpy_minimal_client/lib/python3.10/site-packages:/root/ros2_ws/build/examples_rclpy_minimal_action_server:/root/ros2_ws/install/examples_rclpy_minimal_action_server/lib/python3.10/site-packages:/root/ros2_ws/build/examples_rclpy_minimal_action_client:/root/ros2_ws/install/examples_rclpy_minimal_action_client/lib/python3.10/site-packages:/root/ros2_ws/build/examples_rclpy_guard_conditions:/root/ros2_ws/install/examples_rclpy_guard_conditions/lib/python3.10/site-packages:/root/ros2_ws/build/examples_rclpy_executors:/root/ros2_ws/install/examples_rclpy_executors/lib/python3.10/site-packages:/root/ros2_ws/src/task1/install/task1/lib/python3.10/site-packages:/opt/ros/humble/lib/python3.10/site-packages:/opt/ros/humble/local/lib/python3.10/dist-packages', 'COLCON': '1', 'CMAKE_PREFIX_PATH': '/root/ros2_ws/install/task3:/root/ros2_ws/install/task2:/root/ros2_ws/install/examples_rclcpp_wait_set:/root/ros2_ws/install/examples_rclcpp_cbg_executor:/root/ros2_ws/install/examples_rclcpp_async_client'}, 'shell': False}
[0.605466] (task2) CommandEnded: {'returncode': 0}
[0.614748] (task2) JobEnded: {'identifier': 'task2', 'rc': 0}
[0.700961] (-) TimerEvent: {}
[0.763133] (task2_tester) StdoutLine: {'line': b'running egg_info\n'}
[0.763449] (task2_tester) StdoutLine: {'line': b'writing ../../build/task2_tester/task2_tester.egg-info/PKG-INFO\n'}
[0.763532] (task2_tester) StdoutLine: {'line': b'writing dependency_links to ../../build/task2_tester/task2_tester.egg-info/dependency_links.txt\n'}
[0.763605] (task2_tester) StdoutLine: {'line': b'writing entry points to ../../build/task2_tester/task2_tester.egg-info/entry_points.txt\n'}
[0.763653] (task2_tester) StdoutLine: {'line': b'writing requirements to ../../build/task2_tester/task2_tester.egg-info/requires.txt\n'}
[0.763708] (task2_tester) StdoutLine: {'line': b'writing top-level names to ../../build/task2_tester/task2_tester.egg-info/top_level.txt\n'}
[0.764667] (task2_tester) StdoutLine: {'line': b"reading manifest file '../../build/task2_tester/task2_tester.egg-info/SOURCES.txt'\n"}
[0.764747] (task2_tester) StdoutLine: {'line': b"adding license file 'LICENSE'\n"}
[0.765156] (task2_tester) StdoutLine: {'line': b"writing manifest file '../../build/task2_tester/task2_tester.egg-info/SOURCES.txt'\n"}
[0.765230] (task2_tester) StdoutLine: {'line': b'running build\n'}
[0.765266] (task2_tester) StdoutLine: {'line': b'running build_py\n'}
[0.765397] (task2_tester) StdoutLine: {'line': b'running install\n'}
[0.765544] (task2_tester) StdoutLine: {'line': b'running install_lib\n'}
[0.765683] (task1) StdoutLine: {'line': b'running egg_info\n'}
[0.765976] (task1) StdoutLine: {'line': b'writing ../../build/task1/task1.egg-info/PKG-INFO\n'}
[0.766042] (task1) StdoutLine: {'line': b'writing dependency_links to ../../build/task1/task1.egg-info/dependency_links.txt\n'}
[0.766122] (task1) StdoutLine: {'line': b'writing entry points to ../../build/task1/task1.egg-info/entry_points.txt\n'}
[0.766177] (task1) StdoutLine: {'line': b'writing requirements to ../../build/task1/task1.egg-info/requires.txt\n'}
[0.766218] (task1) StdoutLine: {'line': b'writing top-level names to ../../build/task1/task1.egg-info/top_level.txt\n'}
[0.766311] (task2_tester) StdoutLine: {'line': b'running install_data\n'}
[0.766366] (task2_tester) StdoutLine: {'line': b'running install_egg_info\n'}
[0.767301] (task1) StdoutLine: {'line': b"reading manifest file '../../build/task1/task1.egg-info/SOURCES.txt'\n"}
[0.767360] (task1) StdoutLine: {'line': b"adding license file 'LICENSE'\n"}
[0.767591] (task2_tester) StdoutLine: {'line': b"removing '/root/ros2_ws/install/task2_tester/lib/python3.10/site-packages/task2_tester-0.0.0-py3.10.egg-info' (and everything under it)\n"}
[0.767713] (task1) StdoutLine: {'line': b"writing manifest file '../../build/task1/task1.egg-info/SOURCES.txt'\n"}
[0.767770] (task1) StdoutLine: {'line': b'running build\n'}
[0.767801] (task1) StdoutLine: {'line': b'running build_py\n'}
[0.767828] (task2_tester) StdoutLine: {'line': b'Copying ../../build/task2_tester/task2_tester.egg-info to /root/ros2_ws/install/task2_tester/lib/python3.10/site-packages/task2_tester-0.0.0-py3.10.egg-info\n'}
[0.767984] (task1) StdoutLine: {'line': b'running install\n'}
[0.768191] (task1) StdoutLine: {'line': b'running install_lib\n'}
[0.768221] (task2_tester) StdoutLine: {'line': b'running install_scripts\n'}
[0.769013] (task1) StdoutLine: {'line': b'running install_data\n'}
[0.769091] (task1) StdoutLine: {'line': b'running install_egg_info\n'}
[0.770314] (task1) StdoutLine: {'line': b"removing '/root/ros2_ws/install/task1/lib/python3.10/site-packages/task1-0.0.0-py3.10.egg-info' (and everything under it)\n"}
[0.770445] (task1) StdoutLine: {'line': b'Copying ../../build/task1/task1.egg-info to /root/ros2_ws/install/task1/lib/python3.10/site-packages/task1-0.0.0-py3.10.egg-info\n'}
[0.770872] (task1) StdoutLine: {'line': b'running install_scripts\n'}
[0.782878] (task2_tester) StdoutLine: {'line': b'Installing publisher script to /root/ros2_ws/install/task2_tester/lib/task2_tester\n'}
[0.782958] (task2_tester) StdoutLine: {'line': b'Installing subscriber script to /root/ros2_ws/install/task2_tester/lib/task2_tester\n'}
[0.783147] (task2_tester) StdoutLine: {'line': b"writing list of installed files to '/root/ros2_ws/build/task2_tester/install.log'\n"}
[0.785660] (task1) StdoutLine: {'line': b'Installing logger script to /root/ros2_ws/install/task1/lib/task1\n'}
[0.785742] (task1) StdoutLine: {'line': b'Installing processor script to /root/ros2_ws/install/task1/lib/task1\n'}
[0.785777] (task1) StdoutLine: {'line': b'Installing sensor script to /root/ros2_ws/install/task1/lib/task1\n'}
[0.785905] (task1) StdoutLine: {'line': b"writing list of installed files to '/root/ros2_ws/build/task1/install.log'\n"}
[0.797404] (task2_tester) CommandEnded: {'returncode': 0}
[0.801318] (-) TimerEvent: {}
[0.802144] (task2_tester) JobEnded: {'identifier': 'task2_tester', 'rc': 0}
[0.802914] (task1) CommandEnded: {'returncode': 0}
[0.806324] (task1) JobEnded: {'identifier': 'task1', 'rc': 0}
[0.842053] (task3_tester) Command: {'cmd': ['/usr/bin/python3', '-W', 'ignore:setup.py install is deprecated', '-W', 'ignore:easy_install command is deprecated', 'setup.py', 'egg_info', '--egg-base', '../../build/task3_tester', 'build', '--build-base', '/root/ros2_ws/build/task3_tester/build', 'install', '--record', '/root/ros2_ws/build/task3_tester/install.log', '--single-version-externally-managed', 'install_data'], 'cwd': '/root/ros2_ws/src/task3_tester', 'env': {'HOSTNAME': '2fef300a6fd9', 'SHLVL': '1', 'LD_LIBRARY_PATH': '/root/ros2_ws/install/task3/lib:/root/ros2_ws/install/task2/lib:/root/ros2_ws/install/examples_rclcpp_wait_set/lib:/opt/ros/humble/opt/rviz_ogre_vendor/lib:/opt/ros/humble/lib/x86_64-linux-gnu:/opt/ros/humble/lib', 'HOME': '/root', 'OLDPWD': '/root/ros2_ws/src/task3_tester', 'ROS_PYTHON_VERSION': '3', '_colcon_cd_root': '/opt/ros/humble/', 'COLCON_PREFIX_PATH': '/root/ros2_ws/install:/root/ros2_ws/src/task1/install:/root/ros_ws/install', 'ROS_DISTRO': 'humble', '_': '/usr/bin/colcon', 'ROS_VERSION': '2', 'TERM': 'xterm-256color', 'ROS_LOCALHOST_ONLY': '0', 'QT_X11_NO_MITSHM': '1', 'PATH': '/opt/ros/humble/bin:/usr/local/sbin:/usr/local/bin:/usr/sbin:/usr/bin:/sbin:/bin:/root/rh/', 'DISPLAY': ':1', 'LANG': 'C.UTF-8', 'LS_COLORS': 'rs=0:di=01;34:ln=01;36:mh=00:pi=40;33:so=01;35:do=01;35:bd=40;33;01:cd=40;33;01:or=40;31;01:mi=00:su=37;41:sg=30;43:ca=30;41:tw=30;42:ow=34;42:st=37;44:ex=01;32:*.tar=01;31:*.tgz=01;31:*.arc=01;31:*.arj=01;31:*.taz=01;31:*.lha=01;31:*.lz4=01;31:*.lzh=01;31:*.lzma=01;31:*.tlz=01;31:*.txz=01;31:*.tzo=01;31:*.t7z=01;31:*.zip=01;31:*.z=01;31:*.dz=01;31:*.gz=01;31:*.lrz=01;31:*.lz=01;31:*.lzo=01;31:*.xz=01;31:*.zst=01;31:*.tzst=01;31:*.bz2=01;31:*.bz=01;31:*.tbz=01;31:*.tbz2=01;31:*.tz=01;31:*.deb=01;31:*.rpm=01;31:*.jar=01;31:*.war=01;31:*.ear=01;31:*.sar=01;31:*.rar=01;31:*.alz=01;31:*.ace=01;31:*.zoo=01;31:*.cpio=01;31:*.7z=01;31:*.rz=01;31:*.cab=01;31:*.wim=01;31:*.swm=01;31:*.dwm=01;31:*.esd=01;31:*.jpg=01;35:*.jpeg=01;35:*.mjpg=01;35:*.mjpeg=01;35:*.gif=01;35:*.bmp=01;35:*.pbm=01;35:*.pgm=01;35:*.ppm=01;35:*.tga=01;35:*.xbm=01;35:*.xpm=01;35:*.tif=01;35:*.tiff=01;35:*.png=01;35:*.svg=01;35:*.svgz=01;35:*.mng=01;35:*.pcx=01;35:*.mov=01;35:*.mpg=01;35:*.mpeg=01;35:*.m2v=01;35:*.mkv=01;35:*.webm=01;35:*.webp=01;35:*.ogm=01;35:*.mp4=01;35:*.m4v=01;35:*.mp4v=01;35:*.vob=01;35:*.qt=01;35:*.nuv=01;35:*.wmv=01;35:*.asf=01;35:*.rm=01;35:*.rmvb=01;35:*.flc=01;35:*.avi=01;35:*.fli=01;35:*.flv=01;35:*.gl=01;35:*.dl=01;35:*.xcf=01;35:*.xwd=01;35:*.yuv=01;35:*.cgm=01;35:*.emf=01;35:*.ogv=01;35:*.ogx=01;35:*.aac=00;36:*.au=00;36:*.flac=00;36:*.m4a=00;36:*.mid=00;36:*.midi=00;36:*.mka=00;36:*.mp3=00;36:*.mpc=00;36:*.ogg=00;36:*.ra=00;36:*.wav=00;36:*.oga=00;36:*.opus=00;36:*.spx=00;36:*.xspf=00;36:', 'AMENT_PREFIX_PATH': '/root/ros2_ws/install/task3:/root/ros2_ws/install/task2_tester:/root/ros2_ws/install/task2:/root/ros2_ws/install/task1:/root/ros2_ws/install/py_srvcli:/root/ros2_ws/install/py_pubsub:/root/ros2_ws/install/my_action_pkg:/root/ros2_ws/install/launch_testing_examples:/root/ros2_ws/install/examples_rclpy_pointcloud_publisher:/root/ros2_ws/install/examples_rclpy_minimal_subscriber:/root/ros2_ws/install/examples_rclpy_minimal_service:/root/ros2_ws/install/examples_rclpy_minimal_publisher:/root/ros2_ws/install/examples_rclpy_minimal_client:/root/ros2_ws/install/examples_rclpy_minimal_action_server:/root/ros2_ws/install/examples_rclpy_minimal_action_client:/root/ros2_ws/install/examples_rclpy_guard_conditions:/root/ros2_ws/install/examples_rclpy_executors:/root/ros2_ws/install/examples_rclcpp_wait_set:/root/ros2_ws/install/examples_rclcpp_cbg_executor:/root/ros2_ws/install/examples_rclcpp_async_client:/root/ros2_ws/src/task1/install/task1:/opt/ros/humble', 'PWD': '/root/ros2_ws/build/task3_tester', 'LC_ALL': 'C.UTF-8', 'PYTHONPATH': '/root/ros2_ws/build/task3_tester/prefix_override:/usr/lib/python3/dist-packages/colcon_core/task/python/colcon_distutils_commands:/root/ros2_ws/install/task3_tester/lib/python3.10/site-packages:/root/ros2_ws/install/task3/local/lib/python3.10/dist-packages:/root/ros2_ws/install/task2_tester/lib/python3.10/site-packages:/root/ros2_ws/install/task2/local/lib/python3.10/dist-packages:/root/ros2_ws/install/task1/lib/python3.10/site-packages:/root/ros2_ws/install/py_srvcli/lib/python3.10/site-packages:/root/ros2_ws/install/py_pubsub/lib/python3.10/site-packages:/root/ros2_ws/install/my_action_pkg/lib/python3.10/site-packages:/root/ros2_ws/build/launch_testing_examples:/root/ros2_ws/install/launch_testing_examples/lib/python3.10/site-packages:/root/ros2_ws/build/examples_rclpy_pointcloud_publisher:/root/ros2_ws/install/examples_rclpy_pointcloud_publisher/lib/python3.10/site-packages:/root/ros2_ws/build/examples_rclpy_minimal_subscriber:/root/ros2_ws/install/examples_rclpy_minimal_subscriber/lib/python3.10/site-packages:/root/ros2_ws/build/examples_rclpy_minimal_service:/root/ros2_ws/install/examples_rclpy_minimal_service/lib/python3.10/site-packages:/root/ros2_ws/build/examples_rclpy_minimal_publisher:/root/ros2_ws/install/examples_rclpy_minimal_publisher/lib/python3.10/site-packages:/root/ros2_ws/build/examples_rclpy_minimal_client:/root/ros2_ws/install/examples_rclpy_minimal_client/lib/python3.10/site-packages:/root/ros2_ws/build/examples_rclpy_minimal_action_server:/root/ros2_ws/install/examples_rclpy_minimal_action_server/lib/python3.10/site-packages:/root/ros2_ws/build/examples_rclpy_minimal_action_client:/root/ros2_ws/install/examples_rclpy_minimal_action_client/lib/python3.10/site-packages:/root/ros2_ws/build/examples_rclpy_guard_conditions:/root/ros2_ws/install/examples_rclpy_guard_conditions/lib/python3.10/site-packages:/root/ros2_ws/build/examples_rclpy_executors:/root/ros2_ws/install/examples_rclpy_executors/lib/python3.10/site-packages:/root/ros2_ws/src/task1/install/task1/lib/python3.10/site-packages:/opt/ros/humble/lib/python3.10/site-packages:/opt/ros/humble/local/lib/python3.10/dist-packages', 'COLCON': '1', 'CMAKE_PREFIX_PATH': '/root/ros2_ws/install/task3:/root/ros2_ws/install/task2:/root/ros2_ws/install/examples_rclcpp_wait_set:/root/ros2_ws/install/examples_rclcpp_cbg_executor:/root/ros2_ws/install/examples_rclcpp_async_client'}, 'shell': False}
[0.901435] (-) TimerEvent: {}
[0.997963] (task3_tester) StdoutLine: {'line': b'running egg_info\n'}
[0.998293] (task3_tester) StdoutLine: {'line': b'creating ../../build/task3_tester/task3_tester.egg-info\n'}
[0.998378] (task3_tester) StdoutLine: {'line': b'writing ../../build/task3_tester/task3_tester.egg-info/PKG-INFO\n'}
[0.998409] (task3_tester) StdoutLine: {'line': b'writing dependency_links to ../../build/task3_tester/task3_tester.egg-info/dependency_links.txt\n'}
[0.998440] (task3_tester) StdoutLine: {'line': b'writing entry points to ../../build/task3_tester/task3_tester.egg-info/entry_points.txt\n'}
[0.998472] (task3_tester) StdoutLine: {'line': b'writing requirements to ../../build/task3_tester/task3_tester.egg-info/requires.txt\n'}
[0.998502] (task3_tester) StdoutLine: {'line': b'writing top-level names to ../../build/task3_tester/task3_tester.egg-info/top_level.txt\n'}
[0.998669] (task3_tester) StdoutLine: {'line': b"writing manifest file '../../build/task3_tester/task3_tester.egg-info/SOURCES.txt'\n"}
[0.999432] (task3_tester) StdoutLine: {'line': b"reading manifest file '../../build/task3_tester/task3_tester.egg-info/SOURCES.txt'\n"}
[0.999507] (task3_tester) StdoutLine: {'line': b"adding license file 'LICENSE'\n"}
[0.999757] (task3_tester) StdoutLine: {'line': b"writing manifest file '../../build/task3_tester/task3_tester.egg-info/SOURCES.txt'\n"}
[0.999849] (task3_tester) StdoutLine: {'line': b'running build\n'}
[0.999887] (task3_tester) StdoutLine: {'line': b'running build_py\n'}
[0.999938] (task3_tester) StdoutLine: {'line': b'creating /root/ros2_ws/build/task3_tester/build\n'}
[0.999975] (task3_tester) StdoutLine: {'line': b'creating /root/ros2_ws/build/task3_tester/build/lib\n'}
[1.000007] (task3_tester) StdoutLine: {'line': b'creating /root/ros2_ws/build/task3_tester/build/lib/task3_tester\n'}
[1.000054] (task3_tester) StdoutLine: {'line': b'copying task3_tester/Service.py -> /root/ros2_ws/build/task3_tester/build/lib/task3_tester\n'}
[1.000084] (task3_tester) StdoutLine: {'line': b'copying task3_tester/__init__.py -> /root/ros2_ws/build/task3_tester/build/lib/task3_tester\n'}
[1.000111] (task3_tester) StdoutLine: {'line': b'copying task3_tester/Client.py -> /root/ros2_ws/build/task3_tester/build/lib/task3_tester\n'}
[1.000150] (task3_tester) StdoutLine: {'line': b'running install\n'}
[1.000335] (task3_tester) StdoutLine: {'line': b'running install_lib\n'}
[1.000814] (task3_tester) StdoutLine: {'line': b'creating /root/ros2_ws/install/task3_tester/lib/python3.10/site-packages/task3_tester\n'}
[1.000860] (task3_tester) StdoutLine: {'line': b'copying /root/ros2_ws/build/task3_tester/build/lib/task3_tester/Service.py -> /root/ros2_ws/install/task3_tester/lib/python3.10/site-packages/task3_tester\n'}
[1.000916] (task3_tester) StdoutLine: {'line': b'copying /root/ros2_ws/build/task3_tester/build/lib/task3_tester/__init__.py -> /root/ros2_ws/install/task3_tester/lib/python3.10/site-packages/task3_tester\n'}
[1.000962] (task3_tester) StdoutLine: {'line': b'copying /root/ros2_ws/build/task3_tester/build/lib/task3_tester/Client.py -> /root/ros2_ws/install/task3_tester/lib/python3.10/site-packages/task3_tester\n'}
[1.001387] (task3_tester) StdoutLine: {'line': b'byte-compiling /root/ros2_ws/install/task3_tester/lib/python3.10/site-packages/task3_tester/Service.py to Service.cpython-310.pyc\n'}
[1.001451] (-) TimerEvent: {}
[1.001651] (task3_tester) StdoutLine: {'line': b'byte-compiling /root/ros2_ws/install/task3_tester/lib/python3.10/site-packages/task3_tester/__init__.py to __init__.cpython-310.pyc\n'}
[1.001735] (task3_tester) StdoutLine: {'line': b'byte-compiling /root/ros2_ws/install/task3_tester/lib/python3.10/site-packages/task3_tester/Client.py to Client.cpython-310.pyc\n'}
[1.002031] (task3_tester) StdoutLine: {'line': b'running install_data\n'}
[1.002071] (task3_tester) StdoutLine: {'line': b'creating /root/ros2_ws/install/task3_tester/share/ament_index\n'}
[1.002112] (task3_tester) StdoutLine: {'line': b'creating /root/ros2_ws/install/task3_tester/share/ament_index/resource_index\n'}
[1.002160] (task3_tester) StdoutLine: {'line': b'creating /root/ros2_ws/install/task3_tester/share/ament_index/resource_index/packages\n'}
[1.002218] (task3_tester) StdoutLine: {'line': b'copying resource/task3_tester -> /root/ros2_ws/install/task3_tester/share/ament_index/resource_index/packages\n'}
[1.002265] (task3_tester) StdoutLine: {'line': b'copying package.xml -> /root/ros2_ws/install/task3_tester/share/task3_tester\n'}
[1.002295] (task3_tester) StdoutLine: {'line': b'running install_egg_info\n'}
[1.003521] (task3_tester) StdoutLine: {'line': b'Copying ../../build/task3_tester/task3_tester.egg-info to /root/ros2_ws/install/task3_tester/lib/python3.10/site-packages/task3_tester-0.0.0-py3.10.egg-info\n'}
[1.003977] (task3_tester) StdoutLine: {'line': b'running install_scripts\n'}
[1.018684] (task3_tester) StdoutLine: {'line': b"writing list of installed files to '/root/ros2_ws/build/task3_tester/install.log'\n"}
[1.032161] (task3_tester) CommandEnded: {'returncode': 0}
[1.036562] (task3_tester) JobEnded: {'identifier': 'task3_tester', 'rc': 0}
[1.036942] (-) EventReactorShutdown: {}
