[0.080s] DEBUG:colcon:Command line arguments: ['/usr/bin/colcon', 'build']
[0.080s] DEBUG:colcon:Parsed command line arguments: Namespace(log_base=None, log_level=None, verb_name='build', build_base='build', install_base='install', merge_install=False, symlink_install=False, test_result_base=None, continue_on_error=False, executor='parallel', parallel_workers=28, event_handlers=None, ignore_user_meta=False, metas=['./colcon.meta'], base_paths=['.'], packages_ignore=None, packages_ignore_regex=None, paths=None, packages_up_to=None, packages_up_to_regex=None, packages_above=None, packages_above_and_dependencies=None, packages_above_depth=None, packages_select_by_dep=None, packages_skip_by_dep=None, packages_skip_up_to=None, packages_select_build_failed=False, packages_skip_build_finished=False, packages_select_test_failures=False, packages_skip_test_passed=False, packages_select=None, packages_skip=None, packages_select_regex=None, packages_skip_regex=None, packages_start=None, packages_end=None, cmake_args=None, cmake_target=None, cmake_target_skip_unavailable=False, cmake_clean_cache=False, cmake_clean_first=False, cmake_force_configure=False, ament_cmake_args=None, catkin_cmake_args=None, catkin_skip_building_tests=False, mixin_files=None, mixin=None, verb_parser=<colcon_mixin.mixin.mixin_argument.MixinArgumentDecorator object at 0x790471dc12a0>, verb_extension=<colcon_core.verb.build.BuildVerb object at 0x790471dc0d30>, main=<bound method BuildVerb.main of <colcon_core.verb.build.BuildVerb object at 0x790471dc0d30>>, mixin_verb=('build',))
[0.174s] Level 1:colcon.colcon_core.package_discovery:discover_packages(colcon_meta) check parameters
[0.175s] INFO:colcon.colcon_metadata.package_discovery.colcon_meta:Using configuration from '/root/.colcon/metadata/default/Gazebo.meta'
[0.175s] INFO:colcon.colcon_metadata.package_discovery.colcon_meta:Using configuration from '/root/.colcon/metadata/default/fastdds.meta'
[0.175s] INFO:colcon.colcon_metadata.package_discovery.colcon_meta:Using configuration from '/root/.colcon/metadata/default/fastrtps.meta'
[0.175s] Level 1:colcon.colcon_core.package_discovery:discover_packages(recursive) check parameters
[0.175s] Level 1:colcon.colcon_core.package_discovery:discover_packages(ignore) check parameters
[0.175s] Level 1:colcon.colcon_core.package_discovery:discover_packages(path) check parameters
[0.175s] Level 1:colcon.colcon_core.package_discovery:discover_packages(colcon_meta) discover
[0.175s] Level 1:colcon.colcon_core.package_discovery:discover_packages(recursive) discover
[0.175s] INFO:colcon.colcon_core.package_discovery:Crawling recursively for packages in '/root/ros2_ws'
[0.176s] Level 1:colcon.colcon_core.package_identification:_identify(.) by extensions ['ignore', 'ignore_ament_install']
[0.176s] Level 1:colcon.colcon_core.package_identification:_identify(.) by extension 'ignore'
[0.176s] Level 1:colcon.colcon_core.package_identification:_identify(.) by extension 'ignore_ament_install'
[0.176s] Level 1:colcon.colcon_core.package_identification:_identify(.) by extensions ['colcon_pkg']
[0.176s] Level 1:colcon.colcon_core.package_identification:_identify(.) by extension 'colcon_pkg'
[0.176s] Level 1:colcon.colcon_core.package_identification:_identify(.) by extensions ['colcon_meta']
[0.176s] Level 1:colcon.colcon_core.package_identification:_identify(.) by extension 'colcon_meta'
[0.176s] Level 1:colcon.colcon_core.package_identification:_identify(.) by extensions ['ros']
[0.176s] Level 1:colcon.colcon_core.package_identification:_identify(.) by extension 'ros'
[0.183s] Level 1:colcon.colcon_core.package_identification:_identify(.) by extensions ['cmake', 'python']
[0.183s] Level 1:colcon.colcon_core.package_identification:_identify(.) by extension 'cmake'
[0.183s] Level 1:colcon.colcon_core.package_identification:_identify(.) by extension 'python'
[0.183s] Level 1:colcon.colcon_core.package_identification:_identify(.) by extensions ['python_setup_py']
[0.183s] Level 1:colcon.colcon_core.package_identification:_identify(.) by extension 'python_setup_py'
[0.183s] Level 1:colcon.colcon_core.package_identification:_identify(build) by extensions ['ignore', 'ignore_ament_install']
[0.183s] Level 1:colcon.colcon_core.package_identification:_identify(build) by extension 'ignore'
[0.183s] Level 1:colcon.colcon_core.package_identification:_identify(build) ignored
[0.183s] Level 1:colcon.colcon_core.package_identification:_identify(install) by extensions ['ignore', 'ignore_ament_install']
[0.183s] Level 1:colcon.colcon_core.package_identification:_identify(install) by extension 'ignore'
[0.183s] Level 1:colcon.colcon_core.package_identification:_identify(install) ignored
[0.184s] Level 1:colcon.colcon_core.package_identification:_identify(log) by extensions ['ignore', 'ignore_ament_install']
[0.184s] Level 1:colcon.colcon_core.package_identification:_identify(log) by extension 'ignore'
[0.184s] Level 1:colcon.colcon_core.package_identification:_identify(log) ignored
[0.184s] Level 1:colcon.colcon_core.package_identification:_identify(src) by extensions ['ignore', 'ignore_ament_install']
[0.184s] Level 1:colcon.colcon_core.package_identification:_identify(src) by extension 'ignore'
[0.184s] Level 1:colcon.colcon_core.package_identification:_identify(src) by extension 'ignore_ament_install'
[0.184s] Level 1:colcon.colcon_core.package_identification:_identify(src) by extensions ['colcon_pkg']
[0.184s] Level 1:colcon.colcon_core.package_identification:_identify(src) by extension 'colcon_pkg'
[0.184s] Level 1:colcon.colcon_core.package_identification:_identify(src) by extensions ['colcon_meta']
[0.184s] Level 1:colcon.colcon_core.package_identification:_identify(src) by extension 'colcon_meta'
[0.184s] Level 1:colcon.colcon_core.package_identification:_identify(src) by extensions ['ros']
[0.184s] Level 1:colcon.colcon_core.package_identification:_identify(src) by extension 'ros'
[0.184s] Level 1:colcon.colcon_core.package_identification:_identify(src) by extensions ['cmake', 'python']
[0.184s] Level 1:colcon.colcon_core.package_identification:_identify(src) by extension 'cmake'
[0.184s] Level 1:colcon.colcon_core.package_identification:_identify(src) by extension 'python'
[0.184s] Level 1:colcon.colcon_core.package_identification:_identify(src) by extensions ['python_setup_py']
[0.184s] Level 1:colcon.colcon_core.package_identification:_identify(src) by extension 'python_setup_py'
[0.184s] Level 1:colcon.colcon_core.package_identification:_identify(src/action_tutorials_interfaces) by extensions ['ignore', 'ignore_ament_install']
[0.184s] Level 1:colcon.colcon_core.package_identification:_identify(src/action_tutorials_interfaces) by extension 'ignore'
[0.184s] Level 1:colcon.colcon_core.package_identification:_identify(src/action_tutorials_interfaces) by extension 'ignore_ament_install'
[0.184s] Level 1:colcon.colcon_core.package_identification:_identify(src/action_tutorials_interfaces) by extensions ['colcon_pkg']
[0.184s] Level 1:colcon.colcon_core.package_identification:_identify(src/action_tutorials_interfaces) by extension 'colcon_pkg'
[0.184s] Level 1:colcon.colcon_core.package_identification:_identify(src/action_tutorials_interfaces) by extensions ['colcon_meta']
[0.184s] Level 1:colcon.colcon_core.package_identification:_identify(src/action_tutorials_interfaces) by extension 'colcon_meta'
[0.184s] Level 1:colcon.colcon_core.package_identification:_identify(src/action_tutorials_interfaces) by extensions ['ros']
[0.184s] Level 1:colcon.colcon_core.package_identification:_identify(src/action_tutorials_interfaces) by extension 'ros'
[0.186s] DEBUG:colcon.colcon_core.package_identification:Package 'src/action_tutorials_interfaces' with type 'ros.ament_cmake' and name 'action_tutorials_interfaces'
[0.186s] Level 1:colcon.colcon_core.package_identification:_identify(src/task1) by extensions ['ignore', 'ignore_ament_install']
[0.186s] Level 1:colcon.colcon_core.package_identification:_identify(src/task1) by extension 'ignore'
[0.186s] Level 1:colcon.colcon_core.package_identification:_identify(src/task1) by extension 'ignore_ament_install'
[0.186s] Level 1:colcon.colcon_core.package_identification:_identify(src/task1) by extensions ['colcon_pkg']
[0.186s] Level 1:colcon.colcon_core.package_identification:_identify(src/task1) by extension 'colcon_pkg'
[0.186s] Level 1:colcon.colcon_core.package_identification:_identify(src/task1) by extensions ['colcon_meta']
[0.186s] Level 1:colcon.colcon_core.package_identification:_identify(src/task1) by extension 'colcon_meta'
[0.186s] Level 1:colcon.colcon_core.package_identification:_identify(src/task1) by extensions ['ros']
[0.186s] Level 1:colcon.colcon_core.package_identification:_identify(src/task1) by extension 'ros'
[0.186s] DEBUG:colcon.colcon_core.package_identification:Package 'src/task1' with type 'ros.ament_python' and name 'task1'
[0.186s] Level 1:colcon.colcon_core.package_identification:_identify(src/task2) by extensions ['ignore', 'ignore_ament_install']
[0.186s] Level 1:colcon.colcon_core.package_identification:_identify(src/task2) by extension 'ignore'
[0.186s] Level 1:colcon.colcon_core.package_identification:_identify(src/task2) by extension 'ignore_ament_install'
[0.186s] Level 1:colcon.colcon_core.package_identification:_identify(src/task2) by extensions ['colcon_pkg']
[0.186s] Level 1:colcon.colcon_core.package_identification:_identify(src/task2) by extension 'colcon_pkg'
[0.186s] Level 1:colcon.colcon_core.package_identification:_identify(src/task2) by extensions ['colcon_meta']
[0.186s] Level 1:colcon.colcon_core.package_identification:_identify(src/task2) by extension 'colcon_meta'
[0.187s] Level 1:colcon.colcon_core.package_identification:_identify(src/task2) by extensions ['ros']
[0.187s] Level 1:colcon.colcon_core.package_identification:_identify(src/task2) by extension 'ros'
[0.187s] DEBUG:colcon.colcon_core.package_identification:Package 'src/task2' with type 'ros.ament_cmake' and name 'task2'
[0.187s] Level 1:colcon.colcon_core.package_identification:_identify(src/task2_tester) by extensions ['ignore', 'ignore_ament_install']
[0.187s] Level 1:colcon.colcon_core.package_identification:_identify(src/task2_tester) by extension 'ignore'
[0.187s] Level 1:colcon.colcon_core.package_identification:_identify(src/task2_tester) by extension 'ignore_ament_install'
[0.187s] Level 1:colcon.colcon_core.package_identification:_identify(src/task2_tester) by extensions ['colcon_pkg']
[0.187s] Level 1:colcon.colcon_core.package_identification:_identify(src/task2_tester) by extension 'colcon_pkg'
[0.187s] Level 1:colcon.colcon_core.package_identification:_identify(src/task2_tester) by extensions ['colcon_meta']
[0.187s] Level 1:colcon.colcon_core.package_identification:_identify(src/task2_tester) by extension 'colcon_meta'
[0.187s] Level 1:colcon.colcon_core.package_identification:_identify(src/task2_tester) by extensions ['ros']
[0.187s] Level 1:colcon.colcon_core.package_identification:_identify(src/task2_tester) by extension 'ros'
[0.187s] DEBUG:colcon.colcon_core.package_identification:Package 'src/task2_tester' with type 'ros.ament_python' and name 'task2_tester'
[0.187s] Level 1:colcon.colcon_core.package_identification:_identify(src/task3) by extensions ['ignore', 'ignore_ament_install']
[0.188s] Level 1:colcon.colcon_core.package_identification:_identify(src/task3) by extension 'ignore'
[0.188s] Level 1:colcon.colcon_core.package_identification:_identify(src/task3) by extension 'ignore_ament_install'
[0.188s] Level 1:colcon.colcon_core.package_identification:_identify(src/task3) by extensions ['colcon_pkg']
[0.188s] Level 1:colcon.colcon_core.package_identification:_identify(src/task3) by extension 'colcon_pkg'
[0.188s] Level 1:colcon.colcon_core.package_identification:_identify(src/task3) by extensions ['colcon_meta']
[0.188s] Level 1:colcon.colcon_core.package_identification:_identify(src/task3) by extension 'colcon_meta'
[0.188s] Level 1:colcon.colcon_core.package_identification:_identify(src/task3) by extensions ['ros']
[0.188s] Level 1:colcon.colcon_core.package_identification:_identify(src/task3) by extension 'ros'
[0.188s] DEBUG:colcon.colcon_core.package_identification:Package 'src/task3' with type 'ros.ament_cmake' and name 'task3'
[0.188s] Level 1:colcon.colcon_core.package_identification:_identify(src/task3_tester) by extensions ['ignore', 'ignore_ament_install']
[0.188s] Level 1:colcon.colcon_core.package_identification:_identify(src/task3_tester) by extension 'ignore'
[0.188s] Level 1:colcon.colcon_core.package_identification:_identify(src/task3_tester) by extension 'ignore_ament_install'
[0.188s] Level 1:colcon.colcon_core.package_identification:_identify(src/task3_tester) by extensions ['colcon_pkg']
[0.188s] Level 1:colcon.colcon_core.package_identification:_identify(src/task3_tester) by extension 'colcon_pkg'
[0.188s] Level 1:colcon.colcon_core.package_identification:_identify(src/task3_tester) by extensions ['colcon_meta']
[0.188s] Level 1:colcon.colcon_core.package_identification:_identify(src/task3_tester) by extension 'colcon_meta'
[0.188s] Level 1:colcon.colcon_core.package_identification:_identify(src/task3_tester) by extensions ['ros']
[0.188s] Level 1:colcon.colcon_core.package_identification:_identify(src/task3_tester) by extension 'ros'
[0.189s] DEBUG:colcon.colcon_core.package_identification:Package 'src/task3_tester' with type 'ros.ament_python' and name 'task3_tester'
[0.189s] Level 1:colcon.colcon_core.package_identification:_identify(src/task4) by extensions ['ignore', 'ignore_ament_install']
[0.189s] Level 1:colcon.colcon_core.package_identification:_identify(src/task4) by extension 'ignore'
[0.189s] Level 1:colcon.colcon_core.package_identification:_identify(src/task4) by extension 'ignore_ament_install'
[0.189s] Level 1:colcon.colcon_core.package_identification:_identify(src/task4) by extensions ['colcon_pkg']
[0.189s] Level 1:colcon.colcon_core.package_identification:_identify(src/task4) by extension 'colcon_pkg'
[0.189s] Level 1:colcon.colcon_core.package_identification:_identify(src/task4) by extensions ['colcon_meta']
[0.189s] Level 1:colcon.colcon_core.package_identification:_identify(src/task4) by extension 'colcon_meta'
[0.189s] Level 1:colcon.colcon_core.package_identification:_identify(src/task4) by extensions ['ros']
[0.189s] Level 1:colcon.colcon_core.package_identification:_identify(src/task4) by extension 'ros'
[0.189s] DEBUG:colcon.colcon_core.package_identification:Package 'src/task4' with type 'ros.ament_cmake' and name 'task4'
[0.189s] Level 1:colcon.colcon_core.package_identification:_identify(src/task4_tester) by extensions ['ignore', 'ignore_ament_install']
[0.189s] Level 1:colcon.colcon_core.package_identification:_identify(src/task4_tester) by extension 'ignore'
[0.189s] Level 1:colcon.colcon_core.package_identification:_identify(src/task4_tester) by extension 'ignore_ament_install'
[0.189s] Level 1:colcon.colcon_core.package_identification:_identify(src/task4_tester) by extensions ['colcon_pkg']
[0.189s] Level 1:colcon.colcon_core.package_identification:_identify(src/task4_tester) by extension 'colcon_pkg'
[0.189s] Level 1:colcon.colcon_core.package_identification:_identify(src/task4_tester) by extensions ['colcon_meta']
[0.189s] Level 1:colcon.colcon_core.package_identification:_identify(src/task4_tester) by extension 'colcon_meta'
[0.189s] Level 1:colcon.colcon_core.package_identification:_identify(src/task4_tester) by extensions ['ros']
[0.189s] Level 1:colcon.colcon_core.package_identification:_identify(src/task4_tester) by extension 'ros'
[0.190s] DEBUG:colcon.colcon_core.package_identification:Package 'src/task4_tester' with type 'ros.ament_python' and name 'task4_tester'
[0.190s] Level 1:colcon.colcon_core.package_identification:_identify(src/task5) by extensions ['ignore', 'ignore_ament_install']
[0.190s] Level 1:colcon.colcon_core.package_identification:_identify(src/task5) by extension 'ignore'
[0.190s] Level 1:colcon.colcon_core.package_identification:_identify(src/task5) by extension 'ignore_ament_install'
[0.190s] Level 1:colcon.colcon_core.package_identification:_identify(src/task5) by extensions ['colcon_pkg']
[0.190s] Level 1:colcon.colcon_core.package_identification:_identify(src/task5) by extension 'colcon_pkg'
[0.190s] Level 1:colcon.colcon_core.package_identification:_identify(src/task5) by extensions ['colcon_meta']
[0.190s] Level 1:colcon.colcon_core.package_identification:_identify(src/task5) by extension 'colcon_meta'
[0.190s] Level 1:colcon.colcon_core.package_identification:_identify(src/task5) by extensions ['ros']
[0.190s] Level 1:colcon.colcon_core.package_identification:_identify(src/task5) by extension 'ros'
[0.190s] DEBUG:colcon.colcon_core.package_identification:Package 'src/task5' with type 'ros.ament_cmake' and name 'task5'
[0.190s] Level 1:colcon.colcon_core.package_identification:_identify(src/task5_tester) by extensions ['ignore', 'ignore_ament_install']
[0.190s] Level 1:colcon.colcon_core.package_identification:_identify(src/task5_tester) by extension 'ignore'
[0.190s] Level 1:colcon.colcon_core.package_identification:_identify(src/task5_tester) by extension 'ignore_ament_install'
[0.190s] Level 1:colcon.colcon_core.package_identification:_identify(src/task5_tester) by extensions ['colcon_pkg']
[0.190s] Level 1:colcon.colcon_core.package_identification:_identify(src/task5_tester) by extension 'colcon_pkg'
[0.190s] Level 1:colcon.colcon_core.package_identification:_identify(src/task5_tester) by extensions ['colcon_meta']
[0.190s] Level 1:colcon.colcon_core.package_identification:_identify(src/task5_tester) by extension 'colcon_meta'
[0.190s] Level 1:colcon.colcon_core.package_identification:_identify(src/task5_tester) by extensions ['ros']
[0.190s] Level 1:colcon.colcon_core.package_identification:_identify(src/task5_tester) by extension 'ros'
[0.191s] DEBUG:colcon.colcon_core.package_identification:Package 'src/task5_tester' with type 'ros.ament_python' and name 'task5_tester'
[0.191s] Level 1:colcon.colcon_core.package_discovery:discover_packages(recursive) using defaults
[0.191s] Level 1:colcon.colcon_core.package_discovery:discover_packages(ignore) discover
[0.191s] Level 1:colcon.colcon_core.package_discovery:discover_packages(ignore) using defaults
[0.191s] Level 1:colcon.colcon_core.package_discovery:discover_packages(path) discover
[0.191s] Level 1:colcon.colcon_core.package_discovery:discover_packages(path) using defaults
[0.211s] Level 5:colcon.colcon_core.verb:set package 'action_tutorials_interfaces' build argument 'cmake_args' from command line to 'None'
[0.211s] Level 5:colcon.colcon_core.verb:set package 'action_tutorials_interfaces' build argument 'cmake_target' from command line to 'None'
[0.211s] Level 5:colcon.colcon_core.verb:set package 'action_tutorials_interfaces' build argument 'cmake_target_skip_unavailable' from command line to 'False'
[0.211s] Level 5:colcon.colcon_core.verb:set package 'action_tutorials_interfaces' build argument 'cmake_clean_cache' from command line to 'False'
[0.211s] Level 5:colcon.colcon_core.verb:set package 'action_tutorials_interfaces' build argument 'cmake_clean_first' from command line to 'False'
[0.211s] Level 5:colcon.colcon_core.verb:set package 'action_tutorials_interfaces' build argument 'cmake_force_configure' from command line to 'False'
[0.211s] Level 5:colcon.colcon_core.verb:set package 'action_tutorials_interfaces' build argument 'ament_cmake_args' from command line to 'None'
[0.211s] Level 5:colcon.colcon_core.verb:set package 'action_tutorials_interfaces' build argument 'catkin_cmake_args' from command line to 'None'
[0.211s] Level 5:colcon.colcon_core.verb:set package 'action_tutorials_interfaces' build argument 'catkin_skip_building_tests' from command line to 'False'
[0.211s] DEBUG:colcon.colcon_core.verb:Building package 'action_tutorials_interfaces' with the following arguments: {'ament_cmake_args': None, 'build_base': '/root/ros2_ws/build/action_tutorials_interfaces', 'catkin_cmake_args': None, 'catkin_skip_building_tests': False, 'cmake_args': None, 'cmake_clean_cache': False, 'cmake_clean_first': False, 'cmake_force_configure': False, 'cmake_target': None, 'cmake_target_skip_unavailable': False, 'install_base': '/root/ros2_ws/install/action_tutorials_interfaces', 'merge_install': False, 'path': '/root/ros2_ws/src/action_tutorials_interfaces', 'symlink_install': False, 'test_result_base': None}
[0.211s] Level 5:colcon.colcon_core.verb:set package 'task1' build argument 'cmake_args' from command line to 'None'
[0.211s] Level 5:colcon.colcon_core.verb:set package 'task1' build argument 'cmake_target' from command line to 'None'
[0.211s] Level 5:colcon.colcon_core.verb:set package 'task1' build argument 'cmake_target_skip_unavailable' from command line to 'False'
[0.211s] Level 5:colcon.colcon_core.verb:set package 'task1' build argument 'cmake_clean_cache' from command line to 'False'
[0.211s] Level 5:colcon.colcon_core.verb:set package 'task1' build argument 'cmake_clean_first' from command line to 'False'
[0.211s] Level 5:colcon.colcon_core.verb:set package 'task1' build argument 'cmake_force_configure' from command line to 'False'
[0.211s] Level 5:colcon.colcon_core.verb:set package 'task1' build argument 'ament_cmake_args' from command line to 'None'
[0.211s] Level 5:colcon.colcon_core.verb:set package 'task1' build argument 'catkin_cmake_args' from command line to 'None'
[0.211s] Level 5:colcon.colcon_core.verb:set package 'task1' build argument 'catkin_skip_building_tests' from command line to 'False'
[0.211s] DEBUG:colcon.colcon_core.verb:Building package 'task1' with the following arguments: {'ament_cmake_args': None, 'build_base': '/root/ros2_ws/build/task1', 'catkin_cmake_args': None, 'catkin_skip_building_tests': False, 'cmake_args': None, 'cmake_clean_cache': False, 'cmake_clean_first': False, 'cmake_force_configure': False, 'cmake_target': None, 'cmake_target_skip_unavailable': False, 'install_base': '/root/ros2_ws/install/task1', 'merge_install': False, 'path': '/root/ros2_ws/src/task1', 'symlink_install': False, 'test_result_base': None}
[0.211s] Level 5:colcon.colcon_core.verb:set package 'task2' build argument 'cmake_args' from command line to 'None'
[0.212s] Level 5:colcon.colcon_core.verb:set package 'task2' build argument 'cmake_target' from command line to 'None'
[0.212s] Level 5:colcon.colcon_core.verb:set package 'task2' build argument 'cmake_target_skip_unavailable' from command line to 'False'
[0.212s] Level 5:colcon.colcon_core.verb:set package 'task2' build argument 'cmake_clean_cache' from command line to 'False'
[0.212s] Level 5:colcon.colcon_core.verb:set package 'task2' build argument 'cmake_clean_first' from command line to 'False'
[0.212s] Level 5:colcon.colcon_core.verb:set package 'task2' build argument 'cmake_force_configure' from command line to 'False'
[0.212s] Level 5:colcon.colcon_core.verb:set package 'task2' build argument 'ament_cmake_args' from command line to 'None'
[0.212s] Level 5:colcon.colcon_core.verb:set package 'task2' build argument 'catkin_cmake_args' from command line to 'None'
[0.212s] Level 5:colcon.colcon_core.verb:set package 'task2' build argument 'catkin_skip_building_tests' from command line to 'False'
[0.212s] DEBUG:colcon.colcon_core.verb:Building package 'task2' with the following arguments: {'ament_cmake_args': None, 'build_base': '/root/ros2_ws/build/task2', 'catkin_cmake_args': None, 'catkin_skip_building_tests': False, 'cmake_args': None, 'cmake_clean_cache': False, 'cmake_clean_first': False, 'cmake_force_configure': False, 'cmake_target': None, 'cmake_target_skip_unavailable': False, 'install_base': '/root/ros2_ws/install/task2', 'merge_install': False, 'path': '/root/ros2_ws/src/task2', 'symlink_install': False, 'test_result_base': None}
[0.212s] Level 5:colcon.colcon_core.verb:set package 'task2_tester' build argument 'cmake_args' from command line to 'None'
[0.212s] Level 5:colcon.colcon_core.verb:set package 'task2_tester' build argument 'cmake_target' from command line to 'None'
[0.212s] Level 5:colcon.colcon_core.verb:set package 'task2_tester' build argument 'cmake_target_skip_unavailable' from command line to 'False'
[0.212s] Level 5:colcon.colcon_core.verb:set package 'task2_tester' build argument 'cmake_clean_cache' from command line to 'False'
[0.212s] Level 5:colcon.colcon_core.verb:set package 'task2_tester' build argument 'cmake_clean_first' from command line to 'False'
[0.212s] Level 5:colcon.colcon_core.verb:set package 'task2_tester' build argument 'cmake_force_configure' from command line to 'False'
[0.212s] Level 5:colcon.colcon_core.verb:set package 'task2_tester' build argument 'ament_cmake_args' from command line to 'None'
[0.212s] Level 5:colcon.colcon_core.verb:set package 'task2_tester' build argument 'catkin_cmake_args' from command line to 'None'
[0.212s] Level 5:colcon.colcon_core.verb:set package 'task2_tester' build argument 'catkin_skip_building_tests' from command line to 'False'
[0.212s] DEBUG:colcon.colcon_core.verb:Building package 'task2_tester' with the following arguments: {'ament_cmake_args': None, 'build_base': '/root/ros2_ws/build/task2_tester', 'catkin_cmake_args': None, 'catkin_skip_building_tests': False, 'cmake_args': None, 'cmake_clean_cache': False, 'cmake_clean_first': False, 'cmake_force_configure': False, 'cmake_target': None, 'cmake_target_skip_unavailable': False, 'install_base': '/root/ros2_ws/install/task2_tester', 'merge_install': False, 'path': '/root/ros2_ws/src/task2_tester', 'symlink_install': False, 'test_result_base': None}
[0.212s] Level 5:colcon.colcon_core.verb:set package 'task3' build argument 'cmake_args' from command line to 'None'
[0.212s] Level 5:colcon.colcon_core.verb:set package 'task3' build argument 'cmake_target' from command line to 'None'
[0.212s] Level 5:colcon.colcon_core.verb:set package 'task3' build argument 'cmake_target_skip_unavailable' from command line to 'False'
[0.212s] Level 5:colcon.colcon_core.verb:set package 'task3' build argument 'cmake_clean_cache' from command line to 'False'
[0.212s] Level 5:colcon.colcon_core.verb:set package 'task3' build argument 'cmake_clean_first' from command line to 'False'
[0.212s] Level 5:colcon.colcon_core.verb:set package 'task3' build argument 'cmake_force_configure' from command line to 'False'
[0.212s] Level 5:colcon.colcon_core.verb:set package 'task3' build argument 'ament_cmake_args' from command line to 'None'
[0.212s] Level 5:colcon.colcon_core.verb:set package 'task3' build argument 'catkin_cmake_args' from command line to 'None'
[0.212s] Level 5:colcon.colcon_core.verb:set package 'task3' build argument 'catkin_skip_building_tests' from command line to 'False'
[0.212s] DEBUG:colcon.colcon_core.verb:Building package 'task3' with the following arguments: {'ament_cmake_args': None, 'build_base': '/root/ros2_ws/build/task3', 'catkin_cmake_args': None, 'catkin_skip_building_tests': False, 'cmake_args': None, 'cmake_clean_cache': False, 'cmake_clean_first': False, 'cmake_force_configure': False, 'cmake_target': None, 'cmake_target_skip_unavailable': False, 'install_base': '/root/ros2_ws/install/task3', 'merge_install': False, 'path': '/root/ros2_ws/src/task3', 'symlink_install': False, 'test_result_base': None}
[0.212s] Level 5:colcon.colcon_core.verb:set package 'task4' build argument 'cmake_args' from command line to 'None'
[0.212s] Level 5:colcon.colcon_core.verb:set package 'task4' build argument 'cmake_target' from command line to 'None'
[0.212s] Level 5:colcon.colcon_core.verb:set package 'task4' build argument 'cmake_target_skip_unavailable' from command line to 'False'
[0.212s] Level 5:colcon.colcon_core.verb:set package 'task4' build argument 'cmake_clean_cache' from command line to 'False'
[0.212s] Level 5:colcon.colcon_core.verb:set package 'task4' build argument 'cmake_clean_first' from command line to 'False'
[0.212s] Level 5:colcon.colcon_core.verb:set package 'task4' build argument 'cmake_force_configure' from command line to 'False'
[0.212s] Level 5:colcon.colcon_core.verb:set package 'task4' build argument 'ament_cmake_args' from command line to 'None'
[0.213s] Level 5:colcon.colcon_core.verb:set package 'task4' build argument 'catkin_cmake_args' from command line to 'None'
[0.213s] Level 5:colcon.colcon_core.verb:set package 'task4' build argument 'catkin_skip_building_tests' from command line to 'False'
[0.213s] DEBUG:colcon.colcon_core.verb:Building package 'task4' with the following arguments: {'ament_cmake_args': None, 'build_base': '/root/ros2_ws/build/task4', 'catkin_cmake_args': None, 'catkin_skip_building_tests': False, 'cmake_args': None, 'cmake_clean_cache': False, 'cmake_clean_first': False, 'cmake_force_configure': False, 'cmake_target': None, 'cmake_target_skip_unavailable': False, 'install_base': '/root/ros2_ws/install/task4', 'merge_install': False, 'path': '/root/ros2_ws/src/task4', 'symlink_install': False, 'test_result_base': None}
[0.213s] Level 5:colcon.colcon_core.verb:set package 'task4_tester' build argument 'cmake_args' from command line to 'None'
[0.213s] Level 5:colcon.colcon_core.verb:set package 'task4_tester' build argument 'cmake_target' from command line to 'None'
[0.213s] Level 5:colcon.colcon_core.verb:set package 'task4_tester' build argument 'cmake_target_skip_unavailable' from command line to 'False'
[0.213s] Level 5:colcon.colcon_core.verb:set package 'task4_tester' build argument 'cmake_clean_cache' from command line to 'False'
[0.213s] Level 5:colcon.colcon_core.verb:set package 'task4_tester' build argument 'cmake_clean_first' from command line to 'False'
[0.213s] Level 5:colcon.colcon_core.verb:set package 'task4_tester' build argument 'cmake_force_configure' from command line to 'False'
[0.213s] Level 5:colcon.colcon_core.verb:set package 'task4_tester' build argument 'ament_cmake_args' from command line to 'None'
[0.213s] Level 5:colcon.colcon_core.verb:set package 'task4_tester' build argument 'catkin_cmake_args' from command line to 'None'
[0.213s] Level 5:colcon.colcon_core.verb:set package 'task4_tester' build argument 'catkin_skip_building_tests' from command line to 'False'
[0.213s] DEBUG:colcon.colcon_core.verb:Building package 'task4_tester' with the following arguments: {'ament_cmake_args': None, 'build_base': '/root/ros2_ws/build/task4_tester', 'catkin_cmake_args': None, 'catkin_skip_building_tests': False, 'cmake_args': None, 'cmake_clean_cache': False, 'cmake_clean_first': False, 'cmake_force_configure': False, 'cmake_target': None, 'cmake_target_skip_unavailable': False, 'install_base': '/root/ros2_ws/install/task4_tester', 'merge_install': False, 'path': '/root/ros2_ws/src/task4_tester', 'symlink_install': False, 'test_result_base': None}
[0.213s] Level 5:colcon.colcon_core.verb:set package 'task5' build argument 'cmake_args' from command line to 'None'
[0.213s] Level 5:colcon.colcon_core.verb:set package 'task5' build argument 'cmake_target' from command line to 'None'
[0.213s] Level 5:colcon.colcon_core.verb:set package 'task5' build argument 'cmake_target_skip_unavailable' from command line to 'False'
[0.213s] Level 5:colcon.colcon_core.verb:set package 'task5' build argument 'cmake_clean_cache' from command line to 'False'
[0.213s] Level 5:colcon.colcon_core.verb:set package 'task5' build argument 'cmake_clean_first' from command line to 'False'
[0.213s] Level 5:colcon.colcon_core.verb:set package 'task5' build argument 'cmake_force_configure' from command line to 'False'
[0.213s] Level 5:colcon.colcon_core.verb:set package 'task5' build argument 'ament_cmake_args' from command line to 'None'
[0.213s] Level 5:colcon.colcon_core.verb:set package 'task5' build argument 'catkin_cmake_args' from command line to 'None'
[0.213s] Level 5:colcon.colcon_core.verb:set package 'task5' build argument 'catkin_skip_building_tests' from command line to 'False'
[0.213s] DEBUG:colcon.colcon_core.verb:Building package 'task5' with the following arguments: {'ament_cmake_args': None, 'build_base': '/root/ros2_ws/build/task5', 'catkin_cmake_args': None, 'catkin_skip_building_tests': False, 'cmake_args': None, 'cmake_clean_cache': False, 'cmake_clean_first': False, 'cmake_force_configure': False, 'cmake_target': None, 'cmake_target_skip_unavailable': False, 'install_base': '/root/ros2_ws/install/task5', 'merge_install': False, 'path': '/root/ros2_ws/src/task5', 'symlink_install': False, 'test_result_base': None}
[0.213s] Level 5:colcon.colcon_core.verb:set package 'task3_tester' build argument 'cmake_args' from command line to 'None'
[0.213s] Level 5:colcon.colcon_core.verb:set package 'task3_tester' build argument 'cmake_target' from command line to 'None'
[0.213s] Level 5:colcon.colcon_core.verb:set package 'task3_tester' build argument 'cmake_target_skip_unavailable' from command line to 'False'
[0.213s] Level 5:colcon.colcon_core.verb:set package 'task3_tester' build argument 'cmake_clean_cache' from command line to 'False'
[0.213s] Level 5:colcon.colcon_core.verb:set package 'task3_tester' build argument 'cmake_clean_first' from command line to 'False'
[0.213s] Level 5:colcon.colcon_core.verb:set package 'task3_tester' build argument 'cmake_force_configure' from command line to 'False'
[0.213s] Level 5:colcon.colcon_core.verb:set package 'task3_tester' build argument 'ament_cmake_args' from command line to 'None'
[0.213s] Level 5:colcon.colcon_core.verb:set package 'task3_tester' build argument 'catkin_cmake_args' from command line to 'None'
[0.213s] Level 5:colcon.colcon_core.verb:set package 'task3_tester' build argument 'catkin_skip_building_tests' from command line to 'False'
[0.213s] DEBUG:colcon.colcon_core.verb:Building package 'task3_tester' with the following arguments: {'ament_cmake_args': None, 'build_base': '/root/ros2_ws/build/task3_tester', 'catkin_cmake_args': None, 'catkin_skip_building_tests': False, 'cmake_args': None, 'cmake_clean_cache': False, 'cmake_clean_first': False, 'cmake_force_configure': False, 'cmake_target': None, 'cmake_target_skip_unavailable': False, 'install_base': '/root/ros2_ws/install/task3_tester', 'merge_install': False, 'path': '/root/ros2_ws/src/task3_tester', 'symlink_install': False, 'test_result_base': None}
[0.214s] Level 5:colcon.colcon_core.verb:set package 'task5_tester' build argument 'cmake_args' from command line to 'None'
[0.214s] Level 5:colcon.colcon_core.verb:set package 'task5_tester' build argument 'cmake_target' from command line to 'None'
[0.214s] Level 5:colcon.colcon_core.verb:set package 'task5_tester' build argument 'cmake_target_skip_unavailable' from command line to 'False'
[0.214s] Level 5:colcon.colcon_core.verb:set package 'task5_tester' build argument 'cmake_clean_cache' from command line to 'False'
[0.214s] Level 5:colcon.colcon_core.verb:set package 'task5_tester' build argument 'cmake_clean_first' from command line to 'False'
[0.214s] Level 5:colcon.colcon_core.verb:set package 'task5_tester' build argument 'cmake_force_configure' from command line to 'False'
[0.214s] Level 5:colcon.colcon_core.verb:set package 'task5_tester' build argument 'ament_cmake_args' from command line to 'None'
[0.214s] Level 5:colcon.colcon_core.verb:set package 'task5_tester' build argument 'catkin_cmake_args' from command line to 'None'
[0.214s] Level 5:colcon.colcon_core.verb:set package 'task5_tester' build argument 'catkin_skip_building_tests' from command line to 'False'
[0.214s] DEBUG:colcon.colcon_core.verb:Building package 'task5_tester' with the following arguments: {'ament_cmake_args': None, 'build_base': '/root/ros2_ws/build/task5_tester', 'catkin_cmake_args': None, 'catkin_skip_building_tests': False, 'cmake_args': None, 'cmake_clean_cache': False, 'cmake_clean_first': False, 'cmake_force_configure': False, 'cmake_target': None, 'cmake_target_skip_unavailable': False, 'install_base': '/root/ros2_ws/install/task5_tester', 'merge_install': False, 'path': '/root/ros2_ws/src/task5_tester', 'symlink_install': False, 'test_result_base': None}
[0.214s] INFO:colcon.colcon_core.executor:Executing jobs using 'parallel' executor
[0.215s] DEBUG:colcon.colcon_parallel_executor.executor.parallel:run_until_complete
[0.215s] INFO:colcon.colcon_ros.task.ament_cmake.build:Building ROS package in '/root/ros2_ws/src/task3' with build type 'ament_cmake'
[0.215s] INFO:colcon.colcon_cmake.task.cmake.build:Building CMake package in '/root/ros2_ws/src/task3'
[0.217s] INFO:colcon.colcon_core.plugin_system:Skipping extension 'colcon_core.shell.bat': Not used on non-Windows systems
[0.217s] INFO:colcon.colcon_core.shell:Skip shell extension 'powershell' for command environment: Not usable outside of PowerShell
[0.217s] DEBUG:colcon.colcon_core.shell:Skip shell extension 'dsv' for command environment
[0.221s] INFO:colcon.colcon_ros.task.ament_cmake.build:Building ROS package in '/root/ros2_ws/src/task5' with build type 'ament_cmake'
[0.221s] INFO:colcon.colcon_cmake.task.cmake.build:Building CMake package in '/root/ros2_ws/src/task5'
[0.221s] INFO:colcon.colcon_core.shell:Skip shell extension 'powershell' for command environment: Not usable outside of PowerShell
[0.221s] DEBUG:colcon.colcon_core.shell:Skip shell extension 'dsv' for command environment
[0.224s] INFO:colcon.colcon_ros.task.ament_cmake.build:Building ROS package in '/root/ros2_ws/src/action_tutorials_interfaces' with build type 'ament_cmake'
[0.225s] INFO:colcon.colcon_cmake.task.cmake.build:Building CMake package in '/root/ros2_ws/src/action_tutorials_interfaces'
[0.225s] INFO:colcon.colcon_core.shell:Skip shell extension 'powershell' for command environment: Not usable outside of PowerShell
[0.225s] DEBUG:colcon.colcon_core.shell:Skip shell extension 'dsv' for command environment
[0.228s] INFO:colcon.colcon_ros.task.ament_python.build:Building ROS package in '/root/ros2_ws/src/task1' with build type 'ament_python'
[0.228s] Level 1:colcon.colcon_core.shell:create_environment_hook('task1', 'ament_prefix_path')
[0.228s] INFO:colcon.colcon_core.shell:Creating environment hook '/root/ros2_ws/install/task1/share/task1/hook/ament_prefix_path.ps1'
[0.228s] INFO:colcon.colcon_core.shell:Creating environment descriptor '/root/ros2_ws/install/task1/share/task1/hook/ament_prefix_path.dsv'
[0.229s] INFO:colcon.colcon_core.shell:Creating environment hook '/root/ros2_ws/install/task1/share/task1/hook/ament_prefix_path.sh'
[0.229s] INFO:colcon.colcon_core.shell:Skip shell extension 'powershell' for command environment: Not usable outside of PowerShell
[0.229s] DEBUG:colcon.colcon_core.shell:Skip shell extension 'dsv' for command environment
[0.232s] INFO:colcon.colcon_ros.task.ament_cmake.build:Building ROS package in '/root/ros2_ws/src/task2' with build type 'ament_cmake'
[0.232s] INFO:colcon.colcon_cmake.task.cmake.build:Building CMake package in '/root/ros2_ws/src/task2'
[0.232s] INFO:colcon.colcon_core.shell:Skip shell extension 'powershell' for command environment: Not usable outside of PowerShell
[0.232s] DEBUG:colcon.colcon_core.shell:Skip shell extension 'dsv' for command environment
[0.235s] INFO:colcon.colcon_ros.task.ament_python.build:Building ROS package in '/root/ros2_ws/src/task2_tester' with build type 'ament_python'
[0.235s] Level 1:colcon.colcon_core.shell:create_environment_hook('task2_tester', 'ament_prefix_path')
[0.235s] INFO:colcon.colcon_core.shell:Creating environment hook '/root/ros2_ws/install/task2_tester/share/task2_tester/hook/ament_prefix_path.ps1'
[0.236s] INFO:colcon.colcon_core.shell:Creating environment descriptor '/root/ros2_ws/install/task2_tester/share/task2_tester/hook/ament_prefix_path.dsv'
[0.236s] INFO:colcon.colcon_core.shell:Creating environment hook '/root/ros2_ws/install/task2_tester/share/task2_tester/hook/ament_prefix_path.sh'
[0.236s] INFO:colcon.colcon_core.shell:Skip shell extension 'powershell' for command environment: Not usable outside of PowerShell
[0.236s] DEBUG:colcon.colcon_core.shell:Skip shell extension 'dsv' for command environment
[0.239s] INFO:colcon.colcon_ros.task.ament_cmake.build:Building ROS package in '/root/ros2_ws/src/task4' with build type 'ament_cmake'
[0.239s] INFO:colcon.colcon_cmake.task.cmake.build:Building CMake package in '/root/ros2_ws/src/task4'
[0.239s] INFO:colcon.colcon_core.shell:Skip shell extension 'powershell' for command environment: Not usable outside of PowerShell
[0.239s] DEBUG:colcon.colcon_core.shell:Skip shell extension 'dsv' for command environment
[0.242s] INFO:colcon.colcon_ros.task.ament_python.build:Building ROS package in '/root/ros2_ws/src/task4_tester' with build type 'ament_python'
[0.242s] Level 1:colcon.colcon_core.shell:create_environment_hook('task4_tester', 'ament_prefix_path')
[0.243s] INFO:colcon.colcon_core.shell:Creating environment hook '/root/ros2_ws/install/task4_tester/share/task4_tester/hook/ament_prefix_path.ps1'
[0.243s] INFO:colcon.colcon_core.shell:Creating environment descriptor '/root/ros2_ws/install/task4_tester/share/task4_tester/hook/ament_prefix_path.dsv'
[0.243s] INFO:colcon.colcon_core.shell:Creating environment hook '/root/ros2_ws/install/task4_tester/share/task4_tester/hook/ament_prefix_path.sh'
[0.243s] INFO:colcon.colcon_core.shell:Skip shell extension 'powershell' for command environment: Not usable outside of PowerShell
[0.243s] DEBUG:colcon.colcon_core.shell:Skip shell extension 'dsv' for command environment
[0.249s] DEBUG:colcon.colcon_core.event_handler.log_command:Invoking command in '/root/ros2_ws/build/task3': CMAKE_PREFIX_PATH=${CMAKE_PREFIX_PATH}:/root/ros2_ws/install/task4_tester:/root/ros2_ws/install/task3_tester:/root/ros2_ws/install/task2_tester:/root/ros2_ws/install/task1:/root/ros2_ws/install/py_srvcli:/root/ros2_ws/install/py_pubsub:/root/ros2_ws/install/my_action_pkg:/root/ros2_ws/install/launch_testing_examples:/root/ros2_ws/install/examples_rclpy_pointcloud_publisher:/root/ros2_ws/install/examples_rclpy_minimal_subscriber:/root/ros2_ws/install/examples_rclpy_minimal_service:/root/ros2_ws/install/examples_rclpy_minimal_publisher:/root/ros2_ws/install/examples_rclpy_minimal_client:/root/ros2_ws/install/examples_rclpy_minimal_action_server:/root/ros2_ws/install/examples_rclpy_minimal_action_client:/root/ros2_ws/install/examples_rclpy_guard_conditions:/root/ros2_ws/install/examples_rclpy_executors:/root/ros2_ws/src/task1/install/task1:/opt/ros/humble /usr/bin/cmake --build /root/ros2_ws/build/task3 -- -j28 -l28
[0.252s] DEBUG:colcon.colcon_core.event_handler.log_command:Invoking command in '/root/ros2_ws/build/task5': CMAKE_PREFIX_PATH=${CMAKE_PREFIX_PATH}:/root/ros2_ws/install/task4_tester:/root/ros2_ws/install/task3_tester:/root/ros2_ws/install/task2_tester:/root/ros2_ws/install/task1:/root/ros2_ws/install/py_srvcli:/root/ros2_ws/install/py_pubsub:/root/ros2_ws/install/my_action_pkg:/root/ros2_ws/install/launch_testing_examples:/root/ros2_ws/install/examples_rclpy_pointcloud_publisher:/root/ros2_ws/install/examples_rclpy_minimal_subscriber:/root/ros2_ws/install/examples_rclpy_minimal_service:/root/ros2_ws/install/examples_rclpy_minimal_publisher:/root/ros2_ws/install/examples_rclpy_minimal_client:/root/ros2_ws/install/examples_rclpy_minimal_action_server:/root/ros2_ws/install/examples_rclpy_minimal_action_client:/root/ros2_ws/install/examples_rclpy_guard_conditions:/root/ros2_ws/install/examples_rclpy_executors:/root/ros2_ws/src/task1/install/task1:/opt/ros/humble /usr/bin/cmake --build /root/ros2_ws/build/task5 -- -j28 -l28
[0.253s] DEBUG:colcon.colcon_core.event_handler.log_command:Invoking command in '/root/ros2_ws/build/action_tutorials_interfaces': CMAKE_PREFIX_PATH=${CMAKE_PREFIX_PATH}:/root/ros2_ws/install/task4_tester:/root/ros2_ws/install/task3_tester:/root/ros2_ws/install/task2_tester:/root/ros2_ws/install/task1:/root/ros2_ws/install/py_srvcli:/root/ros2_ws/install/py_pubsub:/root/ros2_ws/install/my_action_pkg:/root/ros2_ws/install/launch_testing_examples:/root/ros2_ws/install/examples_rclpy_pointcloud_publisher:/root/ros2_ws/install/examples_rclpy_minimal_subscriber:/root/ros2_ws/install/examples_rclpy_minimal_service:/root/ros2_ws/install/examples_rclpy_minimal_publisher:/root/ros2_ws/install/examples_rclpy_minimal_client:/root/ros2_ws/install/examples_rclpy_minimal_action_server:/root/ros2_ws/install/examples_rclpy_minimal_action_client:/root/ros2_ws/install/examples_rclpy_guard_conditions:/root/ros2_ws/install/examples_rclpy_executors:/root/ros2_ws/src/task1/install/task1:/opt/ros/humble /usr/bin/cmake --build /root/ros2_ws/build/action_tutorials_interfaces -- -j28 -l28
[0.440s] INFO:colcon.colcon_core.task.python.build:Building Python package in '/root/ros2_ws/src/task1'
[0.440s] INFO:colcon.colcon_core.shell:Skip shell extension 'powershell' for command environment: Not usable outside of PowerShell
[0.440s] DEBUG:colcon.colcon_core.shell:Skip shell extension 'dsv' for command environment
[0.445s] DEBUG:colcon.colcon_core.event_handler.log_command:Invoking command in '/root/ros2_ws/build/task2': CMAKE_PREFIX_PATH=${CMAKE_PREFIX_PATH}:/root/ros2_ws/install/task4_tester:/root/ros2_ws/install/task3_tester:/root/ros2_ws/install/task2_tester:/root/ros2_ws/install/task1:/root/ros2_ws/install/py_srvcli:/root/ros2_ws/install/py_pubsub:/root/ros2_ws/install/my_action_pkg:/root/ros2_ws/install/launch_testing_examples:/root/ros2_ws/install/examples_rclpy_pointcloud_publisher:/root/ros2_ws/install/examples_rclpy_minimal_subscriber:/root/ros2_ws/install/examples_rclpy_minimal_service:/root/ros2_ws/install/examples_rclpy_minimal_publisher:/root/ros2_ws/install/examples_rclpy_minimal_client:/root/ros2_ws/install/examples_rclpy_minimal_action_server:/root/ros2_ws/install/examples_rclpy_minimal_action_client:/root/ros2_ws/install/examples_rclpy_guard_conditions:/root/ros2_ws/install/examples_rclpy_executors:/root/ros2_ws/src/task1/install/task1:/opt/ros/humble /usr/bin/cmake --build /root/ros2_ws/build/task2 -- -j28 -l28
[0.608s] INFO:colcon.colcon_core.task.python.build:Building Python package in '/root/ros2_ws/src/task2_tester'
[0.608s] INFO:colcon.colcon_core.shell:Skip shell extension 'powershell' for command environment: Not usable outside of PowerShell
[0.608s] DEBUG:colcon.colcon_core.shell:Skip shell extension 'dsv' for command environment
[0.614s] DEBUG:colcon.colcon_core.event_handler.log_command:Invoking command in '/root/ros2_ws/build/task4': CMAKE_PREFIX_PATH=${CMAKE_PREFIX_PATH}:/root/ros2_ws/install/task4_tester:/root/ros2_ws/install/task3_tester:/root/ros2_ws/install/task2_tester:/root/ros2_ws/install/task1:/root/ros2_ws/install/py_srvcli:/root/ros2_ws/install/py_pubsub:/root/ros2_ws/install/my_action_pkg:/root/ros2_ws/install/launch_testing_examples:/root/ros2_ws/install/examples_rclpy_pointcloud_publisher:/root/ros2_ws/install/examples_rclpy_minimal_subscriber:/root/ros2_ws/install/examples_rclpy_minimal_service:/root/ros2_ws/install/examples_rclpy_minimal_publisher:/root/ros2_ws/install/examples_rclpy_minimal_client:/root/ros2_ws/install/examples_rclpy_minimal_action_server:/root/ros2_ws/install/examples_rclpy_minimal_action_client:/root/ros2_ws/install/examples_rclpy_guard_conditions:/root/ros2_ws/install/examples_rclpy_executors:/root/ros2_ws/src/task1/install/task1:/opt/ros/humble /usr/bin/cmake --build /root/ros2_ws/build/task4 -- -j28 -l28
[0.624s] DEBUG:colcon.colcon_core.event_handler.log_command:Invoked command in '/root/ros2_ws/build/action_tutorials_interfaces' returned '0': CMAKE_PREFIX_PATH=${CMAKE_PREFIX_PATH}:/root/ros2_ws/install/task4_tester:/root/ros2_ws/install/task3_tester:/root/ros2_ws/install/task2_tester:/root/ros2_ws/install/task1:/root/ros2_ws/install/py_srvcli:/root/ros2_ws/install/py_pubsub:/root/ros2_ws/install/my_action_pkg:/root/ros2_ws/install/launch_testing_examples:/root/ros2_ws/install/examples_rclpy_pointcloud_publisher:/root/ros2_ws/install/examples_rclpy_minimal_subscriber:/root/ros2_ws/install/examples_rclpy_minimal_service:/root/ros2_ws/install/examples_rclpy_minimal_publisher:/root/ros2_ws/install/examples_rclpy_minimal_client:/root/ros2_ws/install/examples_rclpy_minimal_action_server:/root/ros2_ws/install/examples_rclpy_minimal_action_client:/root/ros2_ws/install/examples_rclpy_guard_conditions:/root/ros2_ws/install/examples_rclpy_executors:/root/ros2_ws/src/task1/install/task1:/opt/ros/humble /usr/bin/cmake --build /root/ros2_ws/build/action_tutorials_interfaces -- -j28 -l28
[0.627s] DEBUG:colcon.colcon_core.event_handler.log_command:Invoking command in '/root/ros2_ws/build/action_tutorials_interfaces': CMAKE_PREFIX_PATH=${CMAKE_PREFIX_PATH}:/root/ros2_ws/install/task4_tester:/root/ros2_ws/install/task3_tester:/root/ros2_ws/install/task2_tester:/root/ros2_ws/install/task1:/root/ros2_ws/install/py_srvcli:/root/ros2_ws/install/py_pubsub:/root/ros2_ws/install/my_action_pkg:/root/ros2_ws/install/launch_testing_examples:/root/ros2_ws/install/examples_rclpy_pointcloud_publisher:/root/ros2_ws/install/examples_rclpy_minimal_subscriber:/root/ros2_ws/install/examples_rclpy_minimal_service:/root/ros2_ws/install/examples_rclpy_minimal_publisher:/root/ros2_ws/install/examples_rclpy_minimal_client:/root/ros2_ws/install/examples_rclpy_minimal_action_server:/root/ros2_ws/install/examples_rclpy_minimal_action_client:/root/ros2_ws/install/examples_rclpy_guard_conditions:/root/ros2_ws/install/examples_rclpy_executors:/root/ros2_ws/src/task1/install/task1:/opt/ros/humble /usr/bin/cmake --install /root/ros2_ws/build/action_tutorials_interfaces
[0.790s] INFO:colcon.colcon_core.task.python.build:Building Python package in '/root/ros2_ws/src/task4_tester'
[0.790s] INFO:colcon.colcon_core.shell:Skip shell extension 'powershell' for command environment: Not usable outside of PowerShell
[0.791s] DEBUG:colcon.colcon_core.shell:Skip shell extension 'dsv' for command environment
[0.794s] DEBUG:colcon.colcon_core.event_handler.log_command:Invoked command in '/root/ros2_ws/build/task3' returned '0': CMAKE_PREFIX_PATH=${CMAKE_PREFIX_PATH}:/root/ros2_ws/install/task4_tester:/root/ros2_ws/install/task3_tester:/root/ros2_ws/install/task2_tester:/root/ros2_ws/install/task1:/root/ros2_ws/install/py_srvcli:/root/ros2_ws/install/py_pubsub:/root/ros2_ws/install/my_action_pkg:/root/ros2_ws/install/launch_testing_examples:/root/ros2_ws/install/examples_rclpy_pointcloud_publisher:/root/ros2_ws/install/examples_rclpy_minimal_subscriber:/root/ros2_ws/install/examples_rclpy_minimal_service:/root/ros2_ws/install/examples_rclpy_minimal_publisher:/root/ros2_ws/install/examples_rclpy_minimal_client:/root/ros2_ws/install/examples_rclpy_minimal_action_server:/root/ros2_ws/install/examples_rclpy_minimal_action_client:/root/ros2_ws/install/examples_rclpy_guard_conditions:/root/ros2_ws/install/examples_rclpy_executors:/root/ros2_ws/src/task1/install/task1:/opt/ros/humble /usr/bin/cmake --build /root/ros2_ws/build/task3 -- -j28 -l28
[0.796s] DEBUG:colcon.colcon_core.event_handler.log_command:Invoking command in '/root/ros2_ws/build/task3': CMAKE_PREFIX_PATH=${CMAKE_PREFIX_PATH}:/root/ros2_ws/install/task4_tester:/root/ros2_ws/install/task3_tester:/root/ros2_ws/install/task2_tester:/root/ros2_ws/install/task1:/root/ros2_ws/install/py_srvcli:/root/ros2_ws/install/py_pubsub:/root/ros2_ws/install/my_action_pkg:/root/ros2_ws/install/launch_testing_examples:/root/ros2_ws/install/examples_rclpy_pointcloud_publisher:/root/ros2_ws/install/examples_rclpy_minimal_subscriber:/root/ros2_ws/install/examples_rclpy_minimal_service:/root/ros2_ws/install/examples_rclpy_minimal_publisher:/root/ros2_ws/install/examples_rclpy_minimal_client:/root/ros2_ws/install/examples_rclpy_minimal_action_server:/root/ros2_ws/install/examples_rclpy_minimal_action_client:/root/ros2_ws/install/examples_rclpy_guard_conditions:/root/ros2_ws/install/examples_rclpy_executors:/root/ros2_ws/src/task1/install/task1:/opt/ros/humble /usr/bin/cmake --install /root/ros2_ws/build/task3
[0.800s] DEBUG:colcon.colcon_core.event_handler.log_command:Invoked command in '/root/ros2_ws/build/task5' returned '0': CMAKE_PREFIX_PATH=${CMAKE_PREFIX_PATH}:/root/ros2_ws/install/task4_tester:/root/ros2_ws/install/task3_tester:/root/ros2_ws/install/task2_tester:/root/ros2_ws/install/task1:/root/ros2_ws/install/py_srvcli:/root/ros2_ws/install/py_pubsub:/root/ros2_ws/install/my_action_pkg:/root/ros2_ws/install/launch_testing_examples:/root/ros2_ws/install/examples_rclpy_pointcloud_publisher:/root/ros2_ws/install/examples_rclpy_minimal_subscriber:/root/ros2_ws/install/examples_rclpy_minimal_service:/root/ros2_ws/install/examples_rclpy_minimal_publisher:/root/ros2_ws/install/examples_rclpy_minimal_client:/root/ros2_ws/install/examples_rclpy_minimal_action_server:/root/ros2_ws/install/examples_rclpy_minimal_action_client:/root/ros2_ws/install/examples_rclpy_guard_conditions:/root/ros2_ws/install/examples_rclpy_executors:/root/ros2_ws/src/task1/install/task1:/opt/ros/humble /usr/bin/cmake --build /root/ros2_ws/build/task5 -- -j28 -l28
[0.801s] DEBUG:colcon.colcon_core.event_handler.log_command:Invoking command in '/root/ros2_ws/build/task5': CMAKE_PREFIX_PATH=${CMAKE_PREFIX_PATH}:/root/ros2_ws/install/task4_tester:/root/ros2_ws/install/task3_tester:/root/ros2_ws/install/task2_tester:/root/ros2_ws/install/task1:/root/ros2_ws/install/py_srvcli:/root/ros2_ws/install/py_pubsub:/root/ros2_ws/install/my_action_pkg:/root/ros2_ws/install/launch_testing_examples:/root/ros2_ws/install/examples_rclpy_pointcloud_publisher:/root/ros2_ws/install/examples_rclpy_minimal_subscriber:/root/ros2_ws/install/examples_rclpy_minimal_service:/root/ros2_ws/install/examples_rclpy_minimal_publisher:/root/ros2_ws/install/examples_rclpy_minimal_client:/root/ros2_ws/install/examples_rclpy_minimal_action_server:/root/ros2_ws/install/examples_rclpy_minimal_action_client:/root/ros2_ws/install/examples_rclpy_guard_conditions:/root/ros2_ws/install/examples_rclpy_executors:/root/ros2_ws/src/task1/install/task1:/opt/ros/humble /usr/bin/cmake --install /root/ros2_ws/build/task5
[0.804s] Level 1:colcon.colcon_core.environment:create_environment_scripts_only(action_tutorials_interfaces)
[0.807s] DEBUG:colcon.colcon_core.event_handler.log_command:Invoked command in '/root/ros2_ws/build/action_tutorials_interfaces' returned '0': CMAKE_PREFIX_PATH=${CMAKE_PREFIX_PATH}:/root/ros2_ws/install/task4_tester:/root/ros2_ws/install/task3_tester:/root/ros2_ws/install/task2_tester:/root/ros2_ws/install/task1:/root/ros2_ws/install/py_srvcli:/root/ros2_ws/install/py_pubsub:/root/ros2_ws/install/my_action_pkg:/root/ros2_ws/install/launch_testing_examples:/root/ros2_ws/install/examples_rclpy_pointcloud_publisher:/root/ros2_ws/install/examples_rclpy_minimal_subscriber:/root/ros2_ws/install/examples_rclpy_minimal_service:/root/ros2_ws/install/examples_rclpy_minimal_publisher:/root/ros2_ws/install/examples_rclpy_minimal_client:/root/ros2_ws/install/examples_rclpy_minimal_action_server:/root/ros2_ws/install/examples_rclpy_minimal_action_client:/root/ros2_ws/install/examples_rclpy_guard_conditions:/root/ros2_ws/install/examples_rclpy_executors:/root/ros2_ws/src/task1/install/task1:/opt/ros/humble /usr/bin/cmake --install /root/ros2_ws/build/action_tutorials_interfaces
[0.811s] Level 1:colcon.colcon_core.environment:checking '/root/ros2_ws/install/action_tutorials_interfaces' for CMake module files
[0.811s] Level 1:colcon.colcon_core.environment:checking '/root/ros2_ws/install/action_tutorials_interfaces' for CMake config files
[0.811s] Level 1:colcon.colcon_core.shell:create_environment_hook('action_tutorials_interfaces', 'cmake_prefix_path')
[0.812s] INFO:colcon.colcon_core.shell:Creating environment hook '/root/ros2_ws/install/action_tutorials_interfaces/share/action_tutorials_interfaces/hook/cmake_prefix_path.ps1'
[0.812s] INFO:colcon.colcon_core.shell:Creating environment descriptor '/root/ros2_ws/install/action_tutorials_interfaces/share/action_tutorials_interfaces/hook/cmake_prefix_path.dsv'
[0.812s] INFO:colcon.colcon_core.shell:Creating environment hook '/root/ros2_ws/install/action_tutorials_interfaces/share/action_tutorials_interfaces/hook/cmake_prefix_path.sh'
[0.812s] Level 1:colcon.colcon_core.environment:checking '/root/ros2_ws/install/action_tutorials_interfaces/bin'
[0.813s] Level 1:colcon.colcon_core.environment:checking '/root/ros2_ws/install/action_tutorials_interfaces/lib/pkgconfig/action_tutorials_interfaces.pc'
[0.813s] Level 1:colcon.colcon_core.environment:checking '/root/ros2_ws/install/action_tutorials_interfaces/lib/python3.10/site-packages'
[0.813s] Level 1:colcon.colcon_core.environment:checking '/root/ros2_ws/install/action_tutorials_interfaces/bin'
[0.813s] INFO:colcon.colcon_core.shell:Creating package script '/root/ros2_ws/install/action_tutorials_interfaces/share/action_tutorials_interfaces/package.ps1'
[0.814s] INFO:colcon.colcon_core.shell:Creating package descriptor '/root/ros2_ws/install/action_tutorials_interfaces/share/action_tutorials_interfaces/package.dsv'
[0.814s] INFO:colcon.colcon_core.shell:Creating package script '/root/ros2_ws/install/action_tutorials_interfaces/share/action_tutorials_interfaces/package.sh'
[0.814s] INFO:colcon.colcon_core.shell:Creating package script '/root/ros2_ws/install/action_tutorials_interfaces/share/action_tutorials_interfaces/package.bash'
[0.815s] INFO:colcon.colcon_core.shell:Creating package script '/root/ros2_ws/install/action_tutorials_interfaces/share/action_tutorials_interfaces/package.zsh'
[0.815s] Level 1:colcon.colcon_core.environment:create_file_with_runtime_dependencies(/root/ros2_ws/install/action_tutorials_interfaces/share/colcon-core/packages/action_tutorials_interfaces)
[0.815s] Level 1:colcon.colcon_core.environment:create_environment_scripts_only(action_tutorials_interfaces)
[0.816s] Level 1:colcon.colcon_core.environment:checking '/root/ros2_ws/install/action_tutorials_interfaces' for CMake module files
[0.816s] Level 1:colcon.colcon_core.environment:checking '/root/ros2_ws/install/action_tutorials_interfaces' for CMake config files
[0.816s] Level 1:colcon.colcon_core.shell:create_environment_hook('action_tutorials_interfaces', 'cmake_prefix_path')
[0.816s] INFO:colcon.colcon_core.shell:Creating environment hook '/root/ros2_ws/install/action_tutorials_interfaces/share/action_tutorials_interfaces/hook/cmake_prefix_path.ps1'
[0.816s] INFO:colcon.colcon_core.shell:Creating environment descriptor '/root/ros2_ws/install/action_tutorials_interfaces/share/action_tutorials_interfaces/hook/cmake_prefix_path.dsv'
[0.817s] INFO:colcon.colcon_core.shell:Creating environment hook '/root/ros2_ws/install/action_tutorials_interfaces/share/action_tutorials_interfaces/hook/cmake_prefix_path.sh'
[0.817s] Level 1:colcon.colcon_core.environment:checking '/root/ros2_ws/install/action_tutorials_interfaces/bin'
[0.817s] Level 1:colcon.colcon_core.environment:checking '/root/ros2_ws/install/action_tutorials_interfaces/lib/pkgconfig/action_tutorials_interfaces.pc'
[0.817s] Level 1:colcon.colcon_core.environment:checking '/root/ros2_ws/install/action_tutorials_interfaces/lib/python3.10/site-packages'
[0.817s] Level 1:colcon.colcon_core.environment:checking '/root/ros2_ws/install/action_tutorials_interfaces/bin'
[0.818s] INFO:colcon.colcon_core.shell:Creating package script '/root/ros2_ws/install/action_tutorials_interfaces/share/action_tutorials_interfaces/package.ps1'
[0.818s] INFO:colcon.colcon_core.shell:Creating package descriptor '/root/ros2_ws/install/action_tutorials_interfaces/share/action_tutorials_interfaces/package.dsv'
[0.818s] INFO:colcon.colcon_core.shell:Creating package script '/root/ros2_ws/install/action_tutorials_interfaces/share/action_tutorials_interfaces/package.sh'
[0.818s] INFO:colcon.colcon_core.shell:Creating package script '/root/ros2_ws/install/action_tutorials_interfaces/share/action_tutorials_interfaces/package.bash'
[0.819s] INFO:colcon.colcon_core.shell:Creating package script '/root/ros2_ws/install/action_tutorials_interfaces/share/action_tutorials_interfaces/package.zsh'
[0.819s] Level 1:colcon.colcon_core.environment:create_file_with_runtime_dependencies(/root/ros2_ws/install/action_tutorials_interfaces/share/colcon-core/packages/action_tutorials_interfaces)
[0.819s] DEBUG:colcon.colcon_core.event_handler.log_command:Invoked command in '/root/ros2_ws/build/task2' returned '0': CMAKE_PREFIX_PATH=${CMAKE_PREFIX_PATH}:/root/ros2_ws/install/task4_tester:/root/ros2_ws/install/task3_tester:/root/ros2_ws/install/task2_tester:/root/ros2_ws/install/task1:/root/ros2_ws/install/py_srvcli:/root/ros2_ws/install/py_pubsub:/root/ros2_ws/install/my_action_pkg:/root/ros2_ws/install/launch_testing_examples:/root/ros2_ws/install/examples_rclpy_pointcloud_publisher:/root/ros2_ws/install/examples_rclpy_minimal_subscriber:/root/ros2_ws/install/examples_rclpy_minimal_service:/root/ros2_ws/install/examples_rclpy_minimal_publisher:/root/ros2_ws/install/examples_rclpy_minimal_client:/root/ros2_ws/install/examples_rclpy_minimal_action_server:/root/ros2_ws/install/examples_rclpy_minimal_action_client:/root/ros2_ws/install/examples_rclpy_guard_conditions:/root/ros2_ws/install/examples_rclpy_executors:/root/ros2_ws/src/task1/install/task1:/opt/ros/humble /usr/bin/cmake --build /root/ros2_ws/build/task2 -- -j28 -l28
[0.820s] DEBUG:colcon.colcon_core.event_handler.log_command:Invoking command in '/root/ros2_ws/build/task2': CMAKE_PREFIX_PATH=${CMAKE_PREFIX_PATH}:/root/ros2_ws/install/task4_tester:/root/ros2_ws/install/task3_tester:/root/ros2_ws/install/task2_tester:/root/ros2_ws/install/task1:/root/ros2_ws/install/py_srvcli:/root/ros2_ws/install/py_pubsub:/root/ros2_ws/install/my_action_pkg:/root/ros2_ws/install/launch_testing_examples:/root/ros2_ws/install/examples_rclpy_pointcloud_publisher:/root/ros2_ws/install/examples_rclpy_minimal_subscriber:/root/ros2_ws/install/examples_rclpy_minimal_service:/root/ros2_ws/install/examples_rclpy_minimal_publisher:/root/ros2_ws/install/examples_rclpy_minimal_client:/root/ros2_ws/install/examples_rclpy_minimal_action_server:/root/ros2_ws/install/examples_rclpy_minimal_action_client:/root/ros2_ws/install/examples_rclpy_guard_conditions:/root/ros2_ws/install/examples_rclpy_executors:/root/ros2_ws/src/task1/install/task1:/opt/ros/humble /usr/bin/cmake --install /root/ros2_ws/build/task2
[0.826s] DEBUG:colcon.colcon_core.event_handler.log_command:Invoked command in '/root/ros2_ws/build/task4' returned '0': CMAKE_PREFIX_PATH=${CMAKE_PREFIX_PATH}:/root/ros2_ws/install/task4_tester:/root/ros2_ws/install/task3_tester:/root/ros2_ws/install/task2_tester:/root/ros2_ws/install/task1:/root/ros2_ws/install/py_srvcli:/root/ros2_ws/install/py_pubsub:/root/ros2_ws/install/my_action_pkg:/root/ros2_ws/install/launch_testing_examples:/root/ros2_ws/install/examples_rclpy_pointcloud_publisher:/root/ros2_ws/install/examples_rclpy_minimal_subscriber:/root/ros2_ws/install/examples_rclpy_minimal_service:/root/ros2_ws/install/examples_rclpy_minimal_publisher:/root/ros2_ws/install/examples_rclpy_minimal_client:/root/ros2_ws/install/examples_rclpy_minimal_action_server:/root/ros2_ws/install/examples_rclpy_minimal_action_client:/root/ros2_ws/install/examples_rclpy_guard_conditions:/root/ros2_ws/install/examples_rclpy_executors:/root/ros2_ws/src/task1/install/task1:/opt/ros/humble /usr/bin/cmake --build /root/ros2_ws/build/task4 -- -j28 -l28
[0.829s] DEBUG:colcon.colcon_core.event_handler.log_command:Invoking command in '/root/ros2_ws/build/task4': CMAKE_PREFIX_PATH=${CMAKE_PREFIX_PATH}:/root/ros2_ws/install/task4_tester:/root/ros2_ws/install/task3_tester:/root/ros2_ws/install/task2_tester:/root/ros2_ws/install/task1:/root/ros2_ws/install/py_srvcli:/root/ros2_ws/install/py_pubsub:/root/ros2_ws/install/my_action_pkg:/root/ros2_ws/install/launch_testing_examples:/root/ros2_ws/install/examples_rclpy_pointcloud_publisher:/root/ros2_ws/install/examples_rclpy_minimal_subscriber:/root/ros2_ws/install/examples_rclpy_minimal_service:/root/ros2_ws/install/examples_rclpy_minimal_publisher:/root/ros2_ws/install/examples_rclpy_minimal_client:/root/ros2_ws/install/examples_rclpy_minimal_action_server:/root/ros2_ws/install/examples_rclpy_minimal_action_client:/root/ros2_ws/install/examples_rclpy_guard_conditions:/root/ros2_ws/install/examples_rclpy_executors:/root/ros2_ws/src/task1/install/task1:/opt/ros/humble /usr/bin/cmake --install /root/ros2_ws/build/task4
[0.850s] Level 1:colcon.colcon_core.environment:create_environment_scripts_only(task5)
[0.850s] Level 1:colcon.colcon_core.environment:checking '/root/ros2_ws/install/task5' for CMake module files
[0.850s] DEBUG:colcon.colcon_core.event_handler.log_command:Invoked command in '/root/ros2_ws/build/task5' returned '0': CMAKE_PREFIX_PATH=${CMAKE_PREFIX_PATH}:/root/ros2_ws/install/task4_tester:/root/ros2_ws/install/task3_tester:/root/ros2_ws/install/task2_tester:/root/ros2_ws/install/task1:/root/ros2_ws/install/py_srvcli:/root/ros2_ws/install/py_pubsub:/root/ros2_ws/install/my_action_pkg:/root/ros2_ws/install/launch_testing_examples:/root/ros2_ws/install/examples_rclpy_pointcloud_publisher:/root/ros2_ws/install/examples_rclpy_minimal_subscriber:/root/ros2_ws/install/examples_rclpy_minimal_service:/root/ros2_ws/install/examples_rclpy_minimal_publisher:/root/ros2_ws/install/examples_rclpy_minimal_client:/root/ros2_ws/install/examples_rclpy_minimal_action_server:/root/ros2_ws/install/examples_rclpy_minimal_action_client:/root/ros2_ws/install/examples_rclpy_guard_conditions:/root/ros2_ws/install/examples_rclpy_executors:/root/ros2_ws/src/task1/install/task1:/opt/ros/humble /usr/bin/cmake --install /root/ros2_ws/build/task5
[0.851s] Level 1:colcon.colcon_core.environment:checking '/root/ros2_ws/install/task5' for CMake config files
[0.855s] Level 1:colcon.colcon_core.shell:create_environment_hook('task5', 'cmake_prefix_path')
[0.855s] INFO:colcon.colcon_core.shell:Creating environment hook '/root/ros2_ws/install/task5/share/task5/hook/cmake_prefix_path.ps1'
[0.855s] INFO:colcon.colcon_core.shell:Creating environment descriptor '/root/ros2_ws/install/task5/share/task5/hook/cmake_prefix_path.dsv'
[0.856s] INFO:colcon.colcon_core.shell:Creating environment hook '/root/ros2_ws/install/task5/share/task5/hook/cmake_prefix_path.sh'
[0.856s] Level 1:colcon.colcon_core.environment:checking '/root/ros2_ws/install/task5/lib'
[0.856s] Level 1:colcon.colcon_core.shell:create_environment_hook('task5', 'ld_library_path_lib')
[0.857s] INFO:colcon.colcon_core.shell:Creating environment hook '/root/ros2_ws/install/task5/share/task5/hook/ld_library_path_lib.ps1'
[0.857s] INFO:colcon.colcon_core.shell:Creating environment descriptor '/root/ros2_ws/install/task5/share/task5/hook/ld_library_path_lib.dsv'
[0.857s] INFO:colcon.colcon_core.shell:Creating environment hook '/root/ros2_ws/install/task5/share/task5/hook/ld_library_path_lib.sh'
[0.858s] Level 1:colcon.colcon_core.environment:checking '/root/ros2_ws/install/task5/bin'
[0.858s] Level 1:colcon.colcon_core.environment:checking '/root/ros2_ws/install/task5/lib/pkgconfig/task5.pc'
[0.858s] Level 1:colcon.colcon_core.environment:checking '/root/ros2_ws/install/task5/lib/python3.10/site-packages'
[0.858s] Level 1:colcon.colcon_core.environment:checking '/root/ros2_ws/install/task5/bin'
[0.859s] INFO:colcon.colcon_core.shell:Creating package script '/root/ros2_ws/install/task5/share/task5/package.ps1'
[0.859s] INFO:colcon.colcon_core.shell:Creating package descriptor '/root/ros2_ws/install/task5/share/task5/package.dsv'
[0.860s] INFO:colcon.colcon_core.shell:Creating package script '/root/ros2_ws/install/task5/share/task5/package.sh'
[0.860s] INFO:colcon.colcon_core.shell:Creating package script '/root/ros2_ws/install/task5/share/task5/package.bash'
[0.861s] INFO:colcon.colcon_core.shell:Creating package script '/root/ros2_ws/install/task5/share/task5/package.zsh'
[0.861s] Level 1:colcon.colcon_core.environment:create_file_with_runtime_dependencies(/root/ros2_ws/install/task5/share/colcon-core/packages/task5)
[0.862s] Level 1:colcon.colcon_core.environment:create_environment_scripts_only(task5)
[0.862s] Level 1:colcon.colcon_core.environment:checking '/root/ros2_ws/install/task5' for CMake module files
[0.862s] Level 1:colcon.colcon_core.environment:checking '/root/ros2_ws/install/task5' for CMake config files
[0.865s] Level 1:colcon.colcon_core.shell:create_environment_hook('task5', 'cmake_prefix_path')
[0.865s] INFO:colcon.colcon_core.shell:Creating environment hook '/root/ros2_ws/install/task5/share/task5/hook/cmake_prefix_path.ps1'
[0.866s] INFO:colcon.colcon_core.shell:Creating environment descriptor '/root/ros2_ws/install/task5/share/task5/hook/cmake_prefix_path.dsv'
[0.866s] INFO:colcon.colcon_core.shell:Creating environment hook '/root/ros2_ws/install/task5/share/task5/hook/cmake_prefix_path.sh'
[0.867s] Level 1:colcon.colcon_core.environment:checking '/root/ros2_ws/install/task5/lib'
[0.867s] Level 1:colcon.colcon_core.shell:create_environment_hook('task5', 'ld_library_path_lib')
[0.867s] INFO:colcon.colcon_core.shell:Creating environment hook '/root/ros2_ws/install/task5/share/task5/hook/ld_library_path_lib.ps1'
[0.867s] INFO:colcon.colcon_core.shell:Creating environment descriptor '/root/ros2_ws/install/task5/share/task5/hook/ld_library_path_lib.dsv'
[0.868s] INFO:colcon.colcon_core.shell:Creating environment hook '/root/ros2_ws/install/task5/share/task5/hook/ld_library_path_lib.sh'
[0.868s] Level 1:colcon.colcon_core.environment:checking '/root/ros2_ws/install/task5/bin'
[0.868s] Level 1:colcon.colcon_core.environment:checking '/root/ros2_ws/install/task5/lib/pkgconfig/task5.pc'
[0.868s] Level 1:colcon.colcon_core.environment:checking '/root/ros2_ws/install/task5/lib/python3.10/site-packages'
[0.869s] Level 1:colcon.colcon_core.environment:checking '/root/ros2_ws/install/task5/bin'
[0.869s] INFO:colcon.colcon_core.shell:Creating package script '/root/ros2_ws/install/task5/share/task5/package.ps1'
[0.869s] INFO:colcon.colcon_core.shell:Creating package descriptor '/root/ros2_ws/install/task5/share/task5/package.dsv'
[0.870s] INFO:colcon.colcon_core.shell:Creating package script '/root/ros2_ws/install/task5/share/task5/package.sh'
[0.870s] INFO:colcon.colcon_core.shell:Creating package script '/root/ros2_ws/install/task5/share/task5/package.bash'
[0.870s] INFO:colcon.colcon_core.shell:Creating package script '/root/ros2_ws/install/task5/share/task5/package.zsh'
[0.870s] Level 1:colcon.colcon_core.environment:create_file_with_runtime_dependencies(/root/ros2_ws/install/task5/share/colcon-core/packages/task5)
[0.871s] INFO:colcon.colcon_ros.task.ament_python.build:Building ROS package in '/root/ros2_ws/src/task5_tester' with build type 'ament_python'
[0.871s] Level 1:colcon.colcon_core.shell:create_environment_hook('task5_tester', 'ament_prefix_path')
[0.871s] INFO:colcon.colcon_core.shell:Creating environment hook '/root/ros2_ws/install/task5_tester/share/task5_tester/hook/ament_prefix_path.ps1'
[0.871s] INFO:colcon.colcon_core.shell:Creating environment descriptor '/root/ros2_ws/install/task5_tester/share/task5_tester/hook/ament_prefix_path.dsv'
[0.871s] INFO:colcon.colcon_core.shell:Creating environment hook '/root/ros2_ws/install/task5_tester/share/task5_tester/hook/ament_prefix_path.sh'
[0.872s] INFO:colcon.colcon_core.shell:Skip shell extension 'powershell' for command environment: Not usable outside of PowerShell
[0.872s] DEBUG:colcon.colcon_core.shell:Skip shell extension 'dsv' for command environment
[0.878s] Level 1:colcon.colcon_core.environment:create_environment_scripts_only(task2)
[0.879s] Level 1:colcon.colcon_core.environment:checking '/root/ros2_ws/install/task2' for CMake module files
[0.879s] DEBUG:colcon.colcon_core.event_handler.log_command:Invoked command in '/root/ros2_ws/build/task2' returned '0': CMAKE_PREFIX_PATH=${CMAKE_PREFIX_PATH}:/root/ros2_ws/install/task4_tester:/root/ros2_ws/install/task3_tester:/root/ros2_ws/install/task2_tester:/root/ros2_ws/install/task1:/root/ros2_ws/install/py_srvcli:/root/ros2_ws/install/py_pubsub:/root/ros2_ws/install/my_action_pkg:/root/ros2_ws/install/launch_testing_examples:/root/ros2_ws/install/examples_rclpy_pointcloud_publisher:/root/ros2_ws/install/examples_rclpy_minimal_subscriber:/root/ros2_ws/install/examples_rclpy_minimal_service:/root/ros2_ws/install/examples_rclpy_minimal_publisher:/root/ros2_ws/install/examples_rclpy_minimal_client:/root/ros2_ws/install/examples_rclpy_minimal_action_server:/root/ros2_ws/install/examples_rclpy_minimal_action_client:/root/ros2_ws/install/examples_rclpy_guard_conditions:/root/ros2_ws/install/examples_rclpy_executors:/root/ros2_ws/src/task1/install/task1:/opt/ros/humble /usr/bin/cmake --install /root/ros2_ws/build/task2
[0.879s] Level 1:colcon.colcon_core.environment:checking '/root/ros2_ws/install/task2' for CMake config files
[0.880s] Level 1:colcon.colcon_core.shell:create_environment_hook('task2', 'cmake_prefix_path')
[0.880s] INFO:colcon.colcon_core.shell:Creating environment hook '/root/ros2_ws/install/task2/share/task2/hook/cmake_prefix_path.ps1'
[0.880s] INFO:colcon.colcon_core.shell:Creating environment descriptor '/root/ros2_ws/install/task2/share/task2/hook/cmake_prefix_path.dsv'
[0.880s] INFO:colcon.colcon_core.shell:Creating environment hook '/root/ros2_ws/install/task2/share/task2/hook/cmake_prefix_path.sh'
[0.880s] Level 1:colcon.colcon_core.environment:checking '/root/ros2_ws/install/task2/lib'
[0.881s] Level 1:colcon.colcon_core.shell:create_environment_hook('task2', 'ld_library_path_lib')
[0.881s] INFO:colcon.colcon_core.shell:Creating environment hook '/root/ros2_ws/install/task2/share/task2/hook/ld_library_path_lib.ps1'
[0.881s] INFO:colcon.colcon_core.shell:Creating environment descriptor '/root/ros2_ws/install/task2/share/task2/hook/ld_library_path_lib.dsv'
[0.881s] INFO:colcon.colcon_core.shell:Creating environment hook '/root/ros2_ws/install/task2/share/task2/hook/ld_library_path_lib.sh'
[0.881s] Level 1:colcon.colcon_core.environment:checking '/root/ros2_ws/install/task2/bin'
[0.881s] Level 1:colcon.colcon_core.environment:checking '/root/ros2_ws/install/task2/lib/pkgconfig/task2.pc'
[0.881s] Level 1:colcon.colcon_core.environment:checking '/root/ros2_ws/install/task2/lib/python3.10/site-packages'
[0.882s] Level 1:colcon.colcon_core.environment:checking '/root/ros2_ws/install/task2/bin'
[0.882s] INFO:colcon.colcon_core.shell:Creating package script '/root/ros2_ws/install/task2/share/task2/package.ps1'
[0.882s] INFO:colcon.colcon_core.shell:Creating package descriptor '/root/ros2_ws/install/task2/share/task2/package.dsv'
[0.883s] INFO:colcon.colcon_core.shell:Creating package script '/root/ros2_ws/install/task2/share/task2/package.sh'
[0.883s] INFO:colcon.colcon_core.shell:Creating package script '/root/ros2_ws/install/task2/share/task2/package.bash'
[0.884s] INFO:colcon.colcon_core.shell:Creating package script '/root/ros2_ws/install/task2/share/task2/package.zsh'
[0.884s] Level 1:colcon.colcon_core.environment:create_file_with_runtime_dependencies(/root/ros2_ws/install/task2/share/colcon-core/packages/task2)
[0.884s] Level 1:colcon.colcon_core.environment:create_environment_scripts_only(task2)
[0.884s] Level 1:colcon.colcon_core.environment:checking '/root/ros2_ws/install/task2' for CMake module files
[0.885s] Level 1:colcon.colcon_core.environment:checking '/root/ros2_ws/install/task2' for CMake config files
[0.885s] Level 1:colcon.colcon_core.shell:create_environment_hook('task2', 'cmake_prefix_path')
[0.885s] INFO:colcon.colcon_core.shell:Creating environment hook '/root/ros2_ws/install/task2/share/task2/hook/cmake_prefix_path.ps1'
[0.885s] INFO:colcon.colcon_core.shell:Creating environment descriptor '/root/ros2_ws/install/task2/share/task2/hook/cmake_prefix_path.dsv'
[0.886s] INFO:colcon.colcon_core.shell:Creating environment hook '/root/ros2_ws/install/task2/share/task2/hook/cmake_prefix_path.sh'
[0.886s] Level 1:colcon.colcon_core.environment:checking '/root/ros2_ws/install/task2/lib'
[0.886s] Level 1:colcon.colcon_core.shell:create_environment_hook('task2', 'ld_library_path_lib')
[0.886s] INFO:colcon.colcon_core.shell:Creating environment hook '/root/ros2_ws/install/task2/share/task2/hook/ld_library_path_lib.ps1'
[0.886s] INFO:colcon.colcon_core.shell:Creating environment descriptor '/root/ros2_ws/install/task2/share/task2/hook/ld_library_path_lib.dsv'
[0.886s] INFO:colcon.colcon_core.shell:Creating environment hook '/root/ros2_ws/install/task2/share/task2/hook/ld_library_path_lib.sh'
[0.887s] Level 1:colcon.colcon_core.environment:checking '/root/ros2_ws/install/task2/bin'
[0.887s] Level 1:colcon.colcon_core.environment:checking '/root/ros2_ws/install/task2/lib/pkgconfig/task2.pc'
[0.887s] Level 1:colcon.colcon_core.environment:checking '/root/ros2_ws/install/task2/lib/python3.10/site-packages'
[0.887s] Level 1:colcon.colcon_core.environment:checking '/root/ros2_ws/install/task2/bin'
[0.887s] INFO:colcon.colcon_core.shell:Creating package script '/root/ros2_ws/install/task2/share/task2/package.ps1'
[0.888s] INFO:colcon.colcon_core.shell:Creating package descriptor '/root/ros2_ws/install/task2/share/task2/package.dsv'
[0.888s] INFO:colcon.colcon_core.shell:Creating package script '/root/ros2_ws/install/task2/share/task2/package.sh'
[0.888s] INFO:colcon.colcon_core.shell:Creating package script '/root/ros2_ws/install/task2/share/task2/package.bash'
[0.888s] INFO:colcon.colcon_core.shell:Creating package script '/root/ros2_ws/install/task2/share/task2/package.zsh'
[0.889s] Level 1:colcon.colcon_core.environment:create_file_with_runtime_dependencies(/root/ros2_ws/install/task2/share/colcon-core/packages/task2)
[0.889s] Level 1:colcon.colcon_core.environment:create_environment_scripts_only(task3)
[0.889s] Level 1:colcon.colcon_core.environment:checking '/root/ros2_ws/install/task3' for CMake module files
[0.890s] DEBUG:colcon.colcon_core.event_handler.log_command:Invoked command in '/root/ros2_ws/build/task3' returned '0': CMAKE_PREFIX_PATH=${CMAKE_PREFIX_PATH}:/root/ros2_ws/install/task4_tester:/root/ros2_ws/install/task3_tester:/root/ros2_ws/install/task2_tester:/root/ros2_ws/install/task1:/root/ros2_ws/install/py_srvcli:/root/ros2_ws/install/py_pubsub:/root/ros2_ws/install/my_action_pkg:/root/ros2_ws/install/launch_testing_examples:/root/ros2_ws/install/examples_rclpy_pointcloud_publisher:/root/ros2_ws/install/examples_rclpy_minimal_subscriber:/root/ros2_ws/install/examples_rclpy_minimal_service:/root/ros2_ws/install/examples_rclpy_minimal_publisher:/root/ros2_ws/install/examples_rclpy_minimal_client:/root/ros2_ws/install/examples_rclpy_minimal_action_server:/root/ros2_ws/install/examples_rclpy_minimal_action_client:/root/ros2_ws/install/examples_rclpy_guard_conditions:/root/ros2_ws/install/examples_rclpy_executors:/root/ros2_ws/src/task1/install/task1:/opt/ros/humble /usr/bin/cmake --install /root/ros2_ws/build/task3
[0.890s] Level 1:colcon.colcon_core.environment:checking '/root/ros2_ws/install/task3' for CMake config files
[0.890s] Level 1:colcon.colcon_core.shell:create_environment_hook('task3', 'cmake_prefix_path')
[0.890s] INFO:colcon.colcon_core.shell:Creating environment hook '/root/ros2_ws/install/task3/share/task3/hook/cmake_prefix_path.ps1'
[0.891s] INFO:colcon.colcon_core.shell:Creating environment descriptor '/root/ros2_ws/install/task3/share/task3/hook/cmake_prefix_path.dsv'
[0.891s] INFO:colcon.colcon_core.shell:Creating environment hook '/root/ros2_ws/install/task3/share/task3/hook/cmake_prefix_path.sh'
[0.891s] Level 1:colcon.colcon_core.environment:checking '/root/ros2_ws/install/task3/lib'
[0.891s] Level 1:colcon.colcon_core.shell:create_environment_hook('task3', 'ld_library_path_lib')
[0.891s] INFO:colcon.colcon_core.shell:Creating environment hook '/root/ros2_ws/install/task3/share/task3/hook/ld_library_path_lib.ps1'
[0.891s] INFO:colcon.colcon_core.shell:Creating environment descriptor '/root/ros2_ws/install/task3/share/task3/hook/ld_library_path_lib.dsv'
[0.891s] INFO:colcon.colcon_core.shell:Creating environment hook '/root/ros2_ws/install/task3/share/task3/hook/ld_library_path_lib.sh'
[0.892s] Level 1:colcon.colcon_core.environment:checking '/root/ros2_ws/install/task3/bin'
[0.892s] Level 1:colcon.colcon_core.environment:checking '/root/ros2_ws/install/task3/lib/pkgconfig/task3.pc'
[0.892s] Level 1:colcon.colcon_core.environment:checking '/root/ros2_ws/install/task3/lib/python3.10/site-packages'
[0.892s] Level 1:colcon.colcon_core.environment:checking '/root/ros2_ws/install/task3/bin'
[0.892s] INFO:colcon.colcon_core.shell:Creating package script '/root/ros2_ws/install/task3/share/task3/package.ps1'
[0.893s] INFO:colcon.colcon_core.shell:Creating package descriptor '/root/ros2_ws/install/task3/share/task3/package.dsv'
[0.893s] INFO:colcon.colcon_core.shell:Creating package script '/root/ros2_ws/install/task3/share/task3/package.sh'
[0.893s] INFO:colcon.colcon_core.shell:Creating package script '/root/ros2_ws/install/task3/share/task3/package.bash'
[0.893s] INFO:colcon.colcon_core.shell:Creating package script '/root/ros2_ws/install/task3/share/task3/package.zsh'
[0.893s] Level 1:colcon.colcon_core.environment:create_file_with_runtime_dependencies(/root/ros2_ws/install/task3/share/colcon-core/packages/task3)
[0.894s] Level 1:colcon.colcon_core.environment:create_environment_scripts_only(task3)
[0.894s] Level 1:colcon.colcon_core.environment:checking '/root/ros2_ws/install/task3' for CMake module files
[0.894s] Level 1:colcon.colcon_core.environment:checking '/root/ros2_ws/install/task3' for CMake config files
[0.895s] Level 1:colcon.colcon_core.shell:create_environment_hook('task3', 'cmake_prefix_path')
[0.895s] INFO:colcon.colcon_core.shell:Creating environment hook '/root/ros2_ws/install/task3/share/task3/hook/cmake_prefix_path.ps1'
[0.895s] INFO:colcon.colcon_core.shell:Creating environment descriptor '/root/ros2_ws/install/task3/share/task3/hook/cmake_prefix_path.dsv'
[0.895s] INFO:colcon.colcon_core.shell:Creating environment hook '/root/ros2_ws/install/task3/share/task3/hook/cmake_prefix_path.sh'
[0.895s] Level 1:colcon.colcon_core.environment:checking '/root/ros2_ws/install/task3/lib'
[0.895s] Level 1:colcon.colcon_core.shell:create_environment_hook('task3', 'ld_library_path_lib')
[0.896s] INFO:colcon.colcon_core.shell:Creating environment hook '/root/ros2_ws/install/task3/share/task3/hook/ld_library_path_lib.ps1'
[0.896s] INFO:colcon.colcon_core.shell:Creating environment descriptor '/root/ros2_ws/install/task3/share/task3/hook/ld_library_path_lib.dsv'
[0.896s] INFO:colcon.colcon_core.shell:Creating environment hook '/root/ros2_ws/install/task3/share/task3/hook/ld_library_path_lib.sh'
[0.896s] Level 1:colcon.colcon_core.environment:checking '/root/ros2_ws/install/task3/bin'
[0.896s] Level 1:colcon.colcon_core.environment:checking '/root/ros2_ws/install/task3/lib/pkgconfig/task3.pc'
[0.896s] Level 1:colcon.colcon_core.environment:checking '/root/ros2_ws/install/task3/lib/python3.10/site-packages'
[0.897s] Level 1:colcon.colcon_core.environment:checking '/root/ros2_ws/install/task3/bin'
[0.897s] INFO:colcon.colcon_core.shell:Creating package script '/root/ros2_ws/install/task3/share/task3/package.ps1'
[0.897s] INFO:colcon.colcon_core.shell:Creating package descriptor '/root/ros2_ws/install/task3/share/task3/package.dsv'
[0.897s] INFO:colcon.colcon_core.shell:Creating package script '/root/ros2_ws/install/task3/share/task3/package.sh'
[0.898s] INFO:colcon.colcon_core.shell:Creating package script '/root/ros2_ws/install/task3/share/task3/package.bash'
[0.898s] INFO:colcon.colcon_core.shell:Creating package script '/root/ros2_ws/install/task3/share/task3/package.zsh'
[0.898s] Level 1:colcon.colcon_core.environment:create_file_with_runtime_dependencies(/root/ros2_ws/install/task3/share/colcon-core/packages/task3)
[0.898s] INFO:colcon.colcon_ros.task.ament_python.build:Building ROS package in '/root/ros2_ws/src/task3_tester' with build type 'ament_python'
[0.899s] Level 1:colcon.colcon_core.shell:create_environment_hook('task3_tester', 'ament_prefix_path')
[0.899s] INFO:colcon.colcon_core.shell:Creating environment hook '/root/ros2_ws/install/task3_tester/share/task3_tester/hook/ament_prefix_path.ps1'
[0.899s] INFO:colcon.colcon_core.shell:Creating environment descriptor '/root/ros2_ws/install/task3_tester/share/task3_tester/hook/ament_prefix_path.dsv'
[0.899s] INFO:colcon.colcon_core.shell:Creating environment hook '/root/ros2_ws/install/task3_tester/share/task3_tester/hook/ament_prefix_path.sh'
[0.899s] INFO:colcon.colcon_core.shell:Skip shell extension 'powershell' for command environment: Not usable outside of PowerShell
[0.900s] DEBUG:colcon.colcon_core.shell:Skip shell extension 'dsv' for command environment
[0.903s] Level 1:colcon.colcon_core.environment:create_environment_scripts_only(task4)
[0.903s] Level 1:colcon.colcon_core.environment:checking '/root/ros2_ws/install/task4' for CMake module files
[0.903s] DEBUG:colcon.colcon_core.event_handler.log_command:Invoked command in '/root/ros2_ws/build/task4' returned '0': CMAKE_PREFIX_PATH=${CMAKE_PREFIX_PATH}:/root/ros2_ws/install/task4_tester:/root/ros2_ws/install/task3_tester:/root/ros2_ws/install/task2_tester:/root/ros2_ws/install/task1:/root/ros2_ws/install/py_srvcli:/root/ros2_ws/install/py_pubsub:/root/ros2_ws/install/my_action_pkg:/root/ros2_ws/install/launch_testing_examples:/root/ros2_ws/install/examples_rclpy_pointcloud_publisher:/root/ros2_ws/install/examples_rclpy_minimal_subscriber:/root/ros2_ws/install/examples_rclpy_minimal_service:/root/ros2_ws/install/examples_rclpy_minimal_publisher:/root/ros2_ws/install/examples_rclpy_minimal_client:/root/ros2_ws/install/examples_rclpy_minimal_action_server:/root/ros2_ws/install/examples_rclpy_minimal_action_client:/root/ros2_ws/install/examples_rclpy_guard_conditions:/root/ros2_ws/install/examples_rclpy_executors:/root/ros2_ws/src/task1/install/task1:/opt/ros/humble /usr/bin/cmake --install /root/ros2_ws/build/task4
[0.904s] Level 1:colcon.colcon_core.environment:checking '/root/ros2_ws/install/task4' for CMake config files
[0.904s] Level 1:colcon.colcon_core.shell:create_environment_hook('task4', 'cmake_prefix_path')
[0.904s] INFO:colcon.colcon_core.shell:Creating environment hook '/root/ros2_ws/install/task4/share/task4/hook/cmake_prefix_path.ps1'
[0.904s] INFO:colcon.colcon_core.shell:Creating environment descriptor '/root/ros2_ws/install/task4/share/task4/hook/cmake_prefix_path.dsv'
[0.905s] INFO:colcon.colcon_core.shell:Creating environment hook '/root/ros2_ws/install/task4/share/task4/hook/cmake_prefix_path.sh'
[0.905s] Level 1:colcon.colcon_core.environment:checking '/root/ros2_ws/install/task4/lib'
[0.905s] Level 1:colcon.colcon_core.shell:create_environment_hook('task4', 'ld_library_path_lib')
[0.905s] INFO:colcon.colcon_core.shell:Creating environment hook '/root/ros2_ws/install/task4/share/task4/hook/ld_library_path_lib.ps1'
[0.905s] INFO:colcon.colcon_core.shell:Creating environment descriptor '/root/ros2_ws/install/task4/share/task4/hook/ld_library_path_lib.dsv'
[0.906s] INFO:colcon.colcon_core.shell:Creating environment hook '/root/ros2_ws/install/task4/share/task4/hook/ld_library_path_lib.sh'
[0.906s] Level 1:colcon.colcon_core.environment:checking '/root/ros2_ws/install/task4/bin'
[0.906s] Level 1:colcon.colcon_core.environment:checking '/root/ros2_ws/install/task4/lib/pkgconfig/task4.pc'
[0.906s] Level 1:colcon.colcon_core.environment:checking '/root/ros2_ws/install/task4/lib/python3.10/site-packages'
[0.906s] Level 1:colcon.colcon_core.environment:checking '/root/ros2_ws/install/task4/bin'
[0.906s] INFO:colcon.colcon_core.shell:Creating package script '/root/ros2_ws/install/task4/share/task4/package.ps1'
[0.907s] INFO:colcon.colcon_core.shell:Creating package descriptor '/root/ros2_ws/install/task4/share/task4/package.dsv'
[0.907s] INFO:colcon.colcon_core.shell:Creating package script '/root/ros2_ws/install/task4/share/task4/package.sh'
[0.907s] INFO:colcon.colcon_core.shell:Creating package script '/root/ros2_ws/install/task4/share/task4/package.bash'
[0.907s] INFO:colcon.colcon_core.shell:Creating package script '/root/ros2_ws/install/task4/share/task4/package.zsh'
[0.908s] Level 1:colcon.colcon_core.environment:create_file_with_runtime_dependencies(/root/ros2_ws/install/task4/share/colcon-core/packages/task4)
[0.908s] Level 1:colcon.colcon_core.environment:create_environment_scripts_only(task4)
[0.908s] Level 1:colcon.colcon_core.environment:checking '/root/ros2_ws/install/task4' for CMake module files
[0.908s] Level 1:colcon.colcon_core.environment:checking '/root/ros2_ws/install/task4' for CMake config files
[0.909s] Level 1:colcon.colcon_core.shell:create_environment_hook('task4', 'cmake_prefix_path')
[0.909s] INFO:colcon.colcon_core.shell:Creating environment hook '/root/ros2_ws/install/task4/share/task4/hook/cmake_prefix_path.ps1'
[0.909s] INFO:colcon.colcon_core.shell:Creating environment descriptor '/root/ros2_ws/install/task4/share/task4/hook/cmake_prefix_path.dsv'
[0.909s] INFO:colcon.colcon_core.shell:Creating environment hook '/root/ros2_ws/install/task4/share/task4/hook/cmake_prefix_path.sh'
[0.910s] Level 1:colcon.colcon_core.environment:checking '/root/ros2_ws/install/task4/lib'
[0.910s] Level 1:colcon.colcon_core.shell:create_environment_hook('task4', 'ld_library_path_lib')
[0.910s] INFO:colcon.colcon_core.shell:Creating environment hook '/root/ros2_ws/install/task4/share/task4/hook/ld_library_path_lib.ps1'
[0.910s] INFO:colcon.colcon_core.shell:Creating environment descriptor '/root/ros2_ws/install/task4/share/task4/hook/ld_library_path_lib.dsv'
[0.910s] INFO:colcon.colcon_core.shell:Creating environment hook '/root/ros2_ws/install/task4/share/task4/hook/ld_library_path_lib.sh'
[0.911s] Level 1:colcon.colcon_core.environment:checking '/root/ros2_ws/install/task4/bin'
[0.911s] Level 1:colcon.colcon_core.environment:checking '/root/ros2_ws/install/task4/lib/pkgconfig/task4.pc'
[0.911s] Level 1:colcon.colcon_core.environment:checking '/root/ros2_ws/install/task4/lib/python3.10/site-packages'
[0.911s] Level 1:colcon.colcon_core.environment:checking '/root/ros2_ws/install/task4/bin'
[0.911s] INFO:colcon.colcon_core.shell:Creating package script '/root/ros2_ws/install/task4/share/task4/package.ps1'
[0.912s] INFO:colcon.colcon_core.shell:Creating package descriptor '/root/ros2_ws/install/task4/share/task4/package.dsv'
[0.912s] INFO:colcon.colcon_core.shell:Creating package script '/root/ros2_ws/install/task4/share/task4/package.sh'
[0.912s] INFO:colcon.colcon_core.shell:Creating package script '/root/ros2_ws/install/task4/share/task4/package.bash'
[0.912s] INFO:colcon.colcon_core.shell:Creating package script '/root/ros2_ws/install/task4/share/task4/package.zsh'
[0.912s] Level 1:colcon.colcon_core.environment:create_file_with_runtime_dependencies(/root/ros2_ws/install/task4/share/colcon-core/packages/task4)
[1.077s] INFO:colcon.colcon_core.task.python.build:Building Python package in '/root/ros2_ws/src/task5_tester'
[1.077s] INFO:colcon.colcon_core.shell:Skip shell extension 'powershell' for command environment: Not usable outside of PowerShell
[1.077s] DEBUG:colcon.colcon_core.shell:Skip shell extension 'dsv' for command environment
[1.244s] INFO:colcon.colcon_core.task.python.build:Building Python package in '/root/ros2_ws/src/task3_tester'
[1.244s] INFO:colcon.colcon_core.shell:Skip shell extension 'powershell' for command environment: Not usable outside of PowerShell
[1.244s] DEBUG:colcon.colcon_core.shell:Skip shell extension 'dsv' for command environment
[1.251s] DEBUG:colcon.colcon_core.event_handler.log_command:Invoking command in '/root/ros2_ws/src/task1': PYTHONPATH=/root/ros2_ws/build/task1/prefix_override:/usr/lib/python3/dist-packages/colcon_core/task/python/colcon_distutils_commands:/root/ros2_ws/install/task1/lib/python3.10/site-packages:${PYTHONPATH} /usr/bin/python3 -W ignore:setup.py install is deprecated -W ignore:easy_install command is deprecated setup.py egg_info --egg-base ../../build/task1 build --build-base /root/ros2_ws/build/task1/build install --record /root/ros2_ws/build/task1/install.log --single-version-externally-managed install_data
[1.252s] DEBUG:colcon.colcon_core.event_handler.log_command:Invoking command in '/root/ros2_ws/src/task2_tester': PYTHONPATH=/root/ros2_ws/build/task2_tester/prefix_override:/usr/lib/python3/dist-packages/colcon_core/task/python/colcon_distutils_commands:/root/ros2_ws/install/task2_tester/lib/python3.10/site-packages:${PYTHONPATH} /usr/bin/python3 -W ignore:setup.py install is deprecated -W ignore:easy_install command is deprecated setup.py egg_info --egg-base ../../build/task2_tester build --build-base /root/ros2_ws/build/task2_tester/build install --record /root/ros2_ws/build/task2_tester/install.log --single-version-externally-managed install_data
[1.253s] DEBUG:colcon.colcon_core.event_handler.log_command:Invoking command in '/root/ros2_ws/src/task4_tester': PYTHONPATH=/root/ros2_ws/build/task4_tester/prefix_override:/usr/lib/python3/dist-packages/colcon_core/task/python/colcon_distutils_commands:/root/ros2_ws/install/task4_tester/lib/python3.10/site-packages:${PYTHONPATH} /usr/bin/python3 -W ignore:setup.py install is deprecated -W ignore:easy_install command is deprecated setup.py egg_info --egg-base ../../build/task4_tester build --build-base /root/ros2_ws/build/task4_tester/build install --record /root/ros2_ws/build/task4_tester/install.log --single-version-externally-managed install_data
[1.440s] Level 1:colcon.colcon_core.environment:checking '/root/ros2_ws/install/task4_tester' for CMake module files
[1.440s] DEBUG:colcon.colcon_core.event_handler.log_command:Invoked command in '/root/ros2_ws/src/task4_tester' returned '0': PYTHONPATH=/root/ros2_ws/build/task4_tester/prefix_override:/usr/lib/python3/dist-packages/colcon_core/task/python/colcon_distutils_commands:/root/ros2_ws/install/task4_tester/lib/python3.10/site-packages:${PYTHONPATH} /usr/bin/python3 -W ignore:setup.py install is deprecated -W ignore:easy_install command is deprecated setup.py egg_info --egg-base ../../build/task4_tester build --build-base /root/ros2_ws/build/task4_tester/build install --record /root/ros2_ws/build/task4_tester/install.log --single-version-externally-managed install_data
[1.441s] Level 1:colcon.colcon_core.environment:checking '/root/ros2_ws/install/task4_tester' for CMake config files
[1.441s] Level 1:colcon.colcon_core.environment:checking '/root/ros2_ws/install/task4_tester/lib'
[1.441s] Level 1:colcon.colcon_core.environment:checking '/root/ros2_ws/install/task4_tester/bin'
[1.441s] Level 1:colcon.colcon_core.environment:checking '/root/ros2_ws/install/task4_tester/lib/pkgconfig/task4_tester.pc'
[1.441s] Level 1:colcon.colcon_core.environment:checking '/root/ros2_ws/install/task4_tester/lib/python3.10/site-packages'
[1.441s] Level 1:colcon.colcon_core.shell:create_environment_hook('task4_tester', 'pythonpath')
[1.441s] INFO:colcon.colcon_core.shell:Creating environment hook '/root/ros2_ws/install/task4_tester/share/task4_tester/hook/pythonpath.ps1'
[1.442s] INFO:colcon.colcon_core.shell:Creating environment descriptor '/root/ros2_ws/install/task4_tester/share/task4_tester/hook/pythonpath.dsv'
[1.442s] INFO:colcon.colcon_core.shell:Creating environment hook '/root/ros2_ws/install/task4_tester/share/task4_tester/hook/pythonpath.sh'
[1.442s] Level 1:colcon.colcon_core.environment:checking '/root/ros2_ws/install/task4_tester/bin'
[1.442s] Level 1:colcon.colcon_core.environment:create_environment_scripts_only(task4_tester)
[1.442s] INFO:colcon.colcon_core.shell:Creating package script '/root/ros2_ws/install/task4_tester/share/task4_tester/package.ps1'
[1.443s] INFO:colcon.colcon_core.shell:Creating package descriptor '/root/ros2_ws/install/task4_tester/share/task4_tester/package.dsv'
[1.443s] INFO:colcon.colcon_core.shell:Creating package script '/root/ros2_ws/install/task4_tester/share/task4_tester/package.sh'
[1.443s] INFO:colcon.colcon_core.shell:Creating package script '/root/ros2_ws/install/task4_tester/share/task4_tester/package.bash'
[1.443s] INFO:colcon.colcon_core.shell:Creating package script '/root/ros2_ws/install/task4_tester/share/task4_tester/package.zsh'
[1.444s] Level 1:colcon.colcon_core.environment:create_file_with_runtime_dependencies(/root/ros2_ws/install/task4_tester/share/colcon-core/packages/task4_tester)
[1.444s] Level 1:colcon.colcon_core.environment:checking '/root/ros2_ws/install/task1' for CMake module files
[1.445s] DEBUG:colcon.colcon_core.event_handler.log_command:Invoked command in '/root/ros2_ws/src/task1' returned '0': PYTHONPATH=/root/ros2_ws/build/task1/prefix_override:/usr/lib/python3/dist-packages/colcon_core/task/python/colcon_distutils_commands:/root/ros2_ws/install/task1/lib/python3.10/site-packages:${PYTHONPATH} /usr/bin/python3 -W ignore:setup.py install is deprecated -W ignore:easy_install command is deprecated setup.py egg_info --egg-base ../../build/task1 build --build-base /root/ros2_ws/build/task1/build install --record /root/ros2_ws/build/task1/install.log --single-version-externally-managed install_data
[1.445s] Level 1:colcon.colcon_core.environment:checking '/root/ros2_ws/install/task1' for CMake config files
[1.445s] Level 1:colcon.colcon_core.environment:checking '/root/ros2_ws/install/task1/lib'
[1.445s] Level 1:colcon.colcon_core.environment:checking '/root/ros2_ws/install/task1/bin'
[1.445s] Level 1:colcon.colcon_core.environment:checking '/root/ros2_ws/install/task1/lib/pkgconfig/task1.pc'
[1.446s] Level 1:colcon.colcon_core.environment:checking '/root/ros2_ws/install/task1/lib/python3.10/site-packages'
[1.446s] Level 1:colcon.colcon_core.shell:create_environment_hook('task1', 'pythonpath')
[1.446s] INFO:colcon.colcon_core.shell:Creating environment hook '/root/ros2_ws/install/task1/share/task1/hook/pythonpath.ps1'
[1.446s] INFO:colcon.colcon_core.shell:Creating environment descriptor '/root/ros2_ws/install/task1/share/task1/hook/pythonpath.dsv'
[1.446s] INFO:colcon.colcon_core.shell:Creating environment hook '/root/ros2_ws/install/task1/share/task1/hook/pythonpath.sh'
[1.447s] Level 1:colcon.colcon_core.environment:checking '/root/ros2_ws/install/task1/bin'
[1.447s] Level 1:colcon.colcon_core.environment:create_environment_scripts_only(task1)
[1.447s] INFO:colcon.colcon_core.shell:Creating package script '/root/ros2_ws/install/task1/share/task1/package.ps1'
[1.447s] INFO:colcon.colcon_core.shell:Creating package descriptor '/root/ros2_ws/install/task1/share/task1/package.dsv'
[1.447s] INFO:colcon.colcon_core.shell:Creating package script '/root/ros2_ws/install/task1/share/task1/package.sh'
[1.448s] INFO:colcon.colcon_core.shell:Creating package script '/root/ros2_ws/install/task1/share/task1/package.bash'
[1.448s] INFO:colcon.colcon_core.shell:Creating package script '/root/ros2_ws/install/task1/share/task1/package.zsh'
[1.448s] Level 1:colcon.colcon_core.environment:create_file_with_runtime_dependencies(/root/ros2_ws/install/task1/share/colcon-core/packages/task1)
[1.448s] Level 1:colcon.colcon_core.environment:checking '/root/ros2_ws/install/task2_tester' for CMake module files
[1.449s] DEBUG:colcon.colcon_core.event_handler.log_command:Invoked command in '/root/ros2_ws/src/task2_tester' returned '0': PYTHONPATH=/root/ros2_ws/build/task2_tester/prefix_override:/usr/lib/python3/dist-packages/colcon_core/task/python/colcon_distutils_commands:/root/ros2_ws/install/task2_tester/lib/python3.10/site-packages:${PYTHONPATH} /usr/bin/python3 -W ignore:setup.py install is deprecated -W ignore:easy_install command is deprecated setup.py egg_info --egg-base ../../build/task2_tester build --build-base /root/ros2_ws/build/task2_tester/build install --record /root/ros2_ws/build/task2_tester/install.log --single-version-externally-managed install_data
[1.449s] Level 1:colcon.colcon_core.environment:checking '/root/ros2_ws/install/task2_tester' for CMake config files
[1.449s] Level 1:colcon.colcon_core.environment:checking '/root/ros2_ws/install/task2_tester/lib'
[1.449s] Level 1:colcon.colcon_core.environment:checking '/root/ros2_ws/install/task2_tester/bin'
[1.449s] Level 1:colcon.colcon_core.environment:checking '/root/ros2_ws/install/task2_tester/lib/pkgconfig/task2_tester.pc'
[1.449s] Level 1:colcon.colcon_core.environment:checking '/root/ros2_ws/install/task2_tester/lib/python3.10/site-packages'
[1.449s] Level 1:colcon.colcon_core.shell:create_environment_hook('task2_tester', 'pythonpath')
[1.450s] INFO:colcon.colcon_core.shell:Creating environment hook '/root/ros2_ws/install/task2_tester/share/task2_tester/hook/pythonpath.ps1'
[1.450s] INFO:colcon.colcon_core.shell:Creating environment descriptor '/root/ros2_ws/install/task2_tester/share/task2_tester/hook/pythonpath.dsv'
[1.450s] INFO:colcon.colcon_core.shell:Creating environment hook '/root/ros2_ws/install/task2_tester/share/task2_tester/hook/pythonpath.sh'
[1.450s] Level 1:colcon.colcon_core.environment:checking '/root/ros2_ws/install/task2_tester/bin'
[1.450s] Level 1:colcon.colcon_core.environment:create_environment_scripts_only(task2_tester)
[1.451s] INFO:colcon.colcon_core.shell:Creating package script '/root/ros2_ws/install/task2_tester/share/task2_tester/package.ps1'
[1.451s] INFO:colcon.colcon_core.shell:Creating package descriptor '/root/ros2_ws/install/task2_tester/share/task2_tester/package.dsv'
[1.451s] INFO:colcon.colcon_core.shell:Creating package script '/root/ros2_ws/install/task2_tester/share/task2_tester/package.sh'
[1.451s] INFO:colcon.colcon_core.shell:Creating package script '/root/ros2_ws/install/task2_tester/share/task2_tester/package.bash'
[1.452s] INFO:colcon.colcon_core.shell:Creating package script '/root/ros2_ws/install/task2_tester/share/task2_tester/package.zsh'
[1.452s] Level 1:colcon.colcon_core.environment:create_file_with_runtime_dependencies(/root/ros2_ws/install/task2_tester/share/colcon-core/packages/task2_tester)
[1.489s] DEBUG:colcon.colcon_core.event_handler.log_command:Invoking command in '/root/ros2_ws/src/task3_tester': CMAKE_PREFIX_PATH=/root/ros2_ws/install/task3:/root/ros2_ws/install/task4:/root/ros2_ws/install/action_tutorials_interfaces:/root/ros2_ws/install/task2:/root/ros2_ws/install/examples_rclcpp_wait_set:/root/ros2_ws/install/examples_rclcpp_cbg_executor:/root/ros2_ws/install/examples_rclcpp_async_client LD_LIBRARY_PATH=/root/ros2_ws/install/task3/lib:/root/ros2_ws/install/task4/lib:/root/ros2_ws/install/task2/lib:/root/ros2_ws/install/examples_rclcpp_wait_set/lib:/opt/ros/humble/opt/rviz_ogre_vendor/lib:/opt/ros/humble/lib/x86_64-linux-gnu:/opt/ros/humble/lib PYTHONPATH=/root/ros2_ws/build/task3_tester/prefix_override:/usr/lib/python3/dist-packages/colcon_core/task/python/colcon_distutils_commands:/root/ros2_ws/install/task3_tester/lib/python3.10/site-packages:${PYTHONPATH} /usr/bin/python3 -W ignore:setup.py install is deprecated -W ignore:easy_install command is deprecated setup.py egg_info --egg-base ../../build/task3_tester build --build-base /root/ros2_ws/build/task3_tester/build install --record /root/ros2_ws/build/task3_tester/install.log --single-version-externally-managed install_data
[1.490s] DEBUG:colcon.colcon_core.event_handler.log_command:Invoking command in '/root/ros2_ws/src/task5_tester': AMENT_PREFIX_PATH=/root/ros2_ws/install/task5:${AMENT_PREFIX_PATH} CMAKE_PREFIX_PATH=/root/ros2_ws/install/task5:${CMAKE_PREFIX_PATH} LD_LIBRARY_PATH=/root/ros2_ws/install/task5/lib:${LD_LIBRARY_PATH} PYTHONPATH=/root/ros2_ws/build/task5_tester/prefix_override:/usr/lib/python3/dist-packages/colcon_core/task/python/colcon_distutils_commands:/root/ros2_ws/install/task5_tester/lib/python3.10/site-packages:/root/ros2_ws/install/task5/local/lib/python3.10/dist-packages:${PYTHONPATH} /usr/bin/python3 -W ignore:setup.py install is deprecated -W ignore:easy_install command is deprecated setup.py egg_info --egg-base ../../build/task5_tester build --build-base /root/ros2_ws/build/task5_tester/build install --record /root/ros2_ws/build/task5_tester/install.log --single-version-externally-managed install_data
[1.674s] Level 1:colcon.colcon_core.environment:checking '/root/ros2_ws/install/task3_tester' for CMake module files
[1.675s] DEBUG:colcon.colcon_core.event_handler.log_command:Invoked command in '/root/ros2_ws/src/task3_tester' returned '0': CMAKE_PREFIX_PATH=/root/ros2_ws/install/task3:/root/ros2_ws/install/task4:/root/ros2_ws/install/action_tutorials_interfaces:/root/ros2_ws/install/task2:/root/ros2_ws/install/examples_rclcpp_wait_set:/root/ros2_ws/install/examples_rclcpp_cbg_executor:/root/ros2_ws/install/examples_rclcpp_async_client LD_LIBRARY_PATH=/root/ros2_ws/install/task3/lib:/root/ros2_ws/install/task4/lib:/root/ros2_ws/install/task2/lib:/root/ros2_ws/install/examples_rclcpp_wait_set/lib:/opt/ros/humble/opt/rviz_ogre_vendor/lib:/opt/ros/humble/lib/x86_64-linux-gnu:/opt/ros/humble/lib PYTHONPATH=/root/ros2_ws/build/task3_tester/prefix_override:/usr/lib/python3/dist-packages/colcon_core/task/python/colcon_distutils_commands:/root/ros2_ws/install/task3_tester/lib/python3.10/site-packages:${PYTHONPATH} /usr/bin/python3 -W ignore:setup.py install is deprecated -W ignore:easy_install command is deprecated setup.py egg_info --egg-base ../../build/task3_tester build --build-base /root/ros2_ws/build/task3_tester/build install --record /root/ros2_ws/build/task3_tester/install.log --single-version-externally-managed install_data
[1.675s] Level 1:colcon.colcon_core.environment:checking '/root/ros2_ws/install/task3_tester' for CMake config files
[1.675s] Level 1:colcon.colcon_core.environment:checking '/root/ros2_ws/install/task3_tester/lib'
[1.676s] Level 1:colcon.colcon_core.environment:checking '/root/ros2_ws/install/task3_tester/bin'
[1.676s] Level 1:colcon.colcon_core.environment:checking '/root/ros2_ws/install/task3_tester/lib/pkgconfig/task3_tester.pc'
[1.676s] Level 1:colcon.colcon_core.environment:checking '/root/ros2_ws/install/task3_tester/lib/python3.10/site-packages'
[1.676s] Level 1:colcon.colcon_core.shell:create_environment_hook('task3_tester', 'pythonpath')
[1.676s] INFO:colcon.colcon_core.shell:Creating environment hook '/root/ros2_ws/install/task3_tester/share/task3_tester/hook/pythonpath.ps1'
[1.676s] INFO:colcon.colcon_core.shell:Creating environment descriptor '/root/ros2_ws/install/task3_tester/share/task3_tester/hook/pythonpath.dsv'
[1.676s] INFO:colcon.colcon_core.shell:Creating environment hook '/root/ros2_ws/install/task3_tester/share/task3_tester/hook/pythonpath.sh'
[1.677s] Level 1:colcon.colcon_core.environment:checking '/root/ros2_ws/install/task3_tester/bin'
[1.677s] Level 1:colcon.colcon_core.environment:create_environment_scripts_only(task3_tester)
[1.677s] INFO:colcon.colcon_core.shell:Creating package script '/root/ros2_ws/install/task3_tester/share/task3_tester/package.ps1'
[1.677s] INFO:colcon.colcon_core.shell:Creating package descriptor '/root/ros2_ws/install/task3_tester/share/task3_tester/package.dsv'
[1.678s] INFO:colcon.colcon_core.shell:Creating package script '/root/ros2_ws/install/task3_tester/share/task3_tester/package.sh'
[1.678s] INFO:colcon.colcon_core.shell:Creating package script '/root/ros2_ws/install/task3_tester/share/task3_tester/package.bash'
[1.678s] INFO:colcon.colcon_core.shell:Creating package script '/root/ros2_ws/install/task3_tester/share/task3_tester/package.zsh'
[1.678s] Level 1:colcon.colcon_core.environment:create_file_with_runtime_dependencies(/root/ros2_ws/install/task3_tester/share/colcon-core/packages/task3_tester)
[1.679s] Level 1:colcon.colcon_core.environment:checking '/root/ros2_ws/install/task5_tester' for CMake module files
[1.680s] Level 1:colcon.colcon_core.environment:checking '/root/ros2_ws/install/task5_tester' for CMake config files
[1.680s] DEBUG:colcon.colcon_core.event_handler.log_command:Invoked command in '/root/ros2_ws/src/task5_tester' returned '0': AMENT_PREFIX_PATH=/root/ros2_ws/install/task5:${AMENT_PREFIX_PATH} CMAKE_PREFIX_PATH=/root/ros2_ws/install/task5:${CMAKE_PREFIX_PATH} LD_LIBRARY_PATH=/root/ros2_ws/install/task5/lib:${LD_LIBRARY_PATH} PYTHONPATH=/root/ros2_ws/build/task5_tester/prefix_override:/usr/lib/python3/dist-packages/colcon_core/task/python/colcon_distutils_commands:/root/ros2_ws/install/task5_tester/lib/python3.10/site-packages:/root/ros2_ws/install/task5/local/lib/python3.10/dist-packages:${PYTHONPATH} /usr/bin/python3 -W ignore:setup.py install is deprecated -W ignore:easy_install command is deprecated setup.py egg_info --egg-base ../../build/task5_tester build --build-base /root/ros2_ws/build/task5_tester/build install --record /root/ros2_ws/build/task5_tester/install.log --single-version-externally-managed install_data
[1.680s] Level 1:colcon.colcon_core.environment:checking '/root/ros2_ws/install/task5_tester/lib'
[1.680s] Level 1:colcon.colcon_core.environment:checking '/root/ros2_ws/install/task5_tester/bin'
[1.680s] Level 1:colcon.colcon_core.environment:checking '/root/ros2_ws/install/task5_tester/lib/pkgconfig/task5_tester.pc'
[1.680s] Level 1:colcon.colcon_core.environment:checking '/root/ros2_ws/install/task5_tester/lib/python3.10/site-packages'
[1.680s] Level 1:colcon.colcon_core.shell:create_environment_hook('task5_tester', 'pythonpath')
[1.681s] INFO:colcon.colcon_core.shell:Creating environment hook '/root/ros2_ws/install/task5_tester/share/task5_tester/hook/pythonpath.ps1'
[1.681s] INFO:colcon.colcon_core.shell:Creating environment descriptor '/root/ros2_ws/install/task5_tester/share/task5_tester/hook/pythonpath.dsv'
[1.681s] INFO:colcon.colcon_core.shell:Creating environment hook '/root/ros2_ws/install/task5_tester/share/task5_tester/hook/pythonpath.sh'
[1.681s] Level 1:colcon.colcon_core.environment:checking '/root/ros2_ws/install/task5_tester/bin'
[1.681s] Level 1:colcon.colcon_core.environment:create_environment_scripts_only(task5_tester)
[1.682s] INFO:colcon.colcon_core.shell:Creating package script '/root/ros2_ws/install/task5_tester/share/task5_tester/package.ps1'
[1.682s] INFO:colcon.colcon_core.shell:Creating package descriptor '/root/ros2_ws/install/task5_tester/share/task5_tester/package.dsv'
[1.682s] INFO:colcon.colcon_core.shell:Creating package script '/root/ros2_ws/install/task5_tester/share/task5_tester/package.sh'
[1.682s] INFO:colcon.colcon_core.shell:Creating package script '/root/ros2_ws/install/task5_tester/share/task5_tester/package.bash'
[1.683s] INFO:colcon.colcon_core.shell:Creating package script '/root/ros2_ws/install/task5_tester/share/task5_tester/package.zsh'
[1.683s] Level 1:colcon.colcon_core.environment:create_file_with_runtime_dependencies(/root/ros2_ws/install/task5_tester/share/colcon-core/packages/task5_tester)
[1.683s] DEBUG:colcon.colcon_parallel_executor.executor.parallel:closing loop
[1.683s] DEBUG:colcon.colcon_parallel_executor.executor.parallel:loop closed
[1.683s] DEBUG:colcon.colcon_parallel_executor.executor.parallel:run_until_complete finished with '0'
[1.683s] DEBUG:colcon.colcon_core.event_reactor:joining thread
[1.687s] INFO:colcon.colcon_core.plugin_system:Skipping extension 'colcon_notification.desktop_notification.notify_send': Could not find 'notify-send'
[1.687s] INFO:colcon.colcon_core.plugin_system:Skipping extension 'colcon_notification.desktop_notification.terminal_notifier': Not used on non-Darwin systems
[1.687s] INFO:colcon.colcon_core.plugin_system:Skipping extension 'colcon_notification.desktop_notification.win32': Not used on non-Windows systems
[1.687s] INFO:colcon.colcon_notification.desktop_notification:Sending desktop notification using 'notify2'
[1.689s] DEBUG:colcon.colcon_notification.desktop_notification.notify2:Failed to initialize notify2: org.freedesktop.DBus.Error.Spawn.ExecFailed: /usr/bin/dbus-launch terminated abnormally without any error message
[1.689s] DEBUG:colcon.colcon_core.event_reactor:joined thread
[1.690s] INFO:colcon.colcon_core.shell:Creating prefix script '/root/ros2_ws/install/local_setup.ps1'
[1.690s] INFO:colcon.colcon_core.shell:Creating prefix util module '/root/ros2_ws/install/_local_setup_util_ps1.py'
[1.691s] INFO:colcon.colcon_core.shell:Creating prefix chain script '/root/ros2_ws/install/setup.ps1'
[1.692s] INFO:colcon.colcon_core.shell:Creating prefix script '/root/ros2_ws/install/local_setup.sh'
[1.693s] INFO:colcon.colcon_core.shell:Creating prefix util module '/root/ros2_ws/install/_local_setup_util_sh.py'
[1.693s] INFO:colcon.colcon_core.shell:Creating prefix chain script '/root/ros2_ws/install/setup.sh'
[1.694s] INFO:colcon.colcon_core.shell:Creating prefix script '/root/ros2_ws/install/local_setup.bash'
[1.694s] INFO:colcon.colcon_core.shell:Creating prefix chain script '/root/ros2_ws/install/setup.bash'
[1.695s] INFO:colcon.colcon_core.shell:Creating prefix script '/root/ros2_ws/install/local_setup.zsh'
[1.695s] INFO:colcon.colcon_core.shell:Creating prefix chain script '/root/ros2_ws/install/setup.zsh'
