[0.121s] DEBUG:colcon:Command line arguments: ['/usr/bin/colcon', 'build']
[0.122s] DEBUG:colcon:Parsed command line arguments: Namespace(log_base=None, log_level=None, verb_name='build', build_base='build', install_base='install', merge_install=False, symlink_install=False, test_result_base=None, continue_on_error=False, executor='parallel', parallel_workers=28, event_handlers=None, ignore_user_meta=False, metas=['./colcon.meta'], base_paths=['.'], packages_ignore=None, packages_ignore_regex=None, paths=None, packages_up_to=None, packages_up_to_regex=None, packages_above=None, packages_above_and_dependencies=None, packages_above_depth=None, packages_select_by_dep=None, packages_skip_by_dep=None, packages_skip_up_to=None, packages_select_build_failed=False, packages_skip_build_finished=False, packages_select_test_failures=False, packages_skip_test_passed=False, packages_select=None, packages_skip=None, packages_select_regex=None, packages_skip_regex=None, packages_start=None, packages_end=None, cmake_args=None, cmake_target=None, cmake_target_skip_unavailable=False, cmake_clean_cache=False, cmake_clean_first=False, cmake_force_configure=False, ament_cmake_args=None, catkin_cmake_args=None, catkin_skip_building_tests=False, mixin_files=None, mixin=None, verb_parser=<colcon_mixin.mixin.mixin_argument.MixinArgumentDecorator object at 0x7dcf67f75690>, verb_extension=<colcon_core.verb.build.BuildVerb object at 0x7dcf67f75120>, main=<bound method BuildVerb.main of <colcon_core.verb.build.BuildVerb object at 0x7dcf67f75120>>, mixin_verb=('build',))
[0.268s] Level 1:colcon.colcon_core.package_discovery:discover_packages(colcon_meta) check parameters
[0.269s] INFO:colcon.colcon_metadata.package_discovery.colcon_meta:Using configuration from '/root/.colcon/metadata/default/Gazebo.meta'
[0.269s] INFO:colcon.colcon_metadata.package_discovery.colcon_meta:Using configuration from '/root/.colcon/metadata/default/fastdds.meta'
[0.269s] INFO:colcon.colcon_metadata.package_discovery.colcon_meta:Using configuration from '/root/.colcon/metadata/default/fastrtps.meta'
[0.269s] Level 1:colcon.colcon_core.package_discovery:discover_packages(recursive) check parameters
[0.269s] Level 1:colcon.colcon_core.package_discovery:discover_packages(ignore) check parameters
[0.269s] Level 1:colcon.colcon_core.package_discovery:discover_packages(path) check parameters
[0.270s] Level 1:colcon.colcon_core.package_discovery:discover_packages(colcon_meta) discover
[0.270s] Level 1:colcon.colcon_core.package_discovery:discover_packages(recursive) discover
[0.270s] INFO:colcon.colcon_core.package_discovery:Crawling recursively for packages in '/root/ros2_ws'
[0.270s] Level 1:colcon.colcon_core.package_identification:_identify(.) by extensions ['ignore', 'ignore_ament_install']
[0.270s] Level 1:colcon.colcon_core.package_identification:_identify(.) by extension 'ignore'
[0.270s] Level 1:colcon.colcon_core.package_identification:_identify(.) by extension 'ignore_ament_install'
[0.270s] Level 1:colcon.colcon_core.package_identification:_identify(.) by extensions ['colcon_pkg']
[0.270s] Level 1:colcon.colcon_core.package_identification:_identify(.) by extension 'colcon_pkg'
[0.270s] Level 1:colcon.colcon_core.package_identification:_identify(.) by extensions ['colcon_meta']
[0.270s] Level 1:colcon.colcon_core.package_identification:_identify(.) by extension 'colcon_meta'
[0.270s] Level 1:colcon.colcon_core.package_identification:_identify(.) by extensions ['ros']
[0.270s] Level 1:colcon.colcon_core.package_identification:_identify(.) by extension 'ros'
[0.281s] Level 1:colcon.colcon_core.package_identification:_identify(.) by extensions ['cmake', 'python']
[0.281s] Level 1:colcon.colcon_core.package_identification:_identify(.) by extension 'cmake'
[0.281s] Level 1:colcon.colcon_core.package_identification:_identify(.) by extension 'python'
[0.281s] Level 1:colcon.colcon_core.package_identification:_identify(.) by extensions ['python_setup_py']
[0.281s] Level 1:colcon.colcon_core.package_identification:_identify(.) by extension 'python_setup_py'
[0.281s] Level 1:colcon.colcon_core.package_identification:_identify(build) by extensions ['ignore', 'ignore_ament_install']
[0.281s] Level 1:colcon.colcon_core.package_identification:_identify(build) by extension 'ignore'
[0.281s] Level 1:colcon.colcon_core.package_identification:_identify(build) ignored
[0.282s] Level 1:colcon.colcon_core.package_identification:_identify(install) by extensions ['ignore', 'ignore_ament_install']
[0.282s] Level 1:colcon.colcon_core.package_identification:_identify(install) by extension 'ignore'
[0.282s] Level 1:colcon.colcon_core.package_identification:_identify(install) ignored
[0.282s] Level 1:colcon.colcon_core.package_identification:_identify(launch) by extensions ['ignore', 'ignore_ament_install']
[0.282s] Level 1:colcon.colcon_core.package_identification:_identify(launch) by extension 'ignore'
[0.282s] Level 1:colcon.colcon_core.package_identification:_identify(launch) by extension 'ignore_ament_install'
[0.282s] Level 1:colcon.colcon_core.package_identification:_identify(launch) by extensions ['colcon_pkg']
[0.282s] Level 1:colcon.colcon_core.package_identification:_identify(launch) by extension 'colcon_pkg'
[0.282s] Level 1:colcon.colcon_core.package_identification:_identify(launch) by extensions ['colcon_meta']
[0.282s] Level 1:colcon.colcon_core.package_identification:_identify(launch) by extension 'colcon_meta'
[0.282s] Level 1:colcon.colcon_core.package_identification:_identify(launch) by extensions ['ros']
[0.282s] Level 1:colcon.colcon_core.package_identification:_identify(launch) by extension 'ros'
[0.282s] Level 1:colcon.colcon_core.package_identification:_identify(launch) by extensions ['cmake', 'python']
[0.282s] Level 1:colcon.colcon_core.package_identification:_identify(launch) by extension 'cmake'
[0.282s] Level 1:colcon.colcon_core.package_identification:_identify(launch) by extension 'python'
[0.282s] Level 1:colcon.colcon_core.package_identification:_identify(launch) by extensions ['python_setup_py']
[0.282s] Level 1:colcon.colcon_core.package_identification:_identify(launch) by extension 'python_setup_py'
[0.282s] Level 1:colcon.colcon_core.package_identification:_identify(launch/__pycache__) by extensions ['ignore', 'ignore_ament_install']
[0.282s] Level 1:colcon.colcon_core.package_identification:_identify(launch/__pycache__) by extension 'ignore'
[0.282s] Level 1:colcon.colcon_core.package_identification:_identify(launch/__pycache__) by extension 'ignore_ament_install'
[0.282s] Level 1:colcon.colcon_core.package_identification:_identify(launch/__pycache__) by extensions ['colcon_pkg']
[0.282s] Level 1:colcon.colcon_core.package_identification:_identify(launch/__pycache__) by extension 'colcon_pkg'
[0.282s] Level 1:colcon.colcon_core.package_identification:_identify(launch/__pycache__) by extensions ['colcon_meta']
[0.282s] Level 1:colcon.colcon_core.package_identification:_identify(launch/__pycache__) by extension 'colcon_meta'
[0.283s] Level 1:colcon.colcon_core.package_identification:_identify(launch/__pycache__) by extensions ['ros']
[0.283s] Level 1:colcon.colcon_core.package_identification:_identify(launch/__pycache__) by extension 'ros'
[0.283s] Level 1:colcon.colcon_core.package_identification:_identify(launch/__pycache__) by extensions ['cmake', 'python']
[0.283s] Level 1:colcon.colcon_core.package_identification:_identify(launch/__pycache__) by extension 'cmake'
[0.283s] Level 1:colcon.colcon_core.package_identification:_identify(launch/__pycache__) by extension 'python'
[0.283s] Level 1:colcon.colcon_core.package_identification:_identify(launch/__pycache__) by extensions ['python_setup_py']
[0.283s] Level 1:colcon.colcon_core.package_identification:_identify(launch/__pycache__) by extension 'python_setup_py'
[0.283s] Level 1:colcon.colcon_core.package_identification:_identify(log) by extensions ['ignore', 'ignore_ament_install']
[0.283s] Level 1:colcon.colcon_core.package_identification:_identify(log) by extension 'ignore'
[0.283s] Level 1:colcon.colcon_core.package_identification:_identify(log) ignored
[0.283s] Level 1:colcon.colcon_core.package_identification:_identify(src) by extensions ['ignore', 'ignore_ament_install']
[0.283s] Level 1:colcon.colcon_core.package_identification:_identify(src) by extension 'ignore'
[0.283s] Level 1:colcon.colcon_core.package_identification:_identify(src) by extension 'ignore_ament_install'
[0.283s] Level 1:colcon.colcon_core.package_identification:_identify(src) by extensions ['colcon_pkg']
[0.283s] Level 1:colcon.colcon_core.package_identification:_identify(src) by extension 'colcon_pkg'
[0.283s] Level 1:colcon.colcon_core.package_identification:_identify(src) by extensions ['colcon_meta']
[0.283s] Level 1:colcon.colcon_core.package_identification:_identify(src) by extension 'colcon_meta'
[0.283s] Level 1:colcon.colcon_core.package_identification:_identify(src) by extensions ['ros']
[0.283s] Level 1:colcon.colcon_core.package_identification:_identify(src) by extension 'ros'
[0.283s] Level 1:colcon.colcon_core.package_identification:_identify(src) by extensions ['cmake', 'python']
[0.283s] Level 1:colcon.colcon_core.package_identification:_identify(src) by extension 'cmake'
[0.283s] Level 1:colcon.colcon_core.package_identification:_identify(src) by extension 'python'
[0.283s] Level 1:colcon.colcon_core.package_identification:_identify(src) by extensions ['python_setup_py']
[0.283s] Level 1:colcon.colcon_core.package_identification:_identify(src) by extension 'python_setup_py'
[0.284s] Level 1:colcon.colcon_core.package_identification:_identify(src/action_tutorials_interfaces) by extensions ['ignore', 'ignore_ament_install']
[0.284s] Level 1:colcon.colcon_core.package_identification:_identify(src/action_tutorials_interfaces) by extension 'ignore'
[0.284s] Level 1:colcon.colcon_core.package_identification:_identify(src/action_tutorials_interfaces) by extension 'ignore_ament_install'
[0.284s] Level 1:colcon.colcon_core.package_identification:_identify(src/action_tutorials_interfaces) by extensions ['colcon_pkg']
[0.284s] Level 1:colcon.colcon_core.package_identification:_identify(src/action_tutorials_interfaces) by extension 'colcon_pkg'
[0.284s] Level 1:colcon.colcon_core.package_identification:_identify(src/action_tutorials_interfaces) by extensions ['colcon_meta']
[0.284s] Level 1:colcon.colcon_core.package_identification:_identify(src/action_tutorials_interfaces) by extension 'colcon_meta'
[0.284s] Level 1:colcon.colcon_core.package_identification:_identify(src/action_tutorials_interfaces) by extensions ['ros']
[0.284s] Level 1:colcon.colcon_core.package_identification:_identify(src/action_tutorials_interfaces) by extension 'ros'
[0.286s] DEBUG:colcon.colcon_core.package_identification:Package 'src/action_tutorials_interfaces' with type 'ros.ament_cmake' and name 'action_tutorials_interfaces'
[0.286s] Level 1:colcon.colcon_core.package_identification:_identify(src/task1) by extensions ['ignore', 'ignore_ament_install']
[0.286s] Level 1:colcon.colcon_core.package_identification:_identify(src/task1) by extension 'ignore'
[0.286s] Level 1:colcon.colcon_core.package_identification:_identify(src/task1) by extension 'ignore_ament_install'
[0.286s] Level 1:colcon.colcon_core.package_identification:_identify(src/task1) by extensions ['colcon_pkg']
[0.286s] Level 1:colcon.colcon_core.package_identification:_identify(src/task1) by extension 'colcon_pkg'
[0.286s] Level 1:colcon.colcon_core.package_identification:_identify(src/task1) by extensions ['colcon_meta']
[0.286s] Level 1:colcon.colcon_core.package_identification:_identify(src/task1) by extension 'colcon_meta'
[0.286s] Level 1:colcon.colcon_core.package_identification:_identify(src/task1) by extensions ['ros']
[0.287s] Level 1:colcon.colcon_core.package_identification:_identify(src/task1) by extension 'ros'
[0.287s] DEBUG:colcon.colcon_core.package_identification:Package 'src/task1' with type 'ros.ament_python' and name 'task1'
[0.287s] Level 1:colcon.colcon_core.package_identification:_identify(src/task2) by extensions ['ignore', 'ignore_ament_install']
[0.287s] Level 1:colcon.colcon_core.package_identification:_identify(src/task2) by extension 'ignore'
[0.287s] Level 1:colcon.colcon_core.package_identification:_identify(src/task2) by extension 'ignore_ament_install'
[0.287s] Level 1:colcon.colcon_core.package_identification:_identify(src/task2) by extensions ['colcon_pkg']
[0.287s] Level 1:colcon.colcon_core.package_identification:_identify(src/task2) by extension 'colcon_pkg'
[0.287s] Level 1:colcon.colcon_core.package_identification:_identify(src/task2) by extensions ['colcon_meta']
[0.287s] Level 1:colcon.colcon_core.package_identification:_identify(src/task2) by extension 'colcon_meta'
[0.287s] Level 1:colcon.colcon_core.package_identification:_identify(src/task2) by extensions ['ros']
[0.287s] Level 1:colcon.colcon_core.package_identification:_identify(src/task2) by extension 'ros'
[0.288s] DEBUG:colcon.colcon_core.package_identification:Package 'src/task2' with type 'ros.ament_cmake' and name 'task2'
[0.288s] Level 1:colcon.colcon_core.package_identification:_identify(src/task2_tester) by extensions ['ignore', 'ignore_ament_install']
[0.288s] Level 1:colcon.colcon_core.package_identification:_identify(src/task2_tester) by extension 'ignore'
[0.288s] Level 1:colcon.colcon_core.package_identification:_identify(src/task2_tester) by extension 'ignore_ament_install'
[0.288s] Level 1:colcon.colcon_core.package_identification:_identify(src/task2_tester) by extensions ['colcon_pkg']
[0.288s] Level 1:colcon.colcon_core.package_identification:_identify(src/task2_tester) by extension 'colcon_pkg'
[0.288s] Level 1:colcon.colcon_core.package_identification:_identify(src/task2_tester) by extensions ['colcon_meta']
[0.288s] Level 1:colcon.colcon_core.package_identification:_identify(src/task2_tester) by extension 'colcon_meta'
[0.288s] Level 1:colcon.colcon_core.package_identification:_identify(src/task2_tester) by extensions ['ros']
[0.288s] Level 1:colcon.colcon_core.package_identification:_identify(src/task2_tester) by extension 'ros'
[0.289s] DEBUG:colcon.colcon_core.package_identification:Package 'src/task2_tester' with type 'ros.ament_python' and name 'task2_tester'
[0.289s] Level 1:colcon.colcon_core.package_identification:_identify(src/task3) by extensions ['ignore', 'ignore_ament_install']
[0.289s] Level 1:colcon.colcon_core.package_identification:_identify(src/task3) by extension 'ignore'
[0.289s] Level 1:colcon.colcon_core.package_identification:_identify(src/task3) by extension 'ignore_ament_install'
[0.289s] Level 1:colcon.colcon_core.package_identification:_identify(src/task3) by extensions ['colcon_pkg']
[0.289s] Level 1:colcon.colcon_core.package_identification:_identify(src/task3) by extension 'colcon_pkg'
[0.289s] Level 1:colcon.colcon_core.package_identification:_identify(src/task3) by extensions ['colcon_meta']
[0.289s] Level 1:colcon.colcon_core.package_identification:_identify(src/task3) by extension 'colcon_meta'
[0.289s] Level 1:colcon.colcon_core.package_identification:_identify(src/task3) by extensions ['ros']
[0.289s] Level 1:colcon.colcon_core.package_identification:_identify(src/task3) by extension 'ros'
[0.290s] DEBUG:colcon.colcon_core.package_identification:Package 'src/task3' with type 'ros.ament_cmake' and name 'task3'
[0.290s] Level 1:colcon.colcon_core.package_identification:_identify(src/task3_tester) by extensions ['ignore', 'ignore_ament_install']
[0.290s] Level 1:colcon.colcon_core.package_identification:_identify(src/task3_tester) by extension 'ignore'
[0.290s] Level 1:colcon.colcon_core.package_identification:_identify(src/task3_tester) by extension 'ignore_ament_install'
[0.290s] Level 1:colcon.colcon_core.package_identification:_identify(src/task3_tester) by extensions ['colcon_pkg']
[0.290s] Level 1:colcon.colcon_core.package_identification:_identify(src/task3_tester) by extension 'colcon_pkg'
[0.290s] Level 1:colcon.colcon_core.package_identification:_identify(src/task3_tester) by extensions ['colcon_meta']
[0.290s] Level 1:colcon.colcon_core.package_identification:_identify(src/task3_tester) by extension 'colcon_meta'
[0.290s] Level 1:colcon.colcon_core.package_identification:_identify(src/task3_tester) by extensions ['ros']
[0.290s] Level 1:colcon.colcon_core.package_identification:_identify(src/task3_tester) by extension 'ros'
[0.290s] DEBUG:colcon.colcon_core.package_identification:Package 'src/task3_tester' with type 'ros.ament_python' and name 'task3_tester'
[0.291s] Level 1:colcon.colcon_core.package_identification:_identify(src/task4) by extensions ['ignore', 'ignore_ament_install']
[0.291s] Level 1:colcon.colcon_core.package_identification:_identify(src/task4) by extension 'ignore'
[0.291s] Level 1:colcon.colcon_core.package_identification:_identify(src/task4) by extension 'ignore_ament_install'
[0.291s] Level 1:colcon.colcon_core.package_identification:_identify(src/task4) by extensions ['colcon_pkg']
[0.291s] Level 1:colcon.colcon_core.package_identification:_identify(src/task4) by extension 'colcon_pkg'
[0.291s] Level 1:colcon.colcon_core.package_identification:_identify(src/task4) by extensions ['colcon_meta']
[0.291s] Level 1:colcon.colcon_core.package_identification:_identify(src/task4) by extension 'colcon_meta'
[0.291s] Level 1:colcon.colcon_core.package_identification:_identify(src/task4) by extensions ['ros']
[0.291s] Level 1:colcon.colcon_core.package_identification:_identify(src/task4) by extension 'ros'
[0.291s] DEBUG:colcon.colcon_core.package_identification:Package 'src/task4' with type 'ros.ament_cmake' and name 'task4'
[0.291s] Level 1:colcon.colcon_core.package_identification:_identify(src/task4_tester) by extensions ['ignore', 'ignore_ament_install']
[0.291s] Level 1:colcon.colcon_core.package_identification:_identify(src/task4_tester) by extension 'ignore'
[0.291s] Level 1:colcon.colcon_core.package_identification:_identify(src/task4_tester) by extension 'ignore_ament_install'
[0.291s] Level 1:colcon.colcon_core.package_identification:_identify(src/task4_tester) by extensions ['colcon_pkg']
[0.291s] Level 1:colcon.colcon_core.package_identification:_identify(src/task4_tester) by extension 'colcon_pkg'
[0.292s] Level 1:colcon.colcon_core.package_identification:_identify(src/task4_tester) by extensions ['colcon_meta']
[0.292s] Level 1:colcon.colcon_core.package_identification:_identify(src/task4_tester) by extension 'colcon_meta'
[0.292s] Level 1:colcon.colcon_core.package_identification:_identify(src/task4_tester) by extensions ['ros']
[0.292s] Level 1:colcon.colcon_core.package_identification:_identify(src/task4_tester) by extension 'ros'
[0.292s] DEBUG:colcon.colcon_core.package_identification:Package 'src/task4_tester' with type 'ros.ament_python' and name 'task4_tester'
[0.292s] Level 1:colcon.colcon_core.package_identification:_identify(src/task5) by extensions ['ignore', 'ignore_ament_install']
[0.292s] Level 1:colcon.colcon_core.package_identification:_identify(src/task5) by extension 'ignore'
[0.292s] Level 1:colcon.colcon_core.package_identification:_identify(src/task5) by extension 'ignore_ament_install'
[0.292s] Level 1:colcon.colcon_core.package_identification:_identify(src/task5) by extensions ['colcon_pkg']
[0.292s] Level 1:colcon.colcon_core.package_identification:_identify(src/task5) by extension 'colcon_pkg'
[0.292s] Level 1:colcon.colcon_core.package_identification:_identify(src/task5) by extensions ['colcon_meta']
[0.292s] Level 1:colcon.colcon_core.package_identification:_identify(src/task5) by extension 'colcon_meta'
[0.292s] Level 1:colcon.colcon_core.package_identification:_identify(src/task5) by extensions ['ros']
[0.292s] Level 1:colcon.colcon_core.package_identification:_identify(src/task5) by extension 'ros'
[0.293s] DEBUG:colcon.colcon_core.package_identification:Package 'src/task5' with type 'ros.ament_cmake' and name 'task5'
[0.293s] Level 1:colcon.colcon_core.package_identification:_identify(src/task5_tester) by extensions ['ignore', 'ignore_ament_install']
[0.293s] Level 1:colcon.colcon_core.package_identification:_identify(src/task5_tester) by extension 'ignore'
[0.293s] Level 1:colcon.colcon_core.package_identification:_identify(src/task5_tester) by extension 'ignore_ament_install'
[0.293s] Level 1:colcon.colcon_core.package_identification:_identify(src/task5_tester) by extensions ['colcon_pkg']
[0.293s] Level 1:colcon.colcon_core.package_identification:_identify(src/task5_tester) by extension 'colcon_pkg'
[0.293s] Level 1:colcon.colcon_core.package_identification:_identify(src/task5_tester) by extensions ['colcon_meta']
[0.293s] Level 1:colcon.colcon_core.package_identification:_identify(src/task5_tester) by extension 'colcon_meta'
[0.293s] Level 1:colcon.colcon_core.package_identification:_identify(src/task5_tester) by extensions ['ros']
[0.293s] Level 1:colcon.colcon_core.package_identification:_identify(src/task5_tester) by extension 'ros'
[0.294s] DEBUG:colcon.colcon_core.package_identification:Package 'src/task5_tester' with type 'ros.ament_python' and name 'task5_tester'
[0.294s] Level 1:colcon.colcon_core.package_discovery:discover_packages(recursive) using defaults
[0.294s] Level 1:colcon.colcon_core.package_discovery:discover_packages(ignore) discover
[0.294s] Level 1:colcon.colcon_core.package_discovery:discover_packages(ignore) using defaults
[0.294s] Level 1:colcon.colcon_core.package_discovery:discover_packages(path) discover
[0.294s] Level 1:colcon.colcon_core.package_discovery:discover_packages(path) using defaults
[0.324s] Level 5:colcon.colcon_core.verb:set package 'action_tutorials_interfaces' build argument 'cmake_args' from command line to 'None'
[0.324s] Level 5:colcon.colcon_core.verb:set package 'action_tutorials_interfaces' build argument 'cmake_target' from command line to 'None'
[0.324s] Level 5:colcon.colcon_core.verb:set package 'action_tutorials_interfaces' build argument 'cmake_target_skip_unavailable' from command line to 'False'
[0.324s] Level 5:colcon.colcon_core.verb:set package 'action_tutorials_interfaces' build argument 'cmake_clean_cache' from command line to 'False'
[0.324s] Level 5:colcon.colcon_core.verb:set package 'action_tutorials_interfaces' build argument 'cmake_clean_first' from command line to 'False'
[0.324s] Level 5:colcon.colcon_core.verb:set package 'action_tutorials_interfaces' build argument 'cmake_force_configure' from command line to 'False'
[0.324s] Level 5:colcon.colcon_core.verb:set package 'action_tutorials_interfaces' build argument 'ament_cmake_args' from command line to 'None'
[0.324s] Level 5:colcon.colcon_core.verb:set package 'action_tutorials_interfaces' build argument 'catkin_cmake_args' from command line to 'None'
[0.324s] Level 5:colcon.colcon_core.verb:set package 'action_tutorials_interfaces' build argument 'catkin_skip_building_tests' from command line to 'False'
[0.324s] DEBUG:colcon.colcon_core.verb:Building package 'action_tutorials_interfaces' with the following arguments: {'ament_cmake_args': None, 'build_base': '/root/ros2_ws/build/action_tutorials_interfaces', 'catkin_cmake_args': None, 'catkin_skip_building_tests': False, 'cmake_args': None, 'cmake_clean_cache': False, 'cmake_clean_first': False, 'cmake_force_configure': False, 'cmake_target': None, 'cmake_target_skip_unavailable': False, 'install_base': '/root/ros2_ws/install/action_tutorials_interfaces', 'merge_install': False, 'path': '/root/ros2_ws/src/action_tutorials_interfaces', 'symlink_install': False, 'test_result_base': None}
[0.325s] Level 5:colcon.colcon_core.verb:set package 'task1' build argument 'cmake_args' from command line to 'None'
[0.325s] Level 5:colcon.colcon_core.verb:set package 'task1' build argument 'cmake_target' from command line to 'None'
[0.325s] Level 5:colcon.colcon_core.verb:set package 'task1' build argument 'cmake_target_skip_unavailable' from command line to 'False'
[0.325s] Level 5:colcon.colcon_core.verb:set package 'task1' build argument 'cmake_clean_cache' from command line to 'False'
[0.325s] Level 5:colcon.colcon_core.verb:set package 'task1' build argument 'cmake_clean_first' from command line to 'False'
[0.325s] Level 5:colcon.colcon_core.verb:set package 'task1' build argument 'cmake_force_configure' from command line to 'False'
[0.325s] Level 5:colcon.colcon_core.verb:set package 'task1' build argument 'ament_cmake_args' from command line to 'None'
[0.325s] Level 5:colcon.colcon_core.verb:set package 'task1' build argument 'catkin_cmake_args' from command line to 'None'
[0.325s] Level 5:colcon.colcon_core.verb:set package 'task1' build argument 'catkin_skip_building_tests' from command line to 'False'
[0.325s] DEBUG:colcon.colcon_core.verb:Building package 'task1' with the following arguments: {'ament_cmake_args': None, 'build_base': '/root/ros2_ws/build/task1', 'catkin_cmake_args': None, 'catkin_skip_building_tests': False, 'cmake_args': None, 'cmake_clean_cache': False, 'cmake_clean_first': False, 'cmake_force_configure': False, 'cmake_target': None, 'cmake_target_skip_unavailable': False, 'install_base': '/root/ros2_ws/install/task1', 'merge_install': False, 'path': '/root/ros2_ws/src/task1', 'symlink_install': False, 'test_result_base': None}
[0.325s] Level 5:colcon.colcon_core.verb:set package 'task2' build argument 'cmake_args' from command line to 'None'
[0.325s] Level 5:colcon.colcon_core.verb:set package 'task2' build argument 'cmake_target' from command line to 'None'
[0.325s] Level 5:colcon.colcon_core.verb:set package 'task2' build argument 'cmake_target_skip_unavailable' from command line to 'False'
[0.325s] Level 5:colcon.colcon_core.verb:set package 'task2' build argument 'cmake_clean_cache' from command line to 'False'
[0.325s] Level 5:colcon.colcon_core.verb:set package 'task2' build argument 'cmake_clean_first' from command line to 'False'
[0.325s] Level 5:colcon.colcon_core.verb:set package 'task2' build argument 'cmake_force_configure' from command line to 'False'
[0.325s] Level 5:colcon.colcon_core.verb:set package 'task2' build argument 'ament_cmake_args' from command line to 'None'
[0.325s] Level 5:colcon.colcon_core.verb:set package 'task2' build argument 'catkin_cmake_args' from command line to 'None'
[0.325s] Level 5:colcon.colcon_core.verb:set package 'task2' build argument 'catkin_skip_building_tests' from command line to 'False'
[0.326s] DEBUG:colcon.colcon_core.verb:Building package 'task2' with the following arguments: {'ament_cmake_args': None, 'build_base': '/root/ros2_ws/build/task2', 'catkin_cmake_args': None, 'catkin_skip_building_tests': False, 'cmake_args': None, 'cmake_clean_cache': False, 'cmake_clean_first': False, 'cmake_force_configure': False, 'cmake_target': None, 'cmake_target_skip_unavailable': False, 'install_base': '/root/ros2_ws/install/task2', 'merge_install': False, 'path': '/root/ros2_ws/src/task2', 'symlink_install': False, 'test_result_base': None}
[0.326s] Level 5:colcon.colcon_core.verb:set package 'task2_tester' build argument 'cmake_args' from command line to 'None'
[0.326s] Level 5:colcon.colcon_core.verb:set package 'task2_tester' build argument 'cmake_target' from command line to 'None'
[0.326s] Level 5:colcon.colcon_core.verb:set package 'task2_tester' build argument 'cmake_target_skip_unavailable' from command line to 'False'
[0.326s] Level 5:colcon.colcon_core.verb:set package 'task2_tester' build argument 'cmake_clean_cache' from command line to 'False'
[0.326s] Level 5:colcon.colcon_core.verb:set package 'task2_tester' build argument 'cmake_clean_first' from command line to 'False'
[0.326s] Level 5:colcon.colcon_core.verb:set package 'task2_tester' build argument 'cmake_force_configure' from command line to 'False'
[0.326s] Level 5:colcon.colcon_core.verb:set package 'task2_tester' build argument 'ament_cmake_args' from command line to 'None'
[0.326s] Level 5:colcon.colcon_core.verb:set package 'task2_tester' build argument 'catkin_cmake_args' from command line to 'None'
[0.326s] Level 5:colcon.colcon_core.verb:set package 'task2_tester' build argument 'catkin_skip_building_tests' from command line to 'False'
[0.326s] DEBUG:colcon.colcon_core.verb:Building package 'task2_tester' with the following arguments: {'ament_cmake_args': None, 'build_base': '/root/ros2_ws/build/task2_tester', 'catkin_cmake_args': None, 'catkin_skip_building_tests': False, 'cmake_args': None, 'cmake_clean_cache': False, 'cmake_clean_first': False, 'cmake_force_configure': False, 'cmake_target': None, 'cmake_target_skip_unavailable': False, 'install_base': '/root/ros2_ws/install/task2_tester', 'merge_install': False, 'path': '/root/ros2_ws/src/task2_tester', 'symlink_install': False, 'test_result_base': None}
[0.326s] Level 5:colcon.colcon_core.verb:set package 'task3' build argument 'cmake_args' from command line to 'None'
[0.326s] Level 5:colcon.colcon_core.verb:set package 'task3' build argument 'cmake_target' from command line to 'None'
[0.326s] Level 5:colcon.colcon_core.verb:set package 'task3' build argument 'cmake_target_skip_unavailable' from command line to 'False'
[0.326s] Level 5:colcon.colcon_core.verb:set package 'task3' build argument 'cmake_clean_cache' from command line to 'False'
[0.326s] Level 5:colcon.colcon_core.verb:set package 'task3' build argument 'cmake_clean_first' from command line to 'False'
[0.326s] Level 5:colcon.colcon_core.verb:set package 'task3' build argument 'cmake_force_configure' from command line to 'False'
[0.326s] Level 5:colcon.colcon_core.verb:set package 'task3' build argument 'ament_cmake_args' from command line to 'None'
[0.326s] Level 5:colcon.colcon_core.verb:set package 'task3' build argument 'catkin_cmake_args' from command line to 'None'
[0.326s] Level 5:colcon.colcon_core.verb:set package 'task3' build argument 'catkin_skip_building_tests' from command line to 'False'
[0.326s] DEBUG:colcon.colcon_core.verb:Building package 'task3' with the following arguments: {'ament_cmake_args': None, 'build_base': '/root/ros2_ws/build/task3', 'catkin_cmake_args': None, 'catkin_skip_building_tests': False, 'cmake_args': None, 'cmake_clean_cache': False, 'cmake_clean_first': False, 'cmake_force_configure': False, 'cmake_target': None, 'cmake_target_skip_unavailable': False, 'install_base': '/root/ros2_ws/install/task3', 'merge_install': False, 'path': '/root/ros2_ws/src/task3', 'symlink_install': False, 'test_result_base': None}
[0.327s] Level 5:colcon.colcon_core.verb:set package 'task4' build argument 'cmake_args' from command line to 'None'
[0.327s] Level 5:colcon.colcon_core.verb:set package 'task4' build argument 'cmake_target' from command line to 'None'
[0.327s] Level 5:colcon.colcon_core.verb:set package 'task4' build argument 'cmake_target_skip_unavailable' from command line to 'False'
[0.327s] Level 5:colcon.colcon_core.verb:set package 'task4' build argument 'cmake_clean_cache' from command line to 'False'
[0.327s] Level 5:colcon.colcon_core.verb:set package 'task4' build argument 'cmake_clean_first' from command line to 'False'
[0.327s] Level 5:colcon.colcon_core.verb:set package 'task4' build argument 'cmake_force_configure' from command line to 'False'
[0.327s] Level 5:colcon.colcon_core.verb:set package 'task4' build argument 'ament_cmake_args' from command line to 'None'
[0.327s] Level 5:colcon.colcon_core.verb:set package 'task4' build argument 'catkin_cmake_args' from command line to 'None'
[0.327s] Level 5:colcon.colcon_core.verb:set package 'task4' build argument 'catkin_skip_building_tests' from command line to 'False'
[0.327s] DEBUG:colcon.colcon_core.verb:Building package 'task4' with the following arguments: {'ament_cmake_args': None, 'build_base': '/root/ros2_ws/build/task4', 'catkin_cmake_args': None, 'catkin_skip_building_tests': False, 'cmake_args': None, 'cmake_clean_cache': False, 'cmake_clean_first': False, 'cmake_force_configure': False, 'cmake_target': None, 'cmake_target_skip_unavailable': False, 'install_base': '/root/ros2_ws/install/task4', 'merge_install': False, 'path': '/root/ros2_ws/src/task4', 'symlink_install': False, 'test_result_base': None}
[0.327s] Level 5:colcon.colcon_core.verb:set package 'task4_tester' build argument 'cmake_args' from command line to 'None'
[0.327s] Level 5:colcon.colcon_core.verb:set package 'task4_tester' build argument 'cmake_target' from command line to 'None'
[0.327s] Level 5:colcon.colcon_core.verb:set package 'task4_tester' build argument 'cmake_target_skip_unavailable' from command line to 'False'
[0.327s] Level 5:colcon.colcon_core.verb:set package 'task4_tester' build argument 'cmake_clean_cache' from command line to 'False'
[0.327s] Level 5:colcon.colcon_core.verb:set package 'task4_tester' build argument 'cmake_clean_first' from command line to 'False'
[0.327s] Level 5:colcon.colcon_core.verb:set package 'task4_tester' build argument 'cmake_force_configure' from command line to 'False'
[0.327s] Level 5:colcon.colcon_core.verb:set package 'task4_tester' build argument 'ament_cmake_args' from command line to 'None'
[0.327s] Level 5:colcon.colcon_core.verb:set package 'task4_tester' build argument 'catkin_cmake_args' from command line to 'None'
[0.327s] Level 5:colcon.colcon_core.verb:set package 'task4_tester' build argument 'catkin_skip_building_tests' from command line to 'False'
[0.327s] DEBUG:colcon.colcon_core.verb:Building package 'task4_tester' with the following arguments: {'ament_cmake_args': None, 'build_base': '/root/ros2_ws/build/task4_tester', 'catkin_cmake_args': None, 'catkin_skip_building_tests': False, 'cmake_args': None, 'cmake_clean_cache': False, 'cmake_clean_first': False, 'cmake_force_configure': False, 'cmake_target': None, 'cmake_target_skip_unavailable': False, 'install_base': '/root/ros2_ws/install/task4_tester', 'merge_install': False, 'path': '/root/ros2_ws/src/task4_tester', 'symlink_install': False, 'test_result_base': None}
[0.328s] Level 5:colcon.colcon_core.verb:set package 'task5' build argument 'cmake_args' from command line to 'None'
[0.328s] Level 5:colcon.colcon_core.verb:set package 'task5' build argument 'cmake_target' from command line to 'None'
[0.328s] Level 5:colcon.colcon_core.verb:set package 'task5' build argument 'cmake_target_skip_unavailable' from command line to 'False'
[0.328s] Level 5:colcon.colcon_core.verb:set package 'task5' build argument 'cmake_clean_cache' from command line to 'False'
[0.328s] Level 5:colcon.colcon_core.verb:set package 'task5' build argument 'cmake_clean_first' from command line to 'False'
[0.328s] Level 5:colcon.colcon_core.verb:set package 'task5' build argument 'cmake_force_configure' from command line to 'False'
[0.328s] Level 5:colcon.colcon_core.verb:set package 'task5' build argument 'ament_cmake_args' from command line to 'None'
[0.328s] Level 5:colcon.colcon_core.verb:set package 'task5' build argument 'catkin_cmake_args' from command line to 'None'
[0.328s] Level 5:colcon.colcon_core.verb:set package 'task5' build argument 'catkin_skip_building_tests' from command line to 'False'
[0.328s] DEBUG:colcon.colcon_core.verb:Building package 'task5' with the following arguments: {'ament_cmake_args': None, 'build_base': '/root/ros2_ws/build/task5', 'catkin_cmake_args': None, 'catkin_skip_building_tests': False, 'cmake_args': None, 'cmake_clean_cache': False, 'cmake_clean_first': False, 'cmake_force_configure': False, 'cmake_target': None, 'cmake_target_skip_unavailable': False, 'install_base': '/root/ros2_ws/install/task5', 'merge_install': False, 'path': '/root/ros2_ws/src/task5', 'symlink_install': False, 'test_result_base': None}
[0.328s] Level 5:colcon.colcon_core.verb:set package 'task3_tester' build argument 'cmake_args' from command line to 'None'
[0.328s] Level 5:colcon.colcon_core.verb:set package 'task3_tester' build argument 'cmake_target' from command line to 'None'
[0.328s] Level 5:colcon.colcon_core.verb:set package 'task3_tester' build argument 'cmake_target_skip_unavailable' from command line to 'False'
[0.328s] Level 5:colcon.colcon_core.verb:set package 'task3_tester' build argument 'cmake_clean_cache' from command line to 'False'
[0.328s] Level 5:colcon.colcon_core.verb:set package 'task3_tester' build argument 'cmake_clean_first' from command line to 'False'
[0.328s] Level 5:colcon.colcon_core.verb:set package 'task3_tester' build argument 'cmake_force_configure' from command line to 'False'
[0.328s] Level 5:colcon.colcon_core.verb:set package 'task3_tester' build argument 'ament_cmake_args' from command line to 'None'
[0.328s] Level 5:colcon.colcon_core.verb:set package 'task3_tester' build argument 'catkin_cmake_args' from command line to 'None'
[0.328s] Level 5:colcon.colcon_core.verb:set package 'task3_tester' build argument 'catkin_skip_building_tests' from command line to 'False'
[0.328s] DEBUG:colcon.colcon_core.verb:Building package 'task3_tester' with the following arguments: {'ament_cmake_args': None, 'build_base': '/root/ros2_ws/build/task3_tester', 'catkin_cmake_args': None, 'catkin_skip_building_tests': False, 'cmake_args': None, 'cmake_clean_cache': False, 'cmake_clean_first': False, 'cmake_force_configure': False, 'cmake_target': None, 'cmake_target_skip_unavailable': False, 'install_base': '/root/ros2_ws/install/task3_tester', 'merge_install': False, 'path': '/root/ros2_ws/src/task3_tester', 'symlink_install': False, 'test_result_base': None}
[0.329s] Level 5:colcon.colcon_core.verb:set package 'task5_tester' build argument 'cmake_args' from command line to 'None'
[0.329s] Level 5:colcon.colcon_core.verb:set package 'task5_tester' build argument 'cmake_target' from command line to 'None'
[0.329s] Level 5:colcon.colcon_core.verb:set package 'task5_tester' build argument 'cmake_target_skip_unavailable' from command line to 'False'
[0.329s] Level 5:colcon.colcon_core.verb:set package 'task5_tester' build argument 'cmake_clean_cache' from command line to 'False'
[0.329s] Level 5:colcon.colcon_core.verb:set package 'task5_tester' build argument 'cmake_clean_first' from command line to 'False'
[0.329s] Level 5:colcon.colcon_core.verb:set package 'task5_tester' build argument 'cmake_force_configure' from command line to 'False'
[0.329s] Level 5:colcon.colcon_core.verb:set package 'task5_tester' build argument 'ament_cmake_args' from command line to 'None'
[0.329s] Level 5:colcon.colcon_core.verb:set package 'task5_tester' build argument 'catkin_cmake_args' from command line to 'None'
[0.329s] Level 5:colcon.colcon_core.verb:set package 'task5_tester' build argument 'catkin_skip_building_tests' from command line to 'False'
[0.329s] DEBUG:colcon.colcon_core.verb:Building package 'task5_tester' with the following arguments: {'ament_cmake_args': None, 'build_base': '/root/ros2_ws/build/task5_tester', 'catkin_cmake_args': None, 'catkin_skip_building_tests': False, 'cmake_args': None, 'cmake_clean_cache': False, 'cmake_clean_first': False, 'cmake_force_configure': False, 'cmake_target': None, 'cmake_target_skip_unavailable': False, 'install_base': '/root/ros2_ws/install/task5_tester', 'merge_install': False, 'path': '/root/ros2_ws/src/task5_tester', 'symlink_install': False, 'test_result_base': None}
[0.329s] INFO:colcon.colcon_core.executor:Executing jobs using 'parallel' executor
[0.330s] DEBUG:colcon.colcon_parallel_executor.executor.parallel:run_until_complete
[0.330s] INFO:colcon.colcon_ros.task.ament_cmake.build:Building ROS package in '/root/ros2_ws/src/task3' with build type 'ament_cmake'
[0.330s] INFO:colcon.colcon_cmake.task.cmake.build:Building CMake package in '/root/ros2_ws/src/task3'
[0.333s] INFO:colcon.colcon_core.plugin_system:Skipping extension 'colcon_core.shell.bat': Not used on non-Windows systems
[0.333s] INFO:colcon.colcon_core.shell:Skip shell extension 'powershell' for command environment: Not usable outside of PowerShell
[0.333s] DEBUG:colcon.colcon_core.shell:Skip shell extension 'dsv' for command environment
[0.339s] INFO:colcon.colcon_ros.task.ament_cmake.build:Building ROS package in '/root/ros2_ws/src/task5' with build type 'ament_cmake'
[0.339s] INFO:colcon.colcon_cmake.task.cmake.build:Building CMake package in '/root/ros2_ws/src/task5'
[0.339s] INFO:colcon.colcon_core.shell:Skip shell extension 'powershell' for command environment: Not usable outside of PowerShell
[0.339s] DEBUG:colcon.colcon_core.shell:Skip shell extension 'dsv' for command environment
[0.344s] INFO:colcon.colcon_ros.task.ament_cmake.build:Building ROS package in '/root/ros2_ws/src/action_tutorials_interfaces' with build type 'ament_cmake'
[0.344s] INFO:colcon.colcon_cmake.task.cmake.build:Building CMake package in '/root/ros2_ws/src/action_tutorials_interfaces'
[0.344s] INFO:colcon.colcon_core.shell:Skip shell extension 'powershell' for command environment: Not usable outside of PowerShell
[0.344s] DEBUG:colcon.colcon_core.shell:Skip shell extension 'dsv' for command environment
[0.349s] INFO:colcon.colcon_ros.task.ament_python.build:Building ROS package in '/root/ros2_ws/src/task1' with build type 'ament_python'
[0.349s] Level 1:colcon.colcon_core.shell:create_environment_hook('task1', 'ament_prefix_path')
[0.350s] INFO:colcon.colcon_core.shell:Creating environment hook '/root/ros2_ws/install/task1/share/task1/hook/ament_prefix_path.ps1'
[0.350s] INFO:colcon.colcon_core.shell:Creating environment descriptor '/root/ros2_ws/install/task1/share/task1/hook/ament_prefix_path.dsv'
[0.351s] INFO:colcon.colcon_core.shell:Creating environment hook '/root/ros2_ws/install/task1/share/task1/hook/ament_prefix_path.sh'
[0.352s] INFO:colcon.colcon_core.shell:Skip shell extension 'powershell' for command environment: Not usable outside of PowerShell
[0.352s] DEBUG:colcon.colcon_core.shell:Skip shell extension 'dsv' for command environment
[0.357s] INFO:colcon.colcon_ros.task.ament_cmake.build:Building ROS package in '/root/ros2_ws/src/task2' with build type 'ament_cmake'
[0.357s] INFO:colcon.colcon_cmake.task.cmake.build:Building CMake package in '/root/ros2_ws/src/task2'
[0.357s] INFO:colcon.colcon_core.shell:Skip shell extension 'powershell' for command environment: Not usable outside of PowerShell
[0.357s] DEBUG:colcon.colcon_core.shell:Skip shell extension 'dsv' for command environment
[0.363s] INFO:colcon.colcon_ros.task.ament_python.build:Building ROS package in '/root/ros2_ws/src/task2_tester' with build type 'ament_python'
[0.363s] Level 1:colcon.colcon_core.shell:create_environment_hook('task2_tester', 'ament_prefix_path')
[0.363s] INFO:colcon.colcon_core.shell:Creating environment hook '/root/ros2_ws/install/task2_tester/share/task2_tester/hook/ament_prefix_path.ps1'
[0.364s] INFO:colcon.colcon_core.shell:Creating environment descriptor '/root/ros2_ws/install/task2_tester/share/task2_tester/hook/ament_prefix_path.dsv'
[0.364s] INFO:colcon.colcon_core.shell:Creating environment hook '/root/ros2_ws/install/task2_tester/share/task2_tester/hook/ament_prefix_path.sh'
[0.365s] INFO:colcon.colcon_core.shell:Skip shell extension 'powershell' for command environment: Not usable outside of PowerShell
[0.365s] DEBUG:colcon.colcon_core.shell:Skip shell extension 'dsv' for command environment
[0.370s] INFO:colcon.colcon_ros.task.ament_cmake.build:Building ROS package in '/root/ros2_ws/src/task4' with build type 'ament_cmake'
[0.371s] INFO:colcon.colcon_cmake.task.cmake.build:Building CMake package in '/root/ros2_ws/src/task4'
[0.371s] INFO:colcon.colcon_core.shell:Skip shell extension 'powershell' for command environment: Not usable outside of PowerShell
[0.371s] DEBUG:colcon.colcon_core.shell:Skip shell extension 'dsv' for command environment
[0.377s] INFO:colcon.colcon_ros.task.ament_python.build:Building ROS package in '/root/ros2_ws/src/task4_tester' with build type 'ament_python'
[0.377s] Level 1:colcon.colcon_core.shell:create_environment_hook('task4_tester', 'ament_prefix_path')
[0.378s] INFO:colcon.colcon_core.shell:Creating environment hook '/root/ros2_ws/install/task4_tester/share/task4_tester/hook/ament_prefix_path.ps1'
[0.378s] INFO:colcon.colcon_core.shell:Creating environment descriptor '/root/ros2_ws/install/task4_tester/share/task4_tester/hook/ament_prefix_path.dsv'
[0.379s] INFO:colcon.colcon_core.shell:Creating environment hook '/root/ros2_ws/install/task4_tester/share/task4_tester/hook/ament_prefix_path.sh'
[0.379s] INFO:colcon.colcon_core.shell:Skip shell extension 'powershell' for command environment: Not usable outside of PowerShell
[0.380s] DEBUG:colcon.colcon_core.shell:Skip shell extension 'dsv' for command environment
[0.391s] DEBUG:colcon.colcon_core.event_handler.log_command:Invoking command in '/root/ros2_ws/build/task3': CMAKE_PREFIX_PATH=${CMAKE_PREFIX_PATH}:/root/ros2_ws/install/task5_tester:/root/ros2_ws/install/task4_tester:/root/ros2_ws/install/task3_tester:/root/ros2_ws/install/task2_tester:/root/ros2_ws/install/task1:/root/ros2_ws/install/py_srvcli:/root/ros2_ws/install/py_pubsub:/root/ros2_ws/install/my_action_pkg:/root/ros2_ws/install/launch_testing_examples:/root/ros2_ws/install/examples_rclpy_pointcloud_publisher:/root/ros2_ws/install/examples_rclpy_minimal_subscriber:/root/ros2_ws/install/examples_rclpy_minimal_service:/root/ros2_ws/install/examples_rclpy_minimal_publisher:/root/ros2_ws/install/examples_rclpy_minimal_client:/root/ros2_ws/install/examples_rclpy_minimal_action_server:/root/ros2_ws/install/examples_rclpy_minimal_action_client:/root/ros2_ws/install/examples_rclpy_guard_conditions:/root/ros2_ws/install/examples_rclpy_executors:/opt/ros/humble /usr/bin/cmake --build /root/ros2_ws/build/task3 -- -j28 -l28
[0.397s] DEBUG:colcon.colcon_core.event_handler.log_command:Invoking command in '/root/ros2_ws/build/task5': CMAKE_PREFIX_PATH=${CMAKE_PREFIX_PATH}:/root/ros2_ws/install/task5_tester:/root/ros2_ws/install/task4_tester:/root/ros2_ws/install/task3_tester:/root/ros2_ws/install/task2_tester:/root/ros2_ws/install/task1:/root/ros2_ws/install/py_srvcli:/root/ros2_ws/install/py_pubsub:/root/ros2_ws/install/my_action_pkg:/root/ros2_ws/install/launch_testing_examples:/root/ros2_ws/install/examples_rclpy_pointcloud_publisher:/root/ros2_ws/install/examples_rclpy_minimal_subscriber:/root/ros2_ws/install/examples_rclpy_minimal_service:/root/ros2_ws/install/examples_rclpy_minimal_publisher:/root/ros2_ws/install/examples_rclpy_minimal_client:/root/ros2_ws/install/examples_rclpy_minimal_action_server:/root/ros2_ws/install/examples_rclpy_minimal_action_client:/root/ros2_ws/install/examples_rclpy_guard_conditions:/root/ros2_ws/install/examples_rclpy_executors:/opt/ros/humble /usr/bin/cmake --build /root/ros2_ws/build/task5 -- -j28 -l28
[0.399s] DEBUG:colcon.colcon_core.event_handler.log_command:Invoking command in '/root/ros2_ws/build/action_tutorials_interfaces': CMAKE_PREFIX_PATH=${CMAKE_PREFIX_PATH}:/root/ros2_ws/install/task5_tester:/root/ros2_ws/install/task4_tester:/root/ros2_ws/install/task3_tester:/root/ros2_ws/install/task2_tester:/root/ros2_ws/install/task1:/root/ros2_ws/install/py_srvcli:/root/ros2_ws/install/py_pubsub:/root/ros2_ws/install/my_action_pkg:/root/ros2_ws/install/launch_testing_examples:/root/ros2_ws/install/examples_rclpy_pointcloud_publisher:/root/ros2_ws/install/examples_rclpy_minimal_subscriber:/root/ros2_ws/install/examples_rclpy_minimal_service:/root/ros2_ws/install/examples_rclpy_minimal_publisher:/root/ros2_ws/install/examples_rclpy_minimal_client:/root/ros2_ws/install/examples_rclpy_minimal_action_server:/root/ros2_ws/install/examples_rclpy_minimal_action_client:/root/ros2_ws/install/examples_rclpy_guard_conditions:/root/ros2_ws/install/examples_rclpy_executors:/opt/ros/humble /usr/bin/cmake --build /root/ros2_ws/build/action_tutorials_interfaces -- -j28 -l28
[0.727s] INFO:colcon.colcon_core.task.python.build:Building Python package in '/root/ros2_ws/src/task1'
[0.728s] INFO:colcon.colcon_core.shell:Skip shell extension 'powershell' for command environment: Not usable outside of PowerShell
[0.728s] DEBUG:colcon.colcon_core.shell:Skip shell extension 'dsv' for command environment
[0.737s] DEBUG:colcon.colcon_core.event_handler.log_command:Invoking command in '/root/ros2_ws/build/task2': CMAKE_PREFIX_PATH=${CMAKE_PREFIX_PATH}:/root/ros2_ws/install/task5_tester:/root/ros2_ws/install/task4_tester:/root/ros2_ws/install/task3_tester:/root/ros2_ws/install/task2_tester:/root/ros2_ws/install/task1:/root/ros2_ws/install/py_srvcli:/root/ros2_ws/install/py_pubsub:/root/ros2_ws/install/my_action_pkg:/root/ros2_ws/install/launch_testing_examples:/root/ros2_ws/install/examples_rclpy_pointcloud_publisher:/root/ros2_ws/install/examples_rclpy_minimal_subscriber:/root/ros2_ws/install/examples_rclpy_minimal_service:/root/ros2_ws/install/examples_rclpy_minimal_publisher:/root/ros2_ws/install/examples_rclpy_minimal_client:/root/ros2_ws/install/examples_rclpy_minimal_action_server:/root/ros2_ws/install/examples_rclpy_minimal_action_client:/root/ros2_ws/install/examples_rclpy_guard_conditions:/root/ros2_ws/install/examples_rclpy_executors:/opt/ros/humble /usr/bin/cmake --build /root/ros2_ws/build/task2 -- -j28 -l28
[1.017s] INFO:colcon.colcon_core.task.python.build:Building Python package in '/root/ros2_ws/src/task2_tester'
[1.017s] INFO:colcon.colcon_core.shell:Skip shell extension 'powershell' for command environment: Not usable outside of PowerShell
[1.017s] DEBUG:colcon.colcon_core.shell:Skip shell extension 'dsv' for command environment
[1.026s] DEBUG:colcon.colcon_core.event_handler.log_command:Invoking command in '/root/ros2_ws/build/task4': CMAKE_PREFIX_PATH=${CMAKE_PREFIX_PATH}:/root/ros2_ws/install/task5_tester:/root/ros2_ws/install/task4_tester:/root/ros2_ws/install/task3_tester:/root/ros2_ws/install/task2_tester:/root/ros2_ws/install/task1:/root/ros2_ws/install/py_srvcli:/root/ros2_ws/install/py_pubsub:/root/ros2_ws/install/my_action_pkg:/root/ros2_ws/install/launch_testing_examples:/root/ros2_ws/install/examples_rclpy_pointcloud_publisher:/root/ros2_ws/install/examples_rclpy_minimal_subscriber:/root/ros2_ws/install/examples_rclpy_minimal_service:/root/ros2_ws/install/examples_rclpy_minimal_publisher:/root/ros2_ws/install/examples_rclpy_minimal_client:/root/ros2_ws/install/examples_rclpy_minimal_action_server:/root/ros2_ws/install/examples_rclpy_minimal_action_client:/root/ros2_ws/install/examples_rclpy_guard_conditions:/root/ros2_ws/install/examples_rclpy_executors:/opt/ros/humble /usr/bin/cmake --build /root/ros2_ws/build/task4 -- -j28 -l28
[1.324s] INFO:colcon.colcon_core.task.python.build:Building Python package in '/root/ros2_ws/src/task4_tester'
[1.325s] INFO:colcon.colcon_core.shell:Skip shell extension 'powershell' for command environment: Not usable outside of PowerShell
[1.325s] DEBUG:colcon.colcon_core.shell:Skip shell extension 'dsv' for command environment
[1.331s] DEBUG:colcon.colcon_core.event_handler.log_command:Invoked command in '/root/ros2_ws/build/task3' returned '0': CMAKE_PREFIX_PATH=${CMAKE_PREFIX_PATH}:/root/ros2_ws/install/task5_tester:/root/ros2_ws/install/task4_tester:/root/ros2_ws/install/task3_tester:/root/ros2_ws/install/task2_tester:/root/ros2_ws/install/task1:/root/ros2_ws/install/py_srvcli:/root/ros2_ws/install/py_pubsub:/root/ros2_ws/install/my_action_pkg:/root/ros2_ws/install/launch_testing_examples:/root/ros2_ws/install/examples_rclpy_pointcloud_publisher:/root/ros2_ws/install/examples_rclpy_minimal_subscriber:/root/ros2_ws/install/examples_rclpy_minimal_service:/root/ros2_ws/install/examples_rclpy_minimal_publisher:/root/ros2_ws/install/examples_rclpy_minimal_client:/root/ros2_ws/install/examples_rclpy_minimal_action_server:/root/ros2_ws/install/examples_rclpy_minimal_action_client:/root/ros2_ws/install/examples_rclpy_guard_conditions:/root/ros2_ws/install/examples_rclpy_executors:/opt/ros/humble /usr/bin/cmake --build /root/ros2_ws/build/task3 -- -j28 -l28
[1.339s] DEBUG:colcon.colcon_core.event_handler.log_command:Invoking command in '/root/ros2_ws/build/task3': CMAKE_PREFIX_PATH=${CMAKE_PREFIX_PATH}:/root/ros2_ws/install/task5_tester:/root/ros2_ws/install/task4_tester:/root/ros2_ws/install/task3_tester:/root/ros2_ws/install/task2_tester:/root/ros2_ws/install/task1:/root/ros2_ws/install/py_srvcli:/root/ros2_ws/install/py_pubsub:/root/ros2_ws/install/my_action_pkg:/root/ros2_ws/install/launch_testing_examples:/root/ros2_ws/install/examples_rclpy_pointcloud_publisher:/root/ros2_ws/install/examples_rclpy_minimal_subscriber:/root/ros2_ws/install/examples_rclpy_minimal_service:/root/ros2_ws/install/examples_rclpy_minimal_publisher:/root/ros2_ws/install/examples_rclpy_minimal_client:/root/ros2_ws/install/examples_rclpy_minimal_action_server:/root/ros2_ws/install/examples_rclpy_minimal_action_client:/root/ros2_ws/install/examples_rclpy_guard_conditions:/root/ros2_ws/install/examples_rclpy_executors:/opt/ros/humble /usr/bin/cmake --install /root/ros2_ws/build/task3
[1.340s] DEBUG:colcon.colcon_core.event_handler.log_command:Invoked command in '/root/ros2_ws/build/action_tutorials_interfaces' returned '0': CMAKE_PREFIX_PATH=${CMAKE_PREFIX_PATH}:/root/ros2_ws/install/task5_tester:/root/ros2_ws/install/task4_tester:/root/ros2_ws/install/task3_tester:/root/ros2_ws/install/task2_tester:/root/ros2_ws/install/task1:/root/ros2_ws/install/py_srvcli:/root/ros2_ws/install/py_pubsub:/root/ros2_ws/install/my_action_pkg:/root/ros2_ws/install/launch_testing_examples:/root/ros2_ws/install/examples_rclpy_pointcloud_publisher:/root/ros2_ws/install/examples_rclpy_minimal_subscriber:/root/ros2_ws/install/examples_rclpy_minimal_service:/root/ros2_ws/install/examples_rclpy_minimal_publisher:/root/ros2_ws/install/examples_rclpy_minimal_client:/root/ros2_ws/install/examples_rclpy_minimal_action_server:/root/ros2_ws/install/examples_rclpy_minimal_action_client:/root/ros2_ws/install/examples_rclpy_guard_conditions:/root/ros2_ws/install/examples_rclpy_executors:/opt/ros/humble /usr/bin/cmake --build /root/ros2_ws/build/action_tutorials_interfaces -- -j28 -l28
[1.342s] DEBUG:colcon.colcon_core.event_handler.log_command:Invoking command in '/root/ros2_ws/build/action_tutorials_interfaces': CMAKE_PREFIX_PATH=${CMAKE_PREFIX_PATH}:/root/ros2_ws/install/task5_tester:/root/ros2_ws/install/task4_tester:/root/ros2_ws/install/task3_tester:/root/ros2_ws/install/task2_tester:/root/ros2_ws/install/task1:/root/ros2_ws/install/py_srvcli:/root/ros2_ws/install/py_pubsub:/root/ros2_ws/install/my_action_pkg:/root/ros2_ws/install/launch_testing_examples:/root/ros2_ws/install/examples_rclpy_pointcloud_publisher:/root/ros2_ws/install/examples_rclpy_minimal_subscriber:/root/ros2_ws/install/examples_rclpy_minimal_service:/root/ros2_ws/install/examples_rclpy_minimal_publisher:/root/ros2_ws/install/examples_rclpy_minimal_client:/root/ros2_ws/install/examples_rclpy_minimal_action_server:/root/ros2_ws/install/examples_rclpy_minimal_action_client:/root/ros2_ws/install/examples_rclpy_guard_conditions:/root/ros2_ws/install/examples_rclpy_executors:/opt/ros/humble /usr/bin/cmake --install /root/ros2_ws/build/action_tutorials_interfaces
[1.342s] DEBUG:colcon.colcon_core.event_handler.log_command:Invoked command in '/root/ros2_ws/build/task5' returned '0': CMAKE_PREFIX_PATH=${CMAKE_PREFIX_PATH}:/root/ros2_ws/install/task5_tester:/root/ros2_ws/install/task4_tester:/root/ros2_ws/install/task3_tester:/root/ros2_ws/install/task2_tester:/root/ros2_ws/install/task1:/root/ros2_ws/install/py_srvcli:/root/ros2_ws/install/py_pubsub:/root/ros2_ws/install/my_action_pkg:/root/ros2_ws/install/launch_testing_examples:/root/ros2_ws/install/examples_rclpy_pointcloud_publisher:/root/ros2_ws/install/examples_rclpy_minimal_subscriber:/root/ros2_ws/install/examples_rclpy_minimal_service:/root/ros2_ws/install/examples_rclpy_minimal_publisher:/root/ros2_ws/install/examples_rclpy_minimal_client:/root/ros2_ws/install/examples_rclpy_minimal_action_server:/root/ros2_ws/install/examples_rclpy_minimal_action_client:/root/ros2_ws/install/examples_rclpy_guard_conditions:/root/ros2_ws/install/examples_rclpy_executors:/opt/ros/humble /usr/bin/cmake --build /root/ros2_ws/build/task5 -- -j28 -l28
[1.345s] DEBUG:colcon.colcon_core.event_handler.log_command:Invoking command in '/root/ros2_ws/build/task5': CMAKE_PREFIX_PATH=${CMAKE_PREFIX_PATH}:/root/ros2_ws/install/task5_tester:/root/ros2_ws/install/task4_tester:/root/ros2_ws/install/task3_tester:/root/ros2_ws/install/task2_tester:/root/ros2_ws/install/task1:/root/ros2_ws/install/py_srvcli:/root/ros2_ws/install/py_pubsub:/root/ros2_ws/install/my_action_pkg:/root/ros2_ws/install/launch_testing_examples:/root/ros2_ws/install/examples_rclpy_pointcloud_publisher:/root/ros2_ws/install/examples_rclpy_minimal_subscriber:/root/ros2_ws/install/examples_rclpy_minimal_service:/root/ros2_ws/install/examples_rclpy_minimal_publisher:/root/ros2_ws/install/examples_rclpy_minimal_client:/root/ros2_ws/install/examples_rclpy_minimal_action_server:/root/ros2_ws/install/examples_rclpy_minimal_action_client:/root/ros2_ws/install/examples_rclpy_guard_conditions:/root/ros2_ws/install/examples_rclpy_executors:/opt/ros/humble /usr/bin/cmake --install /root/ros2_ws/build/task5
[1.368s] Level 1:colcon.colcon_core.environment:create_environment_scripts_only(action_tutorials_interfaces)
[1.376s] DEBUG:colcon.colcon_core.event_handler.log_command:Invoked command in '/root/ros2_ws/build/task2' returned '0': CMAKE_PREFIX_PATH=${CMAKE_PREFIX_PATH}:/root/ros2_ws/install/task5_tester:/root/ros2_ws/install/task4_tester:/root/ros2_ws/install/task3_tester:/root/ros2_ws/install/task2_tester:/root/ros2_ws/install/task1:/root/ros2_ws/install/py_srvcli:/root/ros2_ws/install/py_pubsub:/root/ros2_ws/install/my_action_pkg:/root/ros2_ws/install/launch_testing_examples:/root/ros2_ws/install/examples_rclpy_pointcloud_publisher:/root/ros2_ws/install/examples_rclpy_minimal_subscriber:/root/ros2_ws/install/examples_rclpy_minimal_service:/root/ros2_ws/install/examples_rclpy_minimal_publisher:/root/ros2_ws/install/examples_rclpy_minimal_client:/root/ros2_ws/install/examples_rclpy_minimal_action_server:/root/ros2_ws/install/examples_rclpy_minimal_action_client:/root/ros2_ws/install/examples_rclpy_guard_conditions:/root/ros2_ws/install/examples_rclpy_executors:/opt/ros/humble /usr/bin/cmake --build /root/ros2_ws/build/task2 -- -j28 -l28
[1.376s] DEBUG:colcon.colcon_core.event_handler.log_command:Invoking command in '/root/ros2_ws/build/task2': CMAKE_PREFIX_PATH=${CMAKE_PREFIX_PATH}:/root/ros2_ws/install/task5_tester:/root/ros2_ws/install/task4_tester:/root/ros2_ws/install/task3_tester:/root/ros2_ws/install/task2_tester:/root/ros2_ws/install/task1:/root/ros2_ws/install/py_srvcli:/root/ros2_ws/install/py_pubsub:/root/ros2_ws/install/my_action_pkg:/root/ros2_ws/install/launch_testing_examples:/root/ros2_ws/install/examples_rclpy_pointcloud_publisher:/root/ros2_ws/install/examples_rclpy_minimal_subscriber:/root/ros2_ws/install/examples_rclpy_minimal_service:/root/ros2_ws/install/examples_rclpy_minimal_publisher:/root/ros2_ws/install/examples_rclpy_minimal_client:/root/ros2_ws/install/examples_rclpy_minimal_action_server:/root/ros2_ws/install/examples_rclpy_minimal_action_client:/root/ros2_ws/install/examples_rclpy_guard_conditions:/root/ros2_ws/install/examples_rclpy_executors:/opt/ros/humble /usr/bin/cmake --install /root/ros2_ws/build/task2
[1.377s] DEBUG:colcon.colcon_core.event_handler.log_command:Invoked command in '/root/ros2_ws/build/action_tutorials_interfaces' returned '0': CMAKE_PREFIX_PATH=${CMAKE_PREFIX_PATH}:/root/ros2_ws/install/task5_tester:/root/ros2_ws/install/task4_tester:/root/ros2_ws/install/task3_tester:/root/ros2_ws/install/task2_tester:/root/ros2_ws/install/task1:/root/ros2_ws/install/py_srvcli:/root/ros2_ws/install/py_pubsub:/root/ros2_ws/install/my_action_pkg:/root/ros2_ws/install/launch_testing_examples:/root/ros2_ws/install/examples_rclpy_pointcloud_publisher:/root/ros2_ws/install/examples_rclpy_minimal_subscriber:/root/ros2_ws/install/examples_rclpy_minimal_service:/root/ros2_ws/install/examples_rclpy_minimal_publisher:/root/ros2_ws/install/examples_rclpy_minimal_client:/root/ros2_ws/install/examples_rclpy_minimal_action_server:/root/ros2_ws/install/examples_rclpy_minimal_action_client:/root/ros2_ws/install/examples_rclpy_guard_conditions:/root/ros2_ws/install/examples_rclpy_executors:/opt/ros/humble /usr/bin/cmake --install /root/ros2_ws/build/action_tutorials_interfaces
[1.379s] Level 1:colcon.colcon_core.environment:checking '/root/ros2_ws/install/action_tutorials_interfaces' for CMake module files
[1.379s] Level 1:colcon.colcon_core.environment:checking '/root/ros2_ws/install/action_tutorials_interfaces' for CMake config files
[1.380s] Level 1:colcon.colcon_core.shell:create_environment_hook('action_tutorials_interfaces', 'cmake_prefix_path')
[1.380s] INFO:colcon.colcon_core.shell:Creating environment hook '/root/ros2_ws/install/action_tutorials_interfaces/share/action_tutorials_interfaces/hook/cmake_prefix_path.ps1'
[1.380s] INFO:colcon.colcon_core.shell:Creating environment descriptor '/root/ros2_ws/install/action_tutorials_interfaces/share/action_tutorials_interfaces/hook/cmake_prefix_path.dsv'
[1.381s] INFO:colcon.colcon_core.shell:Creating environment hook '/root/ros2_ws/install/action_tutorials_interfaces/share/action_tutorials_interfaces/hook/cmake_prefix_path.sh'
[1.381s] Level 1:colcon.colcon_core.environment:checking '/root/ros2_ws/install/action_tutorials_interfaces/bin'
[1.381s] Level 1:colcon.colcon_core.environment:checking '/root/ros2_ws/install/action_tutorials_interfaces/lib/pkgconfig/action_tutorials_interfaces.pc'
[1.382s] Level 1:colcon.colcon_core.environment:checking '/root/ros2_ws/install/action_tutorials_interfaces/lib/python3.10/site-packages'
[1.382s] Level 1:colcon.colcon_core.environment:checking '/root/ros2_ws/install/action_tutorials_interfaces/bin'
[1.382s] INFO:colcon.colcon_core.shell:Creating package script '/root/ros2_ws/install/action_tutorials_interfaces/share/action_tutorials_interfaces/package.ps1'
[1.384s] INFO:colcon.colcon_core.shell:Creating package descriptor '/root/ros2_ws/install/action_tutorials_interfaces/share/action_tutorials_interfaces/package.dsv'
[1.384s] INFO:colcon.colcon_core.shell:Creating package script '/root/ros2_ws/install/action_tutorials_interfaces/share/action_tutorials_interfaces/package.sh'
[1.385s] INFO:colcon.colcon_core.shell:Creating package script '/root/ros2_ws/install/action_tutorials_interfaces/share/action_tutorials_interfaces/package.bash'
[1.385s] INFO:colcon.colcon_core.shell:Creating package script '/root/ros2_ws/install/action_tutorials_interfaces/share/action_tutorials_interfaces/package.zsh'
[1.386s] Level 1:colcon.colcon_core.environment:create_file_with_runtime_dependencies(/root/ros2_ws/install/action_tutorials_interfaces/share/colcon-core/packages/action_tutorials_interfaces)
[1.387s] Level 1:colcon.colcon_core.environment:create_environment_scripts_only(action_tutorials_interfaces)
[1.387s] Level 1:colcon.colcon_core.environment:checking '/root/ros2_ws/install/action_tutorials_interfaces' for CMake module files
[1.387s] Level 1:colcon.colcon_core.environment:checking '/root/ros2_ws/install/action_tutorials_interfaces' for CMake config files
[1.388s] Level 1:colcon.colcon_core.shell:create_environment_hook('action_tutorials_interfaces', 'cmake_prefix_path')
[1.388s] INFO:colcon.colcon_core.shell:Creating environment hook '/root/ros2_ws/install/action_tutorials_interfaces/share/action_tutorials_interfaces/hook/cmake_prefix_path.ps1'
[1.388s] INFO:colcon.colcon_core.shell:Creating environment descriptor '/root/ros2_ws/install/action_tutorials_interfaces/share/action_tutorials_interfaces/hook/cmake_prefix_path.dsv'
[1.389s] INFO:colcon.colcon_core.shell:Creating environment hook '/root/ros2_ws/install/action_tutorials_interfaces/share/action_tutorials_interfaces/hook/cmake_prefix_path.sh'
[1.389s] Level 1:colcon.colcon_core.environment:checking '/root/ros2_ws/install/action_tutorials_interfaces/bin'
[1.389s] Level 1:colcon.colcon_core.environment:checking '/root/ros2_ws/install/action_tutorials_interfaces/lib/pkgconfig/action_tutorials_interfaces.pc'
[1.389s] Level 1:colcon.colcon_core.environment:checking '/root/ros2_ws/install/action_tutorials_interfaces/lib/python3.10/site-packages'
[1.390s] Level 1:colcon.colcon_core.environment:checking '/root/ros2_ws/install/action_tutorials_interfaces/bin'
[1.390s] INFO:colcon.colcon_core.shell:Creating package script '/root/ros2_ws/install/action_tutorials_interfaces/share/action_tutorials_interfaces/package.ps1'
[1.391s] INFO:colcon.colcon_core.shell:Creating package descriptor '/root/ros2_ws/install/action_tutorials_interfaces/share/action_tutorials_interfaces/package.dsv'
[1.391s] INFO:colcon.colcon_core.shell:Creating package script '/root/ros2_ws/install/action_tutorials_interfaces/share/action_tutorials_interfaces/package.sh'
[1.392s] INFO:colcon.colcon_core.shell:Creating package script '/root/ros2_ws/install/action_tutorials_interfaces/share/action_tutorials_interfaces/package.bash'
[1.392s] INFO:colcon.colcon_core.shell:Creating package script '/root/ros2_ws/install/action_tutorials_interfaces/share/action_tutorials_interfaces/package.zsh'
[1.392s] Level 1:colcon.colcon_core.environment:create_file_with_runtime_dependencies(/root/ros2_ws/install/action_tutorials_interfaces/share/colcon-core/packages/action_tutorials_interfaces)
[1.400s] DEBUG:colcon.colcon_core.event_handler.log_command:Invoked command in '/root/ros2_ws/build/task4' returned '0': CMAKE_PREFIX_PATH=${CMAKE_PREFIX_PATH}:/root/ros2_ws/install/task5_tester:/root/ros2_ws/install/task4_tester:/root/ros2_ws/install/task3_tester:/root/ros2_ws/install/task2_tester:/root/ros2_ws/install/task1:/root/ros2_ws/install/py_srvcli:/root/ros2_ws/install/py_pubsub:/root/ros2_ws/install/my_action_pkg:/root/ros2_ws/install/launch_testing_examples:/root/ros2_ws/install/examples_rclpy_pointcloud_publisher:/root/ros2_ws/install/examples_rclpy_minimal_subscriber:/root/ros2_ws/install/examples_rclpy_minimal_service:/root/ros2_ws/install/examples_rclpy_minimal_publisher:/root/ros2_ws/install/examples_rclpy_minimal_client:/root/ros2_ws/install/examples_rclpy_minimal_action_server:/root/ros2_ws/install/examples_rclpy_minimal_action_client:/root/ros2_ws/install/examples_rclpy_guard_conditions:/root/ros2_ws/install/examples_rclpy_executors:/opt/ros/humble /usr/bin/cmake --build /root/ros2_ws/build/task4 -- -j28 -l28
[1.402s] DEBUG:colcon.colcon_core.event_handler.log_command:Invoking command in '/root/ros2_ws/build/task4': CMAKE_PREFIX_PATH=${CMAKE_PREFIX_PATH}:/root/ros2_ws/install/task5_tester:/root/ros2_ws/install/task4_tester:/root/ros2_ws/install/task3_tester:/root/ros2_ws/install/task2_tester:/root/ros2_ws/install/task1:/root/ros2_ws/install/py_srvcli:/root/ros2_ws/install/py_pubsub:/root/ros2_ws/install/my_action_pkg:/root/ros2_ws/install/launch_testing_examples:/root/ros2_ws/install/examples_rclpy_pointcloud_publisher:/root/ros2_ws/install/examples_rclpy_minimal_subscriber:/root/ros2_ws/install/examples_rclpy_minimal_service:/root/ros2_ws/install/examples_rclpy_minimal_publisher:/root/ros2_ws/install/examples_rclpy_minimal_client:/root/ros2_ws/install/examples_rclpy_minimal_action_server:/root/ros2_ws/install/examples_rclpy_minimal_action_client:/root/ros2_ws/install/examples_rclpy_guard_conditions:/root/ros2_ws/install/examples_rclpy_executors:/opt/ros/humble /usr/bin/cmake --install /root/ros2_ws/build/task4
[1.422s] Level 1:colcon.colcon_core.environment:create_environment_scripts_only(task3)
[1.422s] DEBUG:colcon.colcon_core.event_handler.log_command:Invoked command in '/root/ros2_ws/build/task3' returned '0': CMAKE_PREFIX_PATH=${CMAKE_PREFIX_PATH}:/root/ros2_ws/install/task5_tester:/root/ros2_ws/install/task4_tester:/root/ros2_ws/install/task3_tester:/root/ros2_ws/install/task2_tester:/root/ros2_ws/install/task1:/root/ros2_ws/install/py_srvcli:/root/ros2_ws/install/py_pubsub:/root/ros2_ws/install/my_action_pkg:/root/ros2_ws/install/launch_testing_examples:/root/ros2_ws/install/examples_rclpy_pointcloud_publisher:/root/ros2_ws/install/examples_rclpy_minimal_subscriber:/root/ros2_ws/install/examples_rclpy_minimal_service:/root/ros2_ws/install/examples_rclpy_minimal_publisher:/root/ros2_ws/install/examples_rclpy_minimal_client:/root/ros2_ws/install/examples_rclpy_minimal_action_server:/root/ros2_ws/install/examples_rclpy_minimal_action_client:/root/ros2_ws/install/examples_rclpy_guard_conditions:/root/ros2_ws/install/examples_rclpy_executors:/opt/ros/humble /usr/bin/cmake --install /root/ros2_ws/build/task3
[1.423s] Level 1:colcon.colcon_core.environment:checking '/root/ros2_ws/install/task3' for CMake module files
[1.423s] Level 1:colcon.colcon_core.environment:checking '/root/ros2_ws/install/task3' for CMake config files
[1.424s] Level 1:colcon.colcon_core.shell:create_environment_hook('task3', 'cmake_prefix_path')
[1.424s] INFO:colcon.colcon_core.shell:Creating environment hook '/root/ros2_ws/install/task3/share/task3/hook/cmake_prefix_path.ps1'
[1.425s] INFO:colcon.colcon_core.shell:Creating environment descriptor '/root/ros2_ws/install/task3/share/task3/hook/cmake_prefix_path.dsv'
[1.425s] INFO:colcon.colcon_core.shell:Creating environment hook '/root/ros2_ws/install/task3/share/task3/hook/cmake_prefix_path.sh'
[1.426s] Level 1:colcon.colcon_core.environment:checking '/root/ros2_ws/install/task3/lib'
[1.426s] Level 1:colcon.colcon_core.shell:create_environment_hook('task3', 'ld_library_path_lib')
[1.426s] INFO:colcon.colcon_core.shell:Creating environment hook '/root/ros2_ws/install/task3/share/task3/hook/ld_library_path_lib.ps1'
[1.427s] INFO:colcon.colcon_core.shell:Creating environment descriptor '/root/ros2_ws/install/task3/share/task3/hook/ld_library_path_lib.dsv'
[1.427s] INFO:colcon.colcon_core.shell:Creating environment hook '/root/ros2_ws/install/task3/share/task3/hook/ld_library_path_lib.sh'
[1.427s] Level 1:colcon.colcon_core.environment:checking '/root/ros2_ws/install/task3/bin'
[1.427s] Level 1:colcon.colcon_core.environment:checking '/root/ros2_ws/install/task3/lib/pkgconfig/task3.pc'
[1.428s] Level 1:colcon.colcon_core.environment:checking '/root/ros2_ws/install/task3/lib/python3.10/site-packages'
[1.428s] Level 1:colcon.colcon_core.environment:checking '/root/ros2_ws/install/task3/bin'
[1.428s] INFO:colcon.colcon_core.shell:Creating package script '/root/ros2_ws/install/task3/share/task3/package.ps1'
[1.429s] INFO:colcon.colcon_core.shell:Creating package descriptor '/root/ros2_ws/install/task3/share/task3/package.dsv'
[1.429s] INFO:colcon.colcon_core.shell:Creating package script '/root/ros2_ws/install/task3/share/task3/package.sh'
[1.430s] INFO:colcon.colcon_core.shell:Creating package script '/root/ros2_ws/install/task3/share/task3/package.bash'
[1.430s] INFO:colcon.colcon_core.shell:Creating package script '/root/ros2_ws/install/task3/share/task3/package.zsh'
[1.430s] Level 1:colcon.colcon_core.environment:create_file_with_runtime_dependencies(/root/ros2_ws/install/task3/share/colcon-core/packages/task3)
[1.431s] Level 1:colcon.colcon_core.environment:create_environment_scripts_only(task3)
[1.431s] Level 1:colcon.colcon_core.environment:checking '/root/ros2_ws/install/task3' for CMake module files
[1.432s] Level 1:colcon.colcon_core.environment:checking '/root/ros2_ws/install/task3' for CMake config files
[1.433s] Level 1:colcon.colcon_core.shell:create_environment_hook('task3', 'cmake_prefix_path')
[1.433s] INFO:colcon.colcon_core.shell:Creating environment hook '/root/ros2_ws/install/task3/share/task3/hook/cmake_prefix_path.ps1'
[1.433s] INFO:colcon.colcon_core.shell:Creating environment descriptor '/root/ros2_ws/install/task3/share/task3/hook/cmake_prefix_path.dsv'
[1.434s] INFO:colcon.colcon_core.shell:Creating environment hook '/root/ros2_ws/install/task3/share/task3/hook/cmake_prefix_path.sh'
[1.434s] Level 1:colcon.colcon_core.environment:checking '/root/ros2_ws/install/task3/lib'
[1.434s] Level 1:colcon.colcon_core.shell:create_environment_hook('task3', 'ld_library_path_lib')
[1.435s] INFO:colcon.colcon_core.shell:Creating environment hook '/root/ros2_ws/install/task3/share/task3/hook/ld_library_path_lib.ps1'
[1.435s] INFO:colcon.colcon_core.shell:Creating environment descriptor '/root/ros2_ws/install/task3/share/task3/hook/ld_library_path_lib.dsv'
[1.435s] INFO:colcon.colcon_core.shell:Creating environment hook '/root/ros2_ws/install/task3/share/task3/hook/ld_library_path_lib.sh'
[1.436s] Level 1:colcon.colcon_core.environment:checking '/root/ros2_ws/install/task3/bin'
[1.436s] Level 1:colcon.colcon_core.environment:checking '/root/ros2_ws/install/task3/lib/pkgconfig/task3.pc'
[1.436s] Level 1:colcon.colcon_core.environment:checking '/root/ros2_ws/install/task3/lib/python3.10/site-packages'
[1.436s] Level 1:colcon.colcon_core.environment:checking '/root/ros2_ws/install/task3/bin'
[1.437s] INFO:colcon.colcon_core.shell:Creating package script '/root/ros2_ws/install/task3/share/task3/package.ps1'
[1.437s] INFO:colcon.colcon_core.shell:Creating package descriptor '/root/ros2_ws/install/task3/share/task3/package.dsv'
[1.438s] INFO:colcon.colcon_core.shell:Creating package script '/root/ros2_ws/install/task3/share/task3/package.sh'
[1.438s] INFO:colcon.colcon_core.shell:Creating package script '/root/ros2_ws/install/task3/share/task3/package.bash'
[1.439s] INFO:colcon.colcon_core.shell:Creating package script '/root/ros2_ws/install/task3/share/task3/package.zsh'
[1.441s] Level 1:colcon.colcon_core.environment:create_file_with_runtime_dependencies(/root/ros2_ws/install/task3/share/colcon-core/packages/task3)
[1.443s] INFO:colcon.colcon_ros.task.ament_python.build:Building ROS package in '/root/ros2_ws/src/task3_tester' with build type 'ament_python'
[1.444s] Level 1:colcon.colcon_core.shell:create_environment_hook('task3_tester', 'ament_prefix_path')
[1.444s] INFO:colcon.colcon_core.shell:Creating environment hook '/root/ros2_ws/install/task3_tester/share/task3_tester/hook/ament_prefix_path.ps1'
[1.445s] INFO:colcon.colcon_core.shell:Creating environment descriptor '/root/ros2_ws/install/task3_tester/share/task3_tester/hook/ament_prefix_path.dsv'
[1.445s] INFO:colcon.colcon_core.shell:Creating environment hook '/root/ros2_ws/install/task3_tester/share/task3_tester/hook/ament_prefix_path.sh'
[1.445s] INFO:colcon.colcon_core.shell:Skip shell extension 'powershell' for command environment: Not usable outside of PowerShell
[1.446s] DEBUG:colcon.colcon_core.shell:Skip shell extension 'dsv' for command environment
[1.451s] Level 1:colcon.colcon_core.environment:create_environment_scripts_only(task5)
[1.451s] Level 1:colcon.colcon_core.environment:checking '/root/ros2_ws/install/task5' for CMake module files
[1.451s] DEBUG:colcon.colcon_core.event_handler.log_command:Invoked command in '/root/ros2_ws/build/task5' returned '0': CMAKE_PREFIX_PATH=${CMAKE_PREFIX_PATH}:/root/ros2_ws/install/task5_tester:/root/ros2_ws/install/task4_tester:/root/ros2_ws/install/task3_tester:/root/ros2_ws/install/task2_tester:/root/ros2_ws/install/task1:/root/ros2_ws/install/py_srvcli:/root/ros2_ws/install/py_pubsub:/root/ros2_ws/install/my_action_pkg:/root/ros2_ws/install/launch_testing_examples:/root/ros2_ws/install/examples_rclpy_pointcloud_publisher:/root/ros2_ws/install/examples_rclpy_minimal_subscriber:/root/ros2_ws/install/examples_rclpy_minimal_service:/root/ros2_ws/install/examples_rclpy_minimal_publisher:/root/ros2_ws/install/examples_rclpy_minimal_client:/root/ros2_ws/install/examples_rclpy_minimal_action_server:/root/ros2_ws/install/examples_rclpy_minimal_action_client:/root/ros2_ws/install/examples_rclpy_guard_conditions:/root/ros2_ws/install/examples_rclpy_executors:/opt/ros/humble /usr/bin/cmake --install /root/ros2_ws/build/task5
[1.452s] Level 1:colcon.colcon_core.environment:checking '/root/ros2_ws/install/task5' for CMake config files
[1.453s] Level 1:colcon.colcon_core.shell:create_environment_hook('task5', 'cmake_prefix_path')
[1.453s] INFO:colcon.colcon_core.shell:Creating environment hook '/root/ros2_ws/install/task5/share/task5/hook/cmake_prefix_path.ps1'
[1.453s] INFO:colcon.colcon_core.shell:Creating environment descriptor '/root/ros2_ws/install/task5/share/task5/hook/cmake_prefix_path.dsv'
[1.454s] INFO:colcon.colcon_core.shell:Creating environment hook '/root/ros2_ws/install/task5/share/task5/hook/cmake_prefix_path.sh'
[1.454s] Level 1:colcon.colcon_core.environment:checking '/root/ros2_ws/install/task5/lib'
[1.454s] Level 1:colcon.colcon_core.shell:create_environment_hook('task5', 'ld_library_path_lib')
[1.454s] INFO:colcon.colcon_core.shell:Creating environment hook '/root/ros2_ws/install/task5/share/task5/hook/ld_library_path_lib.ps1'
[1.455s] INFO:colcon.colcon_core.shell:Creating environment descriptor '/root/ros2_ws/install/task5/share/task5/hook/ld_library_path_lib.dsv'
[1.455s] INFO:colcon.colcon_core.shell:Creating environment hook '/root/ros2_ws/install/task5/share/task5/hook/ld_library_path_lib.sh'
[1.455s] Level 1:colcon.colcon_core.environment:checking '/root/ros2_ws/install/task5/bin'
[1.455s] Level 1:colcon.colcon_core.environment:checking '/root/ros2_ws/install/task5/lib/pkgconfig/task5.pc'
[1.456s] Level 1:colcon.colcon_core.environment:checking '/root/ros2_ws/install/task5/lib/python3.10/site-packages'
[1.456s] Level 1:colcon.colcon_core.environment:checking '/root/ros2_ws/install/task5/bin'
[1.456s] INFO:colcon.colcon_core.shell:Creating package script '/root/ros2_ws/install/task5/share/task5/package.ps1'
[1.457s] INFO:colcon.colcon_core.shell:Creating package descriptor '/root/ros2_ws/install/task5/share/task5/package.dsv'
[1.457s] INFO:colcon.colcon_core.shell:Creating package script '/root/ros2_ws/install/task5/share/task5/package.sh'
[1.458s] INFO:colcon.colcon_core.shell:Creating package script '/root/ros2_ws/install/task5/share/task5/package.bash'
[1.458s] INFO:colcon.colcon_core.shell:Creating package script '/root/ros2_ws/install/task5/share/task5/package.zsh'
[1.458s] Level 1:colcon.colcon_core.environment:create_file_with_runtime_dependencies(/root/ros2_ws/install/task5/share/colcon-core/packages/task5)
[1.459s] Level 1:colcon.colcon_core.environment:create_environment_scripts_only(task5)
[1.459s] Level 1:colcon.colcon_core.environment:checking '/root/ros2_ws/install/task5' for CMake module files
[1.460s] Level 1:colcon.colcon_core.environment:checking '/root/ros2_ws/install/task5' for CMake config files
[1.461s] Level 1:colcon.colcon_core.shell:create_environment_hook('task5', 'cmake_prefix_path')
[1.461s] INFO:colcon.colcon_core.shell:Creating environment hook '/root/ros2_ws/install/task5/share/task5/hook/cmake_prefix_path.ps1'
[1.461s] INFO:colcon.colcon_core.shell:Creating environment descriptor '/root/ros2_ws/install/task5/share/task5/hook/cmake_prefix_path.dsv'
[1.461s] INFO:colcon.colcon_core.shell:Creating environment hook '/root/ros2_ws/install/task5/share/task5/hook/cmake_prefix_path.sh'
[1.462s] Level 1:colcon.colcon_core.environment:checking '/root/ros2_ws/install/task5/lib'
[1.462s] Level 1:colcon.colcon_core.shell:create_environment_hook('task5', 'ld_library_path_lib')
[1.462s] INFO:colcon.colcon_core.shell:Creating environment hook '/root/ros2_ws/install/task5/share/task5/hook/ld_library_path_lib.ps1'
[1.463s] INFO:colcon.colcon_core.shell:Creating environment descriptor '/root/ros2_ws/install/task5/share/task5/hook/ld_library_path_lib.dsv'
[1.463s] INFO:colcon.colcon_core.shell:Creating environment hook '/root/ros2_ws/install/task5/share/task5/hook/ld_library_path_lib.sh'
[1.463s] Level 1:colcon.colcon_core.environment:checking '/root/ros2_ws/install/task5/bin'
[1.463s] Level 1:colcon.colcon_core.environment:checking '/root/ros2_ws/install/task5/lib/pkgconfig/task5.pc'
[1.464s] Level 1:colcon.colcon_core.environment:checking '/root/ros2_ws/install/task5/lib/python3.10/site-packages'
[1.464s] Level 1:colcon.colcon_core.environment:checking '/root/ros2_ws/install/task5/bin'
[1.464s] INFO:colcon.colcon_core.shell:Creating package script '/root/ros2_ws/install/task5/share/task5/package.ps1'
[1.465s] INFO:colcon.colcon_core.shell:Creating package descriptor '/root/ros2_ws/install/task5/share/task5/package.dsv'
[1.465s] INFO:colcon.colcon_core.shell:Creating package script '/root/ros2_ws/install/task5/share/task5/package.sh'
[1.466s] INFO:colcon.colcon_core.shell:Creating package script '/root/ros2_ws/install/task5/share/task5/package.bash'
[1.466s] INFO:colcon.colcon_core.shell:Creating package script '/root/ros2_ws/install/task5/share/task5/package.zsh'
[1.467s] Level 1:colcon.colcon_core.environment:create_file_with_runtime_dependencies(/root/ros2_ws/install/task5/share/colcon-core/packages/task5)
[1.468s] INFO:colcon.colcon_ros.task.ament_python.build:Building ROS package in '/root/ros2_ws/src/task5_tester' with build type 'ament_python'
[1.468s] Level 1:colcon.colcon_core.shell:create_environment_hook('task5_tester', 'ament_prefix_path')
[1.468s] INFO:colcon.colcon_core.shell:Creating environment hook '/root/ros2_ws/install/task5_tester/share/task5_tester/hook/ament_prefix_path.ps1'
[1.469s] INFO:colcon.colcon_core.shell:Creating environment descriptor '/root/ros2_ws/install/task5_tester/share/task5_tester/hook/ament_prefix_path.dsv'
[1.469s] INFO:colcon.colcon_core.shell:Creating environment hook '/root/ros2_ws/install/task5_tester/share/task5_tester/hook/ament_prefix_path.sh'
[1.470s] INFO:colcon.colcon_core.shell:Skip shell extension 'powershell' for command environment: Not usable outside of PowerShell
[1.470s] DEBUG:colcon.colcon_core.shell:Skip shell extension 'dsv' for command environment
[1.476s] Level 1:colcon.colcon_core.environment:create_environment_scripts_only(task2)
[1.476s] Level 1:colcon.colcon_core.environment:checking '/root/ros2_ws/install/task2' for CMake module files
[1.476s] DEBUG:colcon.colcon_core.event_handler.log_command:Invoked command in '/root/ros2_ws/build/task2' returned '0': CMAKE_PREFIX_PATH=${CMAKE_PREFIX_PATH}:/root/ros2_ws/install/task5_tester:/root/ros2_ws/install/task4_tester:/root/ros2_ws/install/task3_tester:/root/ros2_ws/install/task2_tester:/root/ros2_ws/install/task1:/root/ros2_ws/install/py_srvcli:/root/ros2_ws/install/py_pubsub:/root/ros2_ws/install/my_action_pkg:/root/ros2_ws/install/launch_testing_examples:/root/ros2_ws/install/examples_rclpy_pointcloud_publisher:/root/ros2_ws/install/examples_rclpy_minimal_subscriber:/root/ros2_ws/install/examples_rclpy_minimal_service:/root/ros2_ws/install/examples_rclpy_minimal_publisher:/root/ros2_ws/install/examples_rclpy_minimal_client:/root/ros2_ws/install/examples_rclpy_minimal_action_server:/root/ros2_ws/install/examples_rclpy_minimal_action_client:/root/ros2_ws/install/examples_rclpy_guard_conditions:/root/ros2_ws/install/examples_rclpy_executors:/opt/ros/humble /usr/bin/cmake --install /root/ros2_ws/build/task2
[1.477s] Level 1:colcon.colcon_core.environment:checking '/root/ros2_ws/install/task2' for CMake config files
[1.477s] Level 1:colcon.colcon_core.shell:create_environment_hook('task2', 'cmake_prefix_path')
[1.478s] INFO:colcon.colcon_core.shell:Creating environment hook '/root/ros2_ws/install/task2/share/task2/hook/cmake_prefix_path.ps1'
[1.478s] INFO:colcon.colcon_core.shell:Creating environment descriptor '/root/ros2_ws/install/task2/share/task2/hook/cmake_prefix_path.dsv'
[1.479s] INFO:colcon.colcon_core.shell:Creating environment hook '/root/ros2_ws/install/task2/share/task2/hook/cmake_prefix_path.sh'
[1.482s] Level 1:colcon.colcon_core.environment:checking '/root/ros2_ws/install/task2/lib'
[1.482s] Level 1:colcon.colcon_core.shell:create_environment_hook('task2', 'ld_library_path_lib')
[1.482s] INFO:colcon.colcon_core.shell:Creating environment hook '/root/ros2_ws/install/task2/share/task2/hook/ld_library_path_lib.ps1'
[1.483s] INFO:colcon.colcon_core.shell:Creating environment descriptor '/root/ros2_ws/install/task2/share/task2/hook/ld_library_path_lib.dsv'
[1.484s] INFO:colcon.colcon_core.shell:Creating environment hook '/root/ros2_ws/install/task2/share/task2/hook/ld_library_path_lib.sh'
[1.484s] Level 1:colcon.colcon_core.environment:checking '/root/ros2_ws/install/task2/bin'
[1.484s] Level 1:colcon.colcon_core.environment:checking '/root/ros2_ws/install/task2/lib/pkgconfig/task2.pc'
[1.484s] Level 1:colcon.colcon_core.environment:checking '/root/ros2_ws/install/task2/lib/python3.10/site-packages'
[1.485s] Level 1:colcon.colcon_core.environment:checking '/root/ros2_ws/install/task2/bin'
[1.485s] INFO:colcon.colcon_core.shell:Creating package script '/root/ros2_ws/install/task2/share/task2/package.ps1'
[1.486s] INFO:colcon.colcon_core.shell:Creating package descriptor '/root/ros2_ws/install/task2/share/task2/package.dsv'
[1.486s] INFO:colcon.colcon_core.shell:Creating package script '/root/ros2_ws/install/task2/share/task2/package.sh'
[1.486s] INFO:colcon.colcon_core.shell:Creating package script '/root/ros2_ws/install/task2/share/task2/package.bash'
[1.487s] INFO:colcon.colcon_core.shell:Creating package script '/root/ros2_ws/install/task2/share/task2/package.zsh'
[1.487s] Level 1:colcon.colcon_core.environment:create_file_with_runtime_dependencies(/root/ros2_ws/install/task2/share/colcon-core/packages/task2)
[1.488s] Level 1:colcon.colcon_core.environment:create_environment_scripts_only(task2)
[1.488s] Level 1:colcon.colcon_core.environment:checking '/root/ros2_ws/install/task2' for CMake module files
[1.488s] Level 1:colcon.colcon_core.environment:checking '/root/ros2_ws/install/task2' for CMake config files
[1.489s] Level 1:colcon.colcon_core.shell:create_environment_hook('task2', 'cmake_prefix_path')
[1.489s] INFO:colcon.colcon_core.shell:Creating environment hook '/root/ros2_ws/install/task2/share/task2/hook/cmake_prefix_path.ps1'
[1.490s] INFO:colcon.colcon_core.shell:Creating environment descriptor '/root/ros2_ws/install/task2/share/task2/hook/cmake_prefix_path.dsv'
[1.490s] INFO:colcon.colcon_core.shell:Creating environment hook '/root/ros2_ws/install/task2/share/task2/hook/cmake_prefix_path.sh'
[1.490s] Level 1:colcon.colcon_core.environment:checking '/root/ros2_ws/install/task2/lib'
[1.491s] Level 1:colcon.colcon_core.shell:create_environment_hook('task2', 'ld_library_path_lib')
[1.491s] INFO:colcon.colcon_core.shell:Creating environment hook '/root/ros2_ws/install/task2/share/task2/hook/ld_library_path_lib.ps1'
[1.491s] INFO:colcon.colcon_core.shell:Creating environment descriptor '/root/ros2_ws/install/task2/share/task2/hook/ld_library_path_lib.dsv'
[1.491s] INFO:colcon.colcon_core.shell:Creating environment hook '/root/ros2_ws/install/task2/share/task2/hook/ld_library_path_lib.sh'
[1.492s] Level 1:colcon.colcon_core.environment:checking '/root/ros2_ws/install/task2/bin'
[1.492s] Level 1:colcon.colcon_core.environment:checking '/root/ros2_ws/install/task2/lib/pkgconfig/task2.pc'
[1.492s] Level 1:colcon.colcon_core.environment:checking '/root/ros2_ws/install/task2/lib/python3.10/site-packages'
[1.492s] Level 1:colcon.colcon_core.environment:checking '/root/ros2_ws/install/task2/bin'
[1.493s] INFO:colcon.colcon_core.shell:Creating package script '/root/ros2_ws/install/task2/share/task2/package.ps1'
[1.493s] INFO:colcon.colcon_core.shell:Creating package descriptor '/root/ros2_ws/install/task2/share/task2/package.dsv'
[1.494s] INFO:colcon.colcon_core.shell:Creating package script '/root/ros2_ws/install/task2/share/task2/package.sh'
[1.494s] INFO:colcon.colcon_core.shell:Creating package script '/root/ros2_ws/install/task2/share/task2/package.bash'
[1.495s] INFO:colcon.colcon_core.shell:Creating package script '/root/ros2_ws/install/task2/share/task2/package.zsh'
[1.495s] Level 1:colcon.colcon_core.environment:create_file_with_runtime_dependencies(/root/ros2_ws/install/task2/share/colcon-core/packages/task2)
[1.781s] INFO:colcon.colcon_core.task.python.build:Building Python package in '/root/ros2_ws/src/task3_tester'
[1.781s] INFO:colcon.colcon_core.shell:Skip shell extension 'powershell' for command environment: Not usable outside of PowerShell
[1.781s] DEBUG:colcon.colcon_core.shell:Skip shell extension 'dsv' for command environment
[1.788s] Level 1:colcon.colcon_core.environment:create_environment_scripts_only(task4)
[1.788s] Level 1:colcon.colcon_core.environment:checking '/root/ros2_ws/install/task4' for CMake module files
[1.788s] DEBUG:colcon.colcon_core.event_handler.log_command:Invoked command in '/root/ros2_ws/build/task4' returned '0': CMAKE_PREFIX_PATH=${CMAKE_PREFIX_PATH}:/root/ros2_ws/install/task5_tester:/root/ros2_ws/install/task4_tester:/root/ros2_ws/install/task3_tester:/root/ros2_ws/install/task2_tester:/root/ros2_ws/install/task1:/root/ros2_ws/install/py_srvcli:/root/ros2_ws/install/py_pubsub:/root/ros2_ws/install/my_action_pkg:/root/ros2_ws/install/launch_testing_examples:/root/ros2_ws/install/examples_rclpy_pointcloud_publisher:/root/ros2_ws/install/examples_rclpy_minimal_subscriber:/root/ros2_ws/install/examples_rclpy_minimal_service:/root/ros2_ws/install/examples_rclpy_minimal_publisher:/root/ros2_ws/install/examples_rclpy_minimal_client:/root/ros2_ws/install/examples_rclpy_minimal_action_server:/root/ros2_ws/install/examples_rclpy_minimal_action_client:/root/ros2_ws/install/examples_rclpy_guard_conditions:/root/ros2_ws/install/examples_rclpy_executors:/opt/ros/humble /usr/bin/cmake --install /root/ros2_ws/build/task4
[1.789s] Level 1:colcon.colcon_core.environment:checking '/root/ros2_ws/install/task4' for CMake config files
[1.790s] Level 1:colcon.colcon_core.shell:create_environment_hook('task4', 'cmake_prefix_path')
[1.790s] INFO:colcon.colcon_core.shell:Creating environment hook '/root/ros2_ws/install/task4/share/task4/hook/cmake_prefix_path.ps1'
[1.790s] INFO:colcon.colcon_core.shell:Creating environment descriptor '/root/ros2_ws/install/task4/share/task4/hook/cmake_prefix_path.dsv'
[1.791s] INFO:colcon.colcon_core.shell:Creating environment hook '/root/ros2_ws/install/task4/share/task4/hook/cmake_prefix_path.sh'
[1.791s] Level 1:colcon.colcon_core.environment:checking '/root/ros2_ws/install/task4/lib'
[1.791s] Level 1:colcon.colcon_core.shell:create_environment_hook('task4', 'ld_library_path_lib')
[1.791s] INFO:colcon.colcon_core.shell:Creating environment hook '/root/ros2_ws/install/task4/share/task4/hook/ld_library_path_lib.ps1'
[1.792s] INFO:colcon.colcon_core.shell:Creating environment descriptor '/root/ros2_ws/install/task4/share/task4/hook/ld_library_path_lib.dsv'
[1.792s] INFO:colcon.colcon_core.shell:Creating environment hook '/root/ros2_ws/install/task4/share/task4/hook/ld_library_path_lib.sh'
[1.792s] Level 1:colcon.colcon_core.environment:checking '/root/ros2_ws/install/task4/bin'
[1.792s] Level 1:colcon.colcon_core.environment:checking '/root/ros2_ws/install/task4/lib/pkgconfig/task4.pc'
[1.793s] Level 1:colcon.colcon_core.environment:checking '/root/ros2_ws/install/task4/lib/python3.10/site-packages'
[1.793s] Level 1:colcon.colcon_core.environment:checking '/root/ros2_ws/install/task4/bin'
[1.793s] INFO:colcon.colcon_core.shell:Creating package script '/root/ros2_ws/install/task4/share/task4/package.ps1'
[1.794s] INFO:colcon.colcon_core.shell:Creating package descriptor '/root/ros2_ws/install/task4/share/task4/package.dsv'
[1.794s] INFO:colcon.colcon_core.shell:Creating package script '/root/ros2_ws/install/task4/share/task4/package.sh'
[1.795s] INFO:colcon.colcon_core.shell:Creating package script '/root/ros2_ws/install/task4/share/task4/package.bash'
[1.795s] INFO:colcon.colcon_core.shell:Creating package script '/root/ros2_ws/install/task4/share/task4/package.zsh'
[1.795s] Level 1:colcon.colcon_core.environment:create_file_with_runtime_dependencies(/root/ros2_ws/install/task4/share/colcon-core/packages/task4)
[1.796s] Level 1:colcon.colcon_core.environment:create_environment_scripts_only(task4)
[1.796s] Level 1:colcon.colcon_core.environment:checking '/root/ros2_ws/install/task4' for CMake module files
[1.797s] Level 1:colcon.colcon_core.environment:checking '/root/ros2_ws/install/task4' for CMake config files
[1.797s] Level 1:colcon.colcon_core.shell:create_environment_hook('task4', 'cmake_prefix_path')
[1.798s] INFO:colcon.colcon_core.shell:Creating environment hook '/root/ros2_ws/install/task4/share/task4/hook/cmake_prefix_path.ps1'
[1.798s] INFO:colcon.colcon_core.shell:Creating environment descriptor '/root/ros2_ws/install/task4/share/task4/hook/cmake_prefix_path.dsv'
[1.798s] INFO:colcon.colcon_core.shell:Creating environment hook '/root/ros2_ws/install/task4/share/task4/hook/cmake_prefix_path.sh'
[1.799s] Level 1:colcon.colcon_core.environment:checking '/root/ros2_ws/install/task4/lib'
[1.799s] Level 1:colcon.colcon_core.shell:create_environment_hook('task4', 'ld_library_path_lib')
[1.799s] INFO:colcon.colcon_core.shell:Creating environment hook '/root/ros2_ws/install/task4/share/task4/hook/ld_library_path_lib.ps1'
[1.800s] INFO:colcon.colcon_core.shell:Creating environment descriptor '/root/ros2_ws/install/task4/share/task4/hook/ld_library_path_lib.dsv'
[1.800s] INFO:colcon.colcon_core.shell:Creating environment hook '/root/ros2_ws/install/task4/share/task4/hook/ld_library_path_lib.sh'
[1.800s] Level 1:colcon.colcon_core.environment:checking '/root/ros2_ws/install/task4/bin'
[1.800s] Level 1:colcon.colcon_core.environment:checking '/root/ros2_ws/install/task4/lib/pkgconfig/task4.pc'
[1.801s] Level 1:colcon.colcon_core.environment:checking '/root/ros2_ws/install/task4/lib/python3.10/site-packages'
[1.801s] Level 1:colcon.colcon_core.environment:checking '/root/ros2_ws/install/task4/bin'
[1.801s] INFO:colcon.colcon_core.shell:Creating package script '/root/ros2_ws/install/task4/share/task4/package.ps1'
[1.802s] INFO:colcon.colcon_core.shell:Creating package descriptor '/root/ros2_ws/install/task4/share/task4/package.dsv'
[1.803s] INFO:colcon.colcon_core.shell:Creating package script '/root/ros2_ws/install/task4/share/task4/package.sh'
[1.803s] INFO:colcon.colcon_core.shell:Creating package script '/root/ros2_ws/install/task4/share/task4/package.bash'
[1.804s] INFO:colcon.colcon_core.shell:Creating package script '/root/ros2_ws/install/task4/share/task4/package.zsh'
[1.804s] Level 1:colcon.colcon_core.environment:create_file_with_runtime_dependencies(/root/ros2_ws/install/task4/share/colcon-core/packages/task4)
[2.088s] INFO:colcon.colcon_core.task.python.build:Building Python package in '/root/ros2_ws/src/task5_tester'
[2.089s] INFO:colcon.colcon_core.shell:Skip shell extension 'powershell' for command environment: Not usable outside of PowerShell
[2.089s] DEBUG:colcon.colcon_core.shell:Skip shell extension 'dsv' for command environment
[2.099s] DEBUG:colcon.colcon_core.event_handler.log_command:Invoking command in '/root/ros2_ws/src/task1': PYTHONPATH=/root/ros2_ws/build/task1/prefix_override:/usr/lib/python3/dist-packages/colcon_core/task/python/colcon_distutils_commands:/root/ros2_ws/install/task1/lib/python3.10/site-packages:${PYTHONPATH} /usr/bin/python3 -W ignore:setup.py install is deprecated -W ignore:easy_install command is deprecated setup.py egg_info --egg-base ../../build/task1 build --build-base /root/ros2_ws/build/task1/build install --record /root/ros2_ws/build/task1/install.log --single-version-externally-managed install_data
[2.102s] DEBUG:colcon.colcon_core.event_handler.log_command:Invoking command in '/root/ros2_ws/src/task4_tester': PYTHONPATH=/root/ros2_ws/build/task4_tester/prefix_override:/usr/lib/python3/dist-packages/colcon_core/task/python/colcon_distutils_commands:/root/ros2_ws/install/task4_tester/lib/python3.10/site-packages:${PYTHONPATH} /usr/bin/python3 -W ignore:setup.py install is deprecated -W ignore:easy_install command is deprecated setup.py egg_info --egg-base ../../build/task4_tester build --build-base /root/ros2_ws/build/task4_tester/build install --record /root/ros2_ws/build/task4_tester/install.log --single-version-externally-managed install_data
[2.104s] DEBUG:colcon.colcon_core.event_handler.log_command:Invoking command in '/root/ros2_ws/src/task2_tester': PYTHONPATH=/root/ros2_ws/build/task2_tester/prefix_override:/usr/lib/python3/dist-packages/colcon_core/task/python/colcon_distutils_commands:/root/ros2_ws/install/task2_tester/lib/python3.10/site-packages:${PYTHONPATH} /usr/bin/python3 -W ignore:setup.py install is deprecated -W ignore:easy_install command is deprecated setup.py egg_info --egg-base ../../build/task2_tester build --build-base /root/ros2_ws/build/task2_tester/build install --record /root/ros2_ws/build/task2_tester/install.log --single-version-externally-managed install_data
[2.422s] Level 1:colcon.colcon_core.environment:checking '/root/ros2_ws/install/task4_tester' for CMake module files
[2.423s] DEBUG:colcon.colcon_core.event_handler.log_command:Invoked command in '/root/ros2_ws/src/task4_tester' returned '0': PYTHONPATH=/root/ros2_ws/build/task4_tester/prefix_override:/usr/lib/python3/dist-packages/colcon_core/task/python/colcon_distutils_commands:/root/ros2_ws/install/task4_tester/lib/python3.10/site-packages:${PYTHONPATH} /usr/bin/python3 -W ignore:setup.py install is deprecated -W ignore:easy_install command is deprecated setup.py egg_info --egg-base ../../build/task4_tester build --build-base /root/ros2_ws/build/task4_tester/build install --record /root/ros2_ws/build/task4_tester/install.log --single-version-externally-managed install_data
[2.423s] Level 1:colcon.colcon_core.environment:checking '/root/ros2_ws/install/task4_tester' for CMake config files
[2.424s] Level 1:colcon.colcon_core.environment:checking '/root/ros2_ws/install/task4_tester/lib'
[2.424s] Level 1:colcon.colcon_core.environment:checking '/root/ros2_ws/install/task4_tester/bin'
[2.424s] Level 1:colcon.colcon_core.environment:checking '/root/ros2_ws/install/task4_tester/lib/pkgconfig/task4_tester.pc'
[2.425s] Level 1:colcon.colcon_core.environment:checking '/root/ros2_ws/install/task4_tester/lib/python3.10/site-packages'
[2.425s] Level 1:colcon.colcon_core.shell:create_environment_hook('task4_tester', 'pythonpath')
[2.425s] INFO:colcon.colcon_core.shell:Creating environment hook '/root/ros2_ws/install/task4_tester/share/task4_tester/hook/pythonpath.ps1'
[2.426s] INFO:colcon.colcon_core.shell:Creating environment descriptor '/root/ros2_ws/install/task4_tester/share/task4_tester/hook/pythonpath.dsv'
[2.426s] INFO:colcon.colcon_core.shell:Creating environment hook '/root/ros2_ws/install/task4_tester/share/task4_tester/hook/pythonpath.sh'
[2.427s] Level 1:colcon.colcon_core.environment:checking '/root/ros2_ws/install/task4_tester/bin'
[2.427s] Level 1:colcon.colcon_core.environment:create_environment_scripts_only(task4_tester)
[2.427s] INFO:colcon.colcon_core.shell:Creating package script '/root/ros2_ws/install/task4_tester/share/task4_tester/package.ps1'
[2.428s] INFO:colcon.colcon_core.shell:Creating package descriptor '/root/ros2_ws/install/task4_tester/share/task4_tester/package.dsv'
[2.428s] INFO:colcon.colcon_core.shell:Creating package script '/root/ros2_ws/install/task4_tester/share/task4_tester/package.sh'
[2.429s] INFO:colcon.colcon_core.shell:Creating package script '/root/ros2_ws/install/task4_tester/share/task4_tester/package.bash'
[2.429s] INFO:colcon.colcon_core.shell:Creating package script '/root/ros2_ws/install/task4_tester/share/task4_tester/package.zsh'
[2.429s] Level 1:colcon.colcon_core.environment:create_file_with_runtime_dependencies(/root/ros2_ws/install/task4_tester/share/colcon-core/packages/task4_tester)
[2.431s] Level 1:colcon.colcon_core.environment:checking '/root/ros2_ws/install/task1' for CMake module files
[2.432s] DEBUG:colcon.colcon_core.event_handler.log_command:Invoked command in '/root/ros2_ws/src/task1' returned '0': PYTHONPATH=/root/ros2_ws/build/task1/prefix_override:/usr/lib/python3/dist-packages/colcon_core/task/python/colcon_distutils_commands:/root/ros2_ws/install/task1/lib/python3.10/site-packages:${PYTHONPATH} /usr/bin/python3 -W ignore:setup.py install is deprecated -W ignore:easy_install command is deprecated setup.py egg_info --egg-base ../../build/task1 build --build-base /root/ros2_ws/build/task1/build install --record /root/ros2_ws/build/task1/install.log --single-version-externally-managed install_data
[2.432s] Level 1:colcon.colcon_core.environment:checking '/root/ros2_ws/install/task1' for CMake config files
[2.433s] Level 1:colcon.colcon_core.environment:checking '/root/ros2_ws/install/task1/lib'
[2.433s] Level 1:colcon.colcon_core.environment:checking '/root/ros2_ws/install/task1/bin'
[2.433s] Level 1:colcon.colcon_core.environment:checking '/root/ros2_ws/install/task1/lib/pkgconfig/task1.pc'
[2.434s] Level 1:colcon.colcon_core.environment:checking '/root/ros2_ws/install/task1/lib/python3.10/site-packages'
[2.434s] Level 1:colcon.colcon_core.shell:create_environment_hook('task1', 'pythonpath')
[2.434s] INFO:colcon.colcon_core.shell:Creating environment hook '/root/ros2_ws/install/task1/share/task1/hook/pythonpath.ps1'
[2.435s] INFO:colcon.colcon_core.shell:Creating environment descriptor '/root/ros2_ws/install/task1/share/task1/hook/pythonpath.dsv'
[2.436s] INFO:colcon.colcon_core.shell:Creating environment hook '/root/ros2_ws/install/task1/share/task1/hook/pythonpath.sh'
[2.437s] Level 1:colcon.colcon_core.environment:checking '/root/ros2_ws/install/task1/bin'
[2.437s] Level 1:colcon.colcon_core.environment:create_environment_scripts_only(task1)
[2.438s] INFO:colcon.colcon_core.shell:Creating package script '/root/ros2_ws/install/task1/share/task1/package.ps1'
[2.439s] INFO:colcon.colcon_core.shell:Creating package descriptor '/root/ros2_ws/install/task1/share/task1/package.dsv'
[2.439s] INFO:colcon.colcon_core.shell:Creating package script '/root/ros2_ws/install/task1/share/task1/package.sh'
[2.440s] INFO:colcon.colcon_core.shell:Creating package script '/root/ros2_ws/install/task1/share/task1/package.bash'
[2.440s] INFO:colcon.colcon_core.shell:Creating package script '/root/ros2_ws/install/task1/share/task1/package.zsh'
[2.441s] Level 1:colcon.colcon_core.environment:create_file_with_runtime_dependencies(/root/ros2_ws/install/task1/share/colcon-core/packages/task1)
[2.443s] Level 1:colcon.colcon_core.environment:checking '/root/ros2_ws/install/task2_tester' for CMake module files
[2.443s] DEBUG:colcon.colcon_core.event_handler.log_command:Invoked command in '/root/ros2_ws/src/task2_tester' returned '0': PYTHONPATH=/root/ros2_ws/build/task2_tester/prefix_override:/usr/lib/python3/dist-packages/colcon_core/task/python/colcon_distutils_commands:/root/ros2_ws/install/task2_tester/lib/python3.10/site-packages:${PYTHONPATH} /usr/bin/python3 -W ignore:setup.py install is deprecated -W ignore:easy_install command is deprecated setup.py egg_info --egg-base ../../build/task2_tester build --build-base /root/ros2_ws/build/task2_tester/build install --record /root/ros2_ws/build/task2_tester/install.log --single-version-externally-managed install_data
[2.444s] Level 1:colcon.colcon_core.environment:checking '/root/ros2_ws/install/task2_tester' for CMake config files
[2.444s] Level 1:colcon.colcon_core.environment:checking '/root/ros2_ws/install/task2_tester/lib'
[2.444s] Level 1:colcon.colcon_core.environment:checking '/root/ros2_ws/install/task2_tester/bin'
[2.444s] Level 1:colcon.colcon_core.environment:checking '/root/ros2_ws/install/task2_tester/lib/pkgconfig/task2_tester.pc'
[2.445s] Level 1:colcon.colcon_core.environment:checking '/root/ros2_ws/install/task2_tester/lib/python3.10/site-packages'
[2.445s] Level 1:colcon.colcon_core.shell:create_environment_hook('task2_tester', 'pythonpath')
[2.445s] INFO:colcon.colcon_core.shell:Creating environment hook '/root/ros2_ws/install/task2_tester/share/task2_tester/hook/pythonpath.ps1'
[2.445s] INFO:colcon.colcon_core.shell:Creating environment descriptor '/root/ros2_ws/install/task2_tester/share/task2_tester/hook/pythonpath.dsv'
[2.446s] INFO:colcon.colcon_core.shell:Creating environment hook '/root/ros2_ws/install/task2_tester/share/task2_tester/hook/pythonpath.sh'
[2.446s] Level 1:colcon.colcon_core.environment:checking '/root/ros2_ws/install/task2_tester/bin'
[2.446s] Level 1:colcon.colcon_core.environment:create_environment_scripts_only(task2_tester)
[2.447s] INFO:colcon.colcon_core.shell:Creating package script '/root/ros2_ws/install/task2_tester/share/task2_tester/package.ps1'
[2.447s] INFO:colcon.colcon_core.shell:Creating package descriptor '/root/ros2_ws/install/task2_tester/share/task2_tester/package.dsv'
[2.448s] INFO:colcon.colcon_core.shell:Creating package script '/root/ros2_ws/install/task2_tester/share/task2_tester/package.sh'
[2.448s] INFO:colcon.colcon_core.shell:Creating package script '/root/ros2_ws/install/task2_tester/share/task2_tester/package.bash'
[2.448s] INFO:colcon.colcon_core.shell:Creating package script '/root/ros2_ws/install/task2_tester/share/task2_tester/package.zsh'
[2.449s] Level 1:colcon.colcon_core.environment:create_file_with_runtime_dependencies(/root/ros2_ws/install/task2_tester/share/colcon-core/packages/task2_tester)
[2.496s] DEBUG:colcon.colcon_core.event_handler.log_command:Invoking command in '/root/ros2_ws/src/task3_tester': CMAKE_PREFIX_PATH=/root/ros2_ws/install/task3:/root/ros2_ws/install/task5:/root/ros2_ws/install/task4:/root/ros2_ws/install/task2:/root/ros2_ws/install/examples_rclcpp_wait_set:/root/ros2_ws/install/examples_rclcpp_cbg_executor:/root/ros2_ws/install/examples_rclcpp_async_client:/root/ros2_ws/install/action_tutorials_interfaces LD_LIBRARY_PATH=/root/ros2_ws/install/task3/lib:/root/ros2_ws/install/task5/lib:/root/ros2_ws/install/task4/lib:/root/ros2_ws/install/task2/lib:/root/ros2_ws/install/examples_rclcpp_wait_set/lib:/opt/ros/humble/opt/rviz_ogre_vendor/lib:/opt/ros/humble/lib/x86_64-linux-gnu:/opt/ros/humble/lib PYTHONPATH=/root/ros2_ws/build/task3_tester/prefix_override:/usr/lib/python3/dist-packages/colcon_core/task/python/colcon_distutils_commands:/root/ros2_ws/install/task3_tester/lib/python3.10/site-packages:${PYTHONPATH} /usr/bin/python3 -W ignore:setup.py install is deprecated -W ignore:easy_install command is deprecated setup.py egg_info --egg-base ../../build/task3_tester build --build-base /root/ros2_ws/build/task3_tester/build install --record /root/ros2_ws/build/task3_tester/install.log --single-version-externally-managed install_data
[2.498s] DEBUG:colcon.colcon_core.event_handler.log_command:Invoking command in '/root/ros2_ws/src/task5_tester': PYTHONPATH=/root/ros2_ws/build/task5_tester/prefix_override:/usr/lib/python3/dist-packages/colcon_core/task/python/colcon_distutils_commands:/root/ros2_ws/install/task5_tester/lib/python3.10/site-packages:${PYTHONPATH} /usr/bin/python3 -W ignore:setup.py install is deprecated -W ignore:easy_install command is deprecated setup.py egg_info --egg-base ../../build/task5_tester build --build-base /root/ros2_ws/build/task5_tester/build install --record /root/ros2_ws/build/task5_tester/install.log --single-version-externally-managed install_data
[2.813s] Level 1:colcon.colcon_core.environment:checking '/root/ros2_ws/install/task3_tester' for CMake module files
[2.813s] DEBUG:colcon.colcon_core.event_handler.log_command:Invoked command in '/root/ros2_ws/src/task3_tester' returned '0': CMAKE_PREFIX_PATH=/root/ros2_ws/install/task3:/root/ros2_ws/install/task5:/root/ros2_ws/install/task4:/root/ros2_ws/install/task2:/root/ros2_ws/install/examples_rclcpp_wait_set:/root/ros2_ws/install/examples_rclcpp_cbg_executor:/root/ros2_ws/install/examples_rclcpp_async_client:/root/ros2_ws/install/action_tutorials_interfaces LD_LIBRARY_PATH=/root/ros2_ws/install/task3/lib:/root/ros2_ws/install/task5/lib:/root/ros2_ws/install/task4/lib:/root/ros2_ws/install/task2/lib:/root/ros2_ws/install/examples_rclcpp_wait_set/lib:/opt/ros/humble/opt/rviz_ogre_vendor/lib:/opt/ros/humble/lib/x86_64-linux-gnu:/opt/ros/humble/lib PYTHONPATH=/root/ros2_ws/build/task3_tester/prefix_override:/usr/lib/python3/dist-packages/colcon_core/task/python/colcon_distutils_commands:/root/ros2_ws/install/task3_tester/lib/python3.10/site-packages:${PYTHONPATH} /usr/bin/python3 -W ignore:setup.py install is deprecated -W ignore:easy_install command is deprecated setup.py egg_info --egg-base ../../build/task3_tester build --build-base /root/ros2_ws/build/task3_tester/build install --record /root/ros2_ws/build/task3_tester/install.log --single-version-externally-managed install_data
[2.814s] Level 1:colcon.colcon_core.environment:checking '/root/ros2_ws/install/task3_tester' for CMake config files
[2.814s] Level 1:colcon.colcon_core.environment:checking '/root/ros2_ws/install/task3_tester/lib'
[2.814s] Level 1:colcon.colcon_core.environment:checking '/root/ros2_ws/install/task3_tester/bin'
[2.814s] Level 1:colcon.colcon_core.environment:checking '/root/ros2_ws/install/task3_tester/lib/pkgconfig/task3_tester.pc'
[2.815s] Level 1:colcon.colcon_core.environment:checking '/root/ros2_ws/install/task3_tester/lib/python3.10/site-packages'
[2.815s] Level 1:colcon.colcon_core.shell:create_environment_hook('task3_tester', 'pythonpath')
[2.815s] INFO:colcon.colcon_core.shell:Creating environment hook '/root/ros2_ws/install/task3_tester/share/task3_tester/hook/pythonpath.ps1'
[2.816s] INFO:colcon.colcon_core.shell:Creating environment descriptor '/root/ros2_ws/install/task3_tester/share/task3_tester/hook/pythonpath.dsv'
[2.816s] INFO:colcon.colcon_core.shell:Creating environment hook '/root/ros2_ws/install/task3_tester/share/task3_tester/hook/pythonpath.sh'
[2.817s] Level 1:colcon.colcon_core.environment:checking '/root/ros2_ws/install/task3_tester/bin'
[2.817s] Level 1:colcon.colcon_core.environment:create_environment_scripts_only(task3_tester)
[2.817s] INFO:colcon.colcon_core.shell:Creating package script '/root/ros2_ws/install/task3_tester/share/task3_tester/package.ps1'
[2.818s] INFO:colcon.colcon_core.shell:Creating package descriptor '/root/ros2_ws/install/task3_tester/share/task3_tester/package.dsv'
[2.818s] INFO:colcon.colcon_core.shell:Creating package script '/root/ros2_ws/install/task3_tester/share/task3_tester/package.sh'
[2.819s] INFO:colcon.colcon_core.shell:Creating package script '/root/ros2_ws/install/task3_tester/share/task3_tester/package.bash'
[2.819s] INFO:colcon.colcon_core.shell:Creating package script '/root/ros2_ws/install/task3_tester/share/task3_tester/package.zsh'
[2.819s] Level 1:colcon.colcon_core.environment:create_file_with_runtime_dependencies(/root/ros2_ws/install/task3_tester/share/colcon-core/packages/task3_tester)
[2.821s] Level 1:colcon.colcon_core.environment:checking '/root/ros2_ws/install/task5_tester' for CMake module files
[2.821s] DEBUG:colcon.colcon_core.event_handler.log_command:Invoked command in '/root/ros2_ws/src/task5_tester' returned '0': PYTHONPATH=/root/ros2_ws/build/task5_tester/prefix_override:/usr/lib/python3/dist-packages/colcon_core/task/python/colcon_distutils_commands:/root/ros2_ws/install/task5_tester/lib/python3.10/site-packages:${PYTHONPATH} /usr/bin/python3 -W ignore:setup.py install is deprecated -W ignore:easy_install command is deprecated setup.py egg_info --egg-base ../../build/task5_tester build --build-base /root/ros2_ws/build/task5_tester/build install --record /root/ros2_ws/build/task5_tester/install.log --single-version-externally-managed install_data
[2.821s] Level 1:colcon.colcon_core.environment:checking '/root/ros2_ws/install/task5_tester' for CMake config files
[2.822s] Level 1:colcon.colcon_core.environment:checking '/root/ros2_ws/install/task5_tester/lib'
[2.822s] Level 1:colcon.colcon_core.environment:checking '/root/ros2_ws/install/task5_tester/bin'
[2.822s] Level 1:colcon.colcon_core.environment:checking '/root/ros2_ws/install/task5_tester/lib/pkgconfig/task5_tester.pc'
[2.822s] Level 1:colcon.colcon_core.environment:checking '/root/ros2_ws/install/task5_tester/lib/python3.10/site-packages'
[2.822s] Level 1:colcon.colcon_core.shell:create_environment_hook('task5_tester', 'pythonpath')
[2.823s] INFO:colcon.colcon_core.shell:Creating environment hook '/root/ros2_ws/install/task5_tester/share/task5_tester/hook/pythonpath.ps1'
[2.823s] INFO:colcon.colcon_core.shell:Creating environment descriptor '/root/ros2_ws/install/task5_tester/share/task5_tester/hook/pythonpath.dsv'
[2.823s] INFO:colcon.colcon_core.shell:Creating environment hook '/root/ros2_ws/install/task5_tester/share/task5_tester/hook/pythonpath.sh'
[2.824s] Level 1:colcon.colcon_core.environment:checking '/root/ros2_ws/install/task5_tester/bin'
[2.824s] Level 1:colcon.colcon_core.environment:create_environment_scripts_only(task5_tester)
[2.824s] INFO:colcon.colcon_core.shell:Creating package script '/root/ros2_ws/install/task5_tester/share/task5_tester/package.ps1'
[2.825s] INFO:colcon.colcon_core.shell:Creating package descriptor '/root/ros2_ws/install/task5_tester/share/task5_tester/package.dsv'
[2.825s] INFO:colcon.colcon_core.shell:Creating package script '/root/ros2_ws/install/task5_tester/share/task5_tester/package.sh'
[2.826s] INFO:colcon.colcon_core.shell:Creating package script '/root/ros2_ws/install/task5_tester/share/task5_tester/package.bash'
[2.826s] INFO:colcon.colcon_core.shell:Creating package script '/root/ros2_ws/install/task5_tester/share/task5_tester/package.zsh'
[2.826s] Level 1:colcon.colcon_core.environment:create_file_with_runtime_dependencies(/root/ros2_ws/install/task5_tester/share/colcon-core/packages/task5_tester)
[2.827s] DEBUG:colcon.colcon_parallel_executor.executor.parallel:closing loop
[2.827s] DEBUG:colcon.colcon_parallel_executor.executor.parallel:loop closed
[2.827s] DEBUG:colcon.colcon_parallel_executor.executor.parallel:run_until_complete finished with '0'
[2.827s] DEBUG:colcon.colcon_core.event_reactor:joining thread
[2.833s] INFO:colcon.colcon_core.plugin_system:Skipping extension 'colcon_notification.desktop_notification.notify_send': Could not find 'notify-send'
[2.833s] INFO:colcon.colcon_core.plugin_system:Skipping extension 'colcon_notification.desktop_notification.terminal_notifier': Not used on non-Darwin systems
[2.833s] INFO:colcon.colcon_core.plugin_system:Skipping extension 'colcon_notification.desktop_notification.win32': Not used on non-Windows systems
[2.833s] INFO:colcon.colcon_notification.desktop_notification:Sending desktop notification using 'notify2'
[2.836s] DEBUG:colcon.colcon_notification.desktop_notification.notify2:Failed to initialize notify2: org.freedesktop.DBus.Error.Spawn.ExecFailed: /usr/bin/dbus-launch terminated abnormally without any error message
[2.836s] DEBUG:colcon.colcon_core.event_reactor:joined thread
[2.837s] INFO:colcon.colcon_core.shell:Creating prefix script '/root/ros2_ws/install/local_setup.ps1'
[2.838s] INFO:colcon.colcon_core.shell:Creating prefix util module '/root/ros2_ws/install/_local_setup_util_ps1.py'
[2.839s] INFO:colcon.colcon_core.shell:Creating prefix chain script '/root/ros2_ws/install/setup.ps1'
[2.841s] INFO:colcon.colcon_core.shell:Creating prefix script '/root/ros2_ws/install/local_setup.sh'
[2.842s] INFO:colcon.colcon_core.shell:Creating prefix util module '/root/ros2_ws/install/_local_setup_util_sh.py'
[2.842s] INFO:colcon.colcon_core.shell:Creating prefix chain script '/root/ros2_ws/install/setup.sh'
[2.844s] INFO:colcon.colcon_core.shell:Creating prefix script '/root/ros2_ws/install/local_setup.bash'
[2.844s] INFO:colcon.colcon_core.shell:Creating prefix chain script '/root/ros2_ws/install/setup.bash'
[2.846s] INFO:colcon.colcon_core.shell:Creating prefix script '/root/ros2_ws/install/local_setup.zsh'
[2.847s] INFO:colcon.colcon_core.shell:Creating prefix chain script '/root/ros2_ws/install/setup.zsh'
